ISO-10303-21;
HEADER;
/* Generated by software containing ST-Developer
 * from STEP Tools, Inc. (www.steptools.com) 
 */

FILE_DESCRIPTION(
/* description */ (''),
/* implementation_level */ '2;1');

FILE_NAME(
/* name */ 'rear mount v3.step',
/* time_stamp */ '2026-08-21T08:44:23+05:30',
/* author */ (''),
/* organization */ (''),
/* preprocessor_version */ 'ST-DEVELOPER v20.1',
/* originating_system */ 'Autodesk Translation Framework v15.8.0.0',
/* authorisation */ '');

FILE_SCHEMA (('AUTOMOTIVE_DESIGN { 1 0 10303 214 3 1 1 }'));
ENDSEC;

DATA;
#10=MECHANICAL_DESIGN_GEOMETRIC_PRESENTATION_REPRESENTATION('',(#19,#20,
#21,#22),#4164);
#11=SHAPE_REPRESENTATION_RELATIONSHIP('SRR','None',#4170,#12);
#12=ADVANCED_BREP_SHAPE_REPRESENTATION('',(#23,#24,#25,#26),#4163);
#13=(
BOUNDED_SURFACE()
B_SPLINE_SURFACE(5,1,((#3707,#3708),(#3709,#3710),(#3711,#3712),(#3713,
#3714),(#3715,#3716),(#3717,#3718),(#3719,#3720),(#3721,#3722),(#3723,#3724),
(#3725,#3726),(#3727,#3728)),.UNSPECIFIED.,.F.,.F.,.F.)
B_SPLINE_SURFACE_WITH_KNOTS((6,1,1,1,1,1,6),(2,2),(0.475595945366836,0.48,
0.5,0.52,0.54,0.56,0.565040200160762),(0.,1.15),.UNSPECIFIED.)
GEOMETRIC_REPRESENTATION_ITEM()
RATIONAL_B_SPLINE_SURFACE(((1.,1.),(1.,1.),(1.,1.),(1.,1.),(1.,1.),(1.,
1.),(1.,1.),(1.,1.),(1.,1.),(1.,1.),(1.,1.)))
REPRESENTATION_ITEM('')
SURFACE()
);
#14=(
BOUNDED_SURFACE()
B_SPLINE_SURFACE(5,1,((#3733,#3734),(#3735,#3736),(#3737,#3738),(#3739,
#3740),(#3741,#3742),(#3743,#3744),(#3745,#3746),(#3747,#3748),(#3749,#3750),
(#3751,#3752),(#3753,#3754),(#3755,#3756)),.UNSPECIFIED.,.F.,.F.,.F.)
B_SPLINE_SURFACE_WITH_KNOTS((6,1,1,1,1,1,1,6),(2,2),(0.269943682932395,
0.28,0.3,0.32,0.34,0.36,0.38,0.381617566498795),(0.,1.15),.UNSPECIFIED.)
GEOMETRIC_REPRESENTATION_ITEM()
RATIONAL_B_SPLINE_SURFACE(((1.,1.),(1.,1.),(1.,1.),(1.,1.),(1.,1.),(1.,
1.),(1.,1.),(1.,1.),(1.,1.),(1.,1.),(1.,1.),(1.,1.)))
REPRESENTATION_ITEM('')
SURFACE()
);
#15=(
BOUNDED_SURFACE()
B_SPLINE_SURFACE(5,1,((#3760,#3761),(#3762,#3763),(#3764,#3765),(#3766,
#3767),(#3768,#3769),(#3770,#3771),(#3772,#3773),(#3774,#3775),(#3776,#3777),
(#3778,#3779)),.UNSPECIFIED.,.F.,.F.,.F.)
B_SPLINE_SURFACE_WITH_KNOTS((6,1,1,1,1,6),(2,2),(0.08878359790872,0.1,0.12,
0.14,0.16,0.1787196888043),(0.,1.15),.UNSPECIFIED.)
GEOMETRIC_REPRESENTATION_ITEM()
RATIONAL_B_SPLINE_SURFACE(((1.,1.),(1.,1.),(1.,1.),(1.,1.),(1.,1.),(1.,
1.),(1.,1.),(1.,1.),(1.,1.),(1.,1.)))
REPRESENTATION_ITEM('')
SURFACE()
);
#16=(
BOUNDED_SURFACE()
B_SPLINE_SURFACE(5,1,((#3785,#3786),(#3787,#3788),(#3789,#3790),(#3791,
#3792),(#3793,#3794),(#3795,#3796),(#3797,#3798),(#3799,#3800),(#3801,#3802),
(#3803,#3804),(#3805,#3806)),.UNSPECIFIED.,.F.,.F.,.F.)
B_SPLINE_SURFACE_WITH_KNOTS((6,1,1,1,1,1,6),(2,2),(0.891866661285971,0.9,
0.92,0.940000000000001,0.960000000000001,0.980000000000001,1.),(0.,1.15),
 .UNSPECIFIED.)
GEOMETRIC_REPRESENTATION_ITEM()
RATIONAL_B_SPLINE_SURFACE(((1.,1.),(1.,1.),(1.,1.),(1.,1.),(1.,1.),(1.,
1.),(1.,1.),(1.,1.),(1.,1.),(1.,1.),(1.,1.)))
REPRESENTATION_ITEM('')
SURFACE()
);
#17=(
BOUNDED_SURFACE()
B_SPLINE_SURFACE(5,1,((#3810,#3811),(#3812,#3813),(#3814,#3815),(#3816,
#3817),(#3818,#3819),(#3820,#3821),(#3822,#3823),(#3824,#3825),(#3826,#3827),
(#3828,#3829),(#3830,#3831),(#3832,#3833)),.UNSPECIFIED.,.F.,.F.,.F.)
B_SPLINE_SURFACE_WITH_KNOTS((6,1,1,1,1,1,1,6),(2,2),(0.75555647611711,0.76,
0.78,0.8,0.82,0.84,0.86,0.869534522688513),(0.,1.15),.UNSPECIFIED.)
GEOMETRIC_REPRESENTATION_ITEM()
RATIONAL_B_SPLINE_SURFACE(((1.,1.),(1.,1.),(1.,1.),(1.,1.),(1.,1.),(1.,
1.),(1.,1.),(1.,1.),(1.,1.),(1.,1.),(1.,1.),(1.,1.)))
REPRESENTATION_ITEM('')
SURFACE()
);
#18=(
BOUNDED_SURFACE()
B_SPLINE_SURFACE(5,1,((#3837,#3838),(#3839,#3840),(#3841,#3842),(#3843,
#3844),(#3845,#3846),(#3847,#3848),(#3849,#3850),(#3851,#3852),(#3853,#3854)),
 .UNSPECIFIED.,.F.,.F.,.F.)
B_SPLINE_SURFACE_WITH_KNOTS((6,1,1,1,6),(2,2),(0.593579435103653,0.6,0.62,
0.64,0.658309876051486),(0.,1.15),.UNSPECIFIED.)
GEOMETRIC_REPRESENTATION_ITEM()
RATIONAL_B_SPLINE_SURFACE(((1.,1.),(1.,1.),(1.,1.),(1.,1.),(1.,1.),(1.,
1.),(1.,1.),(1.,1.),(1.,1.)))
REPRESENTATION_ITEM('')
SURFACE()
);
#19=STYLED_ITEM('',(#4179),#23);
#20=STYLED_ITEM('',(#4179),#24);
#21=STYLED_ITEM('',(#4179),#25);
#22=STYLED_ITEM('',(#4179),#26);
#23=MANIFOLD_SOLID_BREP('Body8',#2029);
#24=MANIFOLD_SOLID_BREP('Body9',#2030);
#25=MANIFOLD_SOLID_BREP('Body14',#2031);
#26=MANIFOLD_SOLID_BREP('Body15',#2032);
#27=CYLINDRICAL_SURFACE('',#2058,1.5);
#28=CYLINDRICAL_SURFACE('',#2059,1.5);
#29=CYLINDRICAL_SURFACE('',#2060,1.5);
#30=CYLINDRICAL_SURFACE('',#2061,1.5);
#31=CYLINDRICAL_SURFACE('',#2062,1.5);
#32=CYLINDRICAL_SURFACE('',#2063,1.5);
#33=CYLINDRICAL_SURFACE('',#2064,1.475);
#34=CYLINDRICAL_SURFACE('',#2065,1.475);
#35=CYLINDRICAL_SURFACE('',#2119,1.5);
#36=CYLINDRICAL_SURFACE('',#2120,1.5);
#37=CYLINDRICAL_SURFACE('',#2121,1.5);
#38=CYLINDRICAL_SURFACE('',#2122,1.5);
#39=CYLINDRICAL_SURFACE('',#2123,1.5);
#40=CYLINDRICAL_SURFACE('',#2124,1.5);
#41=CYLINDRICAL_SURFACE('',#2125,1.5);
#42=CYLINDRICAL_SURFACE('',#2126,1.5);
#43=CYLINDRICAL_SURFACE('',#2127,1.5);
#44=CYLINDRICAL_SURFACE('',#2128,1.5);
#45=CYLINDRICAL_SURFACE('',#2129,1.5);
#46=CYLINDRICAL_SURFACE('',#2130,1.5);
#47=CYLINDRICAL_SURFACE('',#2131,1.475);
#48=CYLINDRICAL_SURFACE('',#2132,1.475);
#49=CYLINDRICAL_SURFACE('',#2133,1.5);
#50=CYLINDRICAL_SURFACE('',#2134,1.5);
#51=CYLINDRICAL_SURFACE('',#2135,1.5);
#52=CYLINDRICAL_SURFACE('',#2137,1.5);
#53=CYLINDRICAL_SURFACE('',#2138,1.5);
#54=CYLINDRICAL_SURFACE('',#2139,1.5);
#55=CYLINDRICAL_SURFACE('',#2147,1.5);
#56=CYLINDRICAL_SURFACE('',#2149,1.5);
#57=CYLINDRICAL_SURFACE('',#2151,1.5);
#58=CYLINDRICAL_SURFACE('',#2154,1.5);
#59=CYLINDRICAL_SURFACE('',#2156,1.5);
#60=CYLINDRICAL_SURFACE('',#2158,1.5);
#61=CYLINDRICAL_SURFACE('',#2161,1.5);
#62=CYLINDRICAL_SURFACE('',#2164,1.5);
#63=CYLINDRICAL_SURFACE('',#2178,1.5);
#64=CYLINDRICAL_SURFACE('',#2179,1.5);
#65=B_SPLINE_SURFACE_WITH_KNOTS('',3,1,((#2820,#2821),(#2822,#2823),(#2824,
#2825),(#2826,#2827),(#2828,#2829),(#2830,#2831)),.UNSPECIFIED.,.F.,.F.,
 .F.,(4,2,4),(2,2),(0.,0.0601846378746193,0.112423694231929),(0.,6.3),
 .UNSPECIFIED.);
#66=B_SPLINE_SURFACE_WITH_KNOTS('',3,1,((#2836,#2837),(#2838,#2839),(#2840,
#2841),(#2842,#2843),(#2844,#2845),(#2846,#2847)),.UNSPECIFIED.,.F.,.F.,
 .F.,(4,2,4),(2,2),(0.,0.0236432564930022,0.0483894232096049),(0.,6.3),
 .UNSPECIFIED.);
#67=B_SPLINE_SURFACE_WITH_KNOTS('',3,1,((#2851,#2852),(#2853,#2854),(#2855,
#2856),(#2857,#2858),(#2859,#2860),(#2861,#2862)),.UNSPECIFIED.,.F.,.F.,
 .F.,(4,2,4),(2,2),(0.,0.0476957668154251,0.0994288828503422),(0.,6.3),
 .UNSPECIFIED.);
#68=B_SPLINE_SURFACE_WITH_KNOTS('',3,1,((#2866,#2867),(#2868,#2869),(#2870,
#2871),(#2872,#2873),(#2874,#2875),(#2876,#2877)),.UNSPECIFIED.,.F.,.F.,
 .F.,(4,2,4),(2,2),(0.,0.0251771495641811,0.0490616111467479),(0.,6.3),
 .UNSPECIFIED.);
#69=B_SPLINE_SURFACE_WITH_KNOTS('',3,1,((#2881,#2882),(#2883,#2884),(#2885,
#2886),(#2887,#2888),(#2889,#2890),(#2891,#2892)),.UNSPECIFIED.,.F.,.F.,
 .F.,(4,2,4),(2,2),(0.,0.0194049546596896,0.038606460650957),(0.,6.3),
 .UNSPECIFIED.);
#70=B_SPLINE_SURFACE_WITH_KNOTS('',3,1,((#2896,#2897),(#2898,#2899),(#2900,
#2901),(#2902,#2903),(#2904,#2905),(#2906,#2907)),.UNSPECIFIED.,.F.,.F.,
 .F.,(4,2,4),(2,2),(0.,0.0547303660599326,0.110118731555155),(0.,6.3),
 .UNSPECIFIED.);
#71=B_SPLINE_SURFACE_WITH_KNOTS('',3,1,((#3523,#3524),(#3525,#3526),(#3527,
#3528),(#3529,#3530),(#3531,#3532),(#3533,#3534)),.UNSPECIFIED.,.F.,.F.,
 .F.,(4,2,4),(2,2),(-0.110118731555155,-0.0547303660599326,0.),(0.,8.6),
 .UNSPECIFIED.);
#72=B_SPLINE_SURFACE_WITH_KNOTS('',3,1,((#3537,#3538),(#3539,#3540),(#3541,
#3542),(#3543,#3544),(#3545,#3546),(#3547,#3548)),.UNSPECIFIED.,.F.,.F.,
 .F.,(4,2,4),(2,2),(-0.110118731555155,-0.0547303660599326,0.),(0.,8.6),
 .UNSPECIFIED.);
#73=B_SPLINE_SURFACE_WITH_KNOTS('',3,1,((#3557,#3558),(#3559,#3560),(#3561,
#3562),(#3563,#3564),(#3565,#3566),(#3567,#3568)),.UNSPECIFIED.,.F.,.F.,
 .F.,(4,2,4),(2,2),(-0.038606460650957,-0.0194049546596896,0.),(0.,8.6),
 .UNSPECIFIED.);
#74=B_SPLINE_SURFACE_WITH_KNOTS('',3,1,((#3570,#3571),(#3572,#3573),(#3574,
#3575),(#3576,#3577),(#3578,#3579),(#3580,#3581)),.UNSPECIFIED.,.F.,.F.,
 .F.,(4,2,4),(2,2),(-0.038606460650957,-0.0194049546596896,0.),(0.,8.6),
 .UNSPECIFIED.);
#75=B_SPLINE_SURFACE_WITH_KNOTS('',3,1,((#3583,#3584),(#3585,#3586),(#3587,
#3588),(#3589,#3590),(#3591,#3592),(#3593,#3594)),.UNSPECIFIED.,.F.,.F.,
 .F.,(4,2,4),(2,2),(-0.112423694231929,-0.0601846378746193,0.),(0.,8.6),
 .UNSPECIFIED.);
#76=B_SPLINE_SURFACE_WITH_KNOTS('',3,1,((#3602,#3603),(#3604,#3605),(#3606,
#3607),(#3608,#3609),(#3610,#3611),(#3612,#3613)),.UNSPECIFIED.,.F.,.F.,
 .F.,(4,2,4),(2,2),(-0.0490616111467479,-0.0251771495641811,0.),(0.,8.6),
 .UNSPECIFIED.);
#77=B_SPLINE_SURFACE_WITH_KNOTS('',3,1,((#3615,#3616),(#3617,#3618),(#3619,
#3620),(#3621,#3622),(#3623,#3624),(#3625,#3626)),.UNSPECIFIED.,.F.,.F.,
 .F.,(4,2,4),(2,2),(-0.0490616111467479,-0.0251771495641811,0.),(0.,8.6),
 .UNSPECIFIED.);
#78=B_SPLINE_SURFACE_WITH_KNOTS('',3,1,((#3628,#3629),(#3630,#3631),(#3632,
#3633),(#3634,#3635),(#3636,#3637),(#3638,#3639)),.UNSPECIFIED.,.F.,.F.,
 .F.,(4,2,4),(2,2),(-0.0483894232096049,-0.0236432564930022,0.),(0.,8.6),
 .UNSPECIFIED.);
#79=B_SPLINE_SURFACE_WITH_KNOTS('',3,1,((#3647,#3648),(#3649,#3650),(#3651,
#3652),(#3653,#3654),(#3655,#3656),(#3657,#3658)),.UNSPECIFIED.,.F.,.F.,
 .F.,(4,2,4),(2,2),(-0.0994288828503422,-0.0476957668154251,0.),(0.,8.6),
 .UNSPECIFIED.);
#80=B_SPLINE_SURFACE_WITH_KNOTS('',3,1,((#3659,#3660),(#3661,#3662),(#3663,
#3664),(#3665,#3666),(#3667,#3668),(#3669,#3670)),.UNSPECIFIED.,.F.,.F.,
 .F.,(4,2,4),(2,2),(-0.0994288828503422,-0.0476957668154251,0.),(0.,8.6),
 .UNSPECIFIED.);
#81=B_SPLINE_SURFACE_WITH_KNOTS('',3,1,((#3674,#3675),(#3676,#3677),(#3678,
#3679),(#3680,#3681),(#3682,#3683),(#3684,#3685)),.UNSPECIFIED.,.F.,.F.,
 .F.,(4,2,4),(2,2),(-0.0483894232096049,-0.0236432564930022,0.),(0.,8.6),
 .UNSPECIFIED.);
#82=B_SPLINE_SURFACE_WITH_KNOTS('',3,1,((#3689,#3690),(#3691,#3692),(#3693,
#3694),(#3695,#3696),(#3697,#3698),(#3699,#3700)),.UNSPECIFIED.,.F.,.F.,
 .F.,(4,2,4),(2,2),(-0.112423694231929,-0.0601846378746193,0.),(0.,8.6),
 .UNSPECIFIED.);
#83=B_SPLINE_SURFACE_WITH_KNOTS('',3,1,((#3914,#3915),(#3916,#3917),(#3918,
#3919),(#3920,#3921),(#3922,#3923),(#3924,#3925)),.UNSPECIFIED.,.F.,.F.,
 .F.,(4,2,4),(2,2),(0.,0.0251771495641811,0.0490616111467479),(-0.600003235021246,
10.),.UNSPECIFIED.);
#84=B_SPLINE_SURFACE_WITH_KNOTS('',3,1,((#3940,#3941),(#3942,#3943),(#3944,
#3945),(#3946,#3947),(#3948,#3949),(#3950,#3951)),.UNSPECIFIED.,.F.,.F.,
 .F.,(4,2,4),(2,2),(0.,0.0194049546596896,0.038606460650957),(-0.600000317073859,
10.),.UNSPECIFIED.);
#85=B_SPLINE_SURFACE_WITH_KNOTS('',3,1,((#3964,#3965),(#3966,#3967),(#3968,
#3969),(#3970,#3971),(#3972,#3973),(#3974,#3975)),.UNSPECIFIED.,.F.,.F.,
 .F.,(4,2,4),(2,2),(0.,0.0547303660599326,0.110118731555155),(-0.600007598216994,
10.),.UNSPECIFIED.);
#86=B_SPLINE_SURFACE_WITH_KNOTS('',3,1,((#3988,#3989),(#3990,#3991),(#3992,
#3993),(#3994,#3995),(#3996,#3997),(#3998,#3999)),.UNSPECIFIED.,.F.,.F.,
 .F.,(4,2,4),(2,2),(0.,0.0601846378746193,0.112423694231929),(-0.600002240201757,
10.),.UNSPECIFIED.);
#87=B_SPLINE_SURFACE_WITH_KNOTS('',3,1,((#4016,#4017),(#4018,#4019),(#4020,
#4021),(#4022,#4023),(#4024,#4025),(#4026,#4027)),.UNSPECIFIED.,.F.,.F.,
 .F.,(4,2,4),(2,2),(0.,0.0236432564930022,0.0483894232096049),(-0.600003441879053,
10.),.UNSPECIFIED.);
#88=B_SPLINE_SURFACE_WITH_KNOTS('',3,1,((#4040,#4041),(#4042,#4043),(#4044,
#4045),(#4046,#4047),(#4048,#4049),(#4050,#4051)),.UNSPECIFIED.,.F.,.F.,
 .F.,(4,2,4),(2,2),(0.,0.0476957668154251,0.0994288828503422),(-0.600009737277042,
10.),.UNSPECIFIED.);
#89=FACE_BOUND('',#359,.T.);
#90=FACE_BOUND('',#361,.T.);
#91=FACE_BOUND('',#362,.T.);
#92=FACE_BOUND('',#366,.T.);
#93=FACE_BOUND('',#368,.T.);
#94=FACE_BOUND('',#369,.T.);
#95=FACE_BOUND('',#387,.T.);
#96=FACE_BOUND('',#389,.T.);
#97=FACE_BOUND('',#390,.T.);
#98=FACE_BOUND('',#394,.T.);
#99=FACE_BOUND('',#395,.T.);
#100=FACE_BOUND('',#397,.T.);
#101=FACE_BOUND('',#398,.T.);
#102=FACE_BOUND('',#399,.T.);
#103=FACE_BOUND('',#402,.T.);
#104=FACE_BOUND('',#406,.T.);
#105=FACE_BOUND('',#407,.T.);
#106=FACE_BOUND('',#467,.T.);
#107=FACE_BOUND('',#468,.T.);
#108=FACE_BOUND('',#471,.T.);
#109=FACE_BOUND('',#472,.T.);
#110=FACE_BOUND('',#477,.T.);
#111=FACE_BOUND('',#478,.T.);
#112=FACE_BOUND('',#482,.T.);
#113=FACE_BOUND('',#483,.T.);
#114=CIRCLE('',#2036,1.5);
#115=CIRCLE('',#2037,1.5);
#116=CIRCLE('',#2038,1.5);
#117=CIRCLE('',#2039,1.5);
#118=CIRCLE('',#2040,1.5);
#119=CIRCLE('',#2041,1.5);
#120=CIRCLE('',#2043,1.475);
#121=CIRCLE('',#2044,1.475);
#122=CIRCLE('',#2048,1.5);
#123=CIRCLE('',#2049,1.5);
#124=CIRCLE('',#2050,1.5);
#125=CIRCLE('',#2051,1.5);
#126=CIRCLE('',#2052,1.5);
#127=CIRCLE('',#2053,1.5);
#128=CIRCLE('',#2055,1.475);
#129=CIRCLE('',#2056,1.475);
#130=CIRCLE('',#2068,1.5);
#131=CIRCLE('',#2069,1.5);
#132=CIRCLE('',#2070,1.5);
#133=CIRCLE('',#2071,1.5);
#134=CIRCLE('',#2072,1.5);
#135=CIRCLE('',#2073,1.5);
#136=CIRCLE('',#2075,1.475);
#137=CIRCLE('',#2076,1.475);
#138=CIRCLE('',#2080,1.5);
#139=CIRCLE('',#2081,1.5);
#140=CIRCLE('',#2082,1.5);
#141=CIRCLE('',#2083,1.5);
#142=CIRCLE('',#2084,1.5);
#143=CIRCLE('',#2085,1.5);
#144=CIRCLE('',#2086,1.5);
#145=CIRCLE('',#2087,1.5);
#146=CIRCLE('',#2088,1.5);
#147=CIRCLE('',#2089,1.5);
#148=CIRCLE('',#2090,1.5);
#149=CIRCLE('',#2091,1.5);
#150=CIRCLE('',#2093,1.475);
#151=CIRCLE('',#2094,1.475);
#152=CIRCLE('',#2097,1.5);
#153=CIRCLE('',#2098,1.5);
#154=CIRCLE('',#2099,1.5);
#155=CIRCLE('',#2100,1.5);
#156=CIRCLE('',#2101,1.5);
#157=CIRCLE('',#2102,1.5);
#158=CIRCLE('',#2106,1.5);
#159=CIRCLE('',#2107,1.5);
#160=CIRCLE('',#2108,1.5);
#161=CIRCLE('',#2109,1.5);
#162=CIRCLE('',#2110,1.5);
#163=CIRCLE('',#2111,1.5);
#164=CIRCLE('',#2112,1.5);
#165=CIRCLE('',#2113,1.5);
#166=CIRCLE('',#2114,1.5);
#167=CIRCLE('',#2115,1.5);
#168=CIRCLE('',#2116,1.5);
#169=CIRCLE('',#2117,1.5);
#170=CIRCLE('',#2141,1.5);
#171=CIRCLE('',#2142,1.5);
#172=CIRCLE('',#2143,1.5);
#173=CIRCLE('',#2144,1.5);
#174=CIRCLE('',#2145,1.5);
#175=CIRCLE('',#2146,1.5);
#176=CIRCLE('',#2148,1.5);
#177=CIRCLE('',#2150,1.5);
#178=CIRCLE('',#2152,1.5);
#179=CIRCLE('',#2155,1.5);
#180=CIRCLE('',#2157,1.5);
#181=CIRCLE('',#2159,1.5);
#182=CIRCLE('',#2162,1.5);
#183=CIRCLE('',#2163,1.5);
#184=CIRCLE('',#2165,1.5);
#185=CIRCLE('',#2166,1.5);
#186=CIRCLE('',#2169,1.5);
#187=CIRCLE('',#2172,1.5);
#188=CIRCLE('',#2177,1.5);
#189=CIRCLE('',#2180,1.5);
#190=B_SPLINE_CURVE_WITH_KNOTS('',3,(#2675,#2676,#2677,#2678,#2679,#2680,
#2681),.UNSPECIFIED.,.F.,.F.,(4,3,4),(0.,0.0251538663041234,0.0490162400753217),
 .UNSPECIFIED.);
#191=B_SPLINE_CURVE_WITH_KNOTS('',3,(#2685,#2686,#2687,#2688,#2689,#2690,
#2691),.UNSPECIFIED.,.F.,.F.,(4,3,4),(0.,0.0471880911725932,0.0983705578586831),
 .UNSPECIFIED.);
#192=B_SPLINE_CURVE_WITH_KNOTS('',3,(#2695,#2696,#2697,#2698,#2699,#2700,
#2701),.UNSPECIFIED.,.F.,.F.,(4,3,4),(0.,0.0236294293930698,0.0483611240034194),
 .UNSPECIFIED.);
#193=B_SPLINE_CURVE_WITH_KNOTS('',3,(#2705,#2706,#2707,#2708,#2709,#2710,
#2711),.UNSPECIFIED.,.F.,.F.,(4,3,4),(0.,0.0602634389381357,0.112570893035191),
 .UNSPECIFIED.);
#194=B_SPLINE_CURVE_WITH_KNOTS('',3,(#2715,#2716,#2717,#2718,#2719,#2720,
#2721),.UNSPECIFIED.,.F.,.F.,(4,3,4),(0.,0.0469113723759557,0.094386739819992),
 .UNSPECIFIED.);
#195=B_SPLINE_CURVE_WITH_KNOTS('',3,(#2725,#2726,#2727,#2728,#2729,#2730,
#2731),.UNSPECIFIED.,.F.,.F.,(4,3,4),(0.,0.0194052354664572,0.038607019320411),
 .UNSPECIFIED.);
#196=B_SPLINE_CURVE_WITH_KNOTS('',3,(#2756,#2757,#2758,#2759,#2760,#2761,
#2762),.UNSPECIFIED.,.F.,.F.,(4,3,4),(0.,0.0230193125369856,0.0472844889825513),
 .UNSPECIFIED.);
#197=B_SPLINE_CURVE_WITH_KNOTS('',3,(#2766,#2767,#2768,#2769,#2770,#2771,
#2772),.UNSPECIFIED.,.F.,.F.,(4,3,4),(0.,0.0192615780357026,0.0387272412303952),
 .UNSPECIFIED.);
#198=B_SPLINE_CURVE_WITH_KNOTS('',3,(#2776,#2777,#2778,#2779,#2780,#2781,
#2782),.UNSPECIFIED.,.F.,.F.,(4,3,4),(0.,0.0443940704340827,0.08826075081044),
 .UNSPECIFIED.);
#199=B_SPLINE_CURVE_WITH_KNOTS('',3,(#2786,#2787,#2788,#2789,#2790,#2791,
#2792),.UNSPECIFIED.,.F.,.F.,(4,3,4),(0.,0.052324736018752,0.112608085465837),
 .UNSPECIFIED.);
#200=B_SPLINE_CURVE_WITH_KNOTS('',3,(#2796,#2797,#2798,#2799,#2800,#2801,
#2802),.UNSPECIFIED.,.F.,.F.,(4,3,4),(0.,0.0251602295615557,0.049199094560698),
 .UNSPECIFIED.);
#201=B_SPLINE_CURVE_WITH_KNOTS('',3,(#2806,#2807,#2808,#2809,#2810,#2811,
#2812),.UNSPECIFIED.,.F.,.F.,(4,3,4),(0.,0.0430398521424036,0.0827207936532323),
 .UNSPECIFIED.);
#202=B_SPLINE_CURVE_WITH_KNOTS('',3,(#2935,#2936,#2937,#2938,#2939,#2940,
#2941),.UNSPECIFIED.,.F.,.F.,(4,3,4),(0.,0.0471880911725932,0.0983705578586831),
 .UNSPECIFIED.);
#203=B_SPLINE_CURVE_WITH_KNOTS('',3,(#2945,#2946,#2947,#2948,#2949,#2950,
#2951),.UNSPECIFIED.,.F.,.F.,(4,3,4),(0.,0.0236294293930698,0.0483611240034193),
 .UNSPECIFIED.);
#204=B_SPLINE_CURVE_WITH_KNOTS('',3,(#2955,#2956,#2957,#2958,#2959,#2960,
#2961),.UNSPECIFIED.,.F.,.F.,(4,3,4),(0.,0.0602634389381356,0.112570893035191),
 .UNSPECIFIED.);
#205=B_SPLINE_CURVE_WITH_KNOTS('',3,(#2965,#2966,#2967,#2968,#2969,#2970,
#2971),.UNSPECIFIED.,.F.,.F.,(4,3,4),(0.,0.0469113723759484,0.0943867398199772),
 .UNSPECIFIED.);
#206=B_SPLINE_CURVE_WITH_KNOTS('',3,(#2975,#2976,#2977,#2978,#2979,#2980,
#2981),.UNSPECIFIED.,.F.,.F.,(4,3,4),(0.,0.0194052354664572,0.038607019320411),
 .UNSPECIFIED.);
#207=B_SPLINE_CURVE_WITH_KNOTS('',3,(#2985,#2986,#2987,#2988,#2989,#2990,
#2991),.UNSPECIFIED.,.F.,.F.,(4,3,4),(0.,0.0251538663041234,0.0490162400753217),
 .UNSPECIFIED.);
#208=B_SPLINE_CURVE_WITH_KNOTS('',3,(#3016,#3017,#3018,#3019,#3020,#3021,
#3022),.UNSPECIFIED.,.F.,.F.,(4,3,4),(0.,0.0430398521424036,0.0827207936532323),
 .UNSPECIFIED.);
#209=B_SPLINE_CURVE_WITH_KNOTS('',3,(#3026,#3027,#3028,#3029,#3030,#3031,
#3032),.UNSPECIFIED.,.F.,.F.,(4,3,4),(0.,0.0230193125369856,0.0472844889825513),
 .UNSPECIFIED.);
#210=B_SPLINE_CURVE_WITH_KNOTS('',3,(#3036,#3037,#3038,#3039,#3040,#3041,
#3042),.UNSPECIFIED.,.F.,.F.,(4,3,4),(0.,0.0192615780357026,0.0387272412303952),
 .UNSPECIFIED.);
#211=B_SPLINE_CURVE_WITH_KNOTS('',3,(#3046,#3047,#3048,#3049,#3050,#3051,
#3052),.UNSPECIFIED.,.F.,.F.,(4,3,4),(0.,0.0443940704340826,0.0882607508104397),
 .UNSPECIFIED.);
#212=B_SPLINE_CURVE_WITH_KNOTS('',3,(#3056,#3057,#3058,#3059,#3060,#3061,
#3062),.UNSPECIFIED.,.F.,.F.,(4,3,4),(0.,0.052324736018752,0.112608085465837),
 .UNSPECIFIED.);
#213=B_SPLINE_CURVE_WITH_KNOTS('',3,(#3066,#3067,#3068,#3069,#3070,#3071,
#3072),.UNSPECIFIED.,.F.,.F.,(4,3,4),(0.,0.0251602295615557,0.049199094560698),
 .UNSPECIFIED.);
#214=B_SPLINE_CURVE_WITH_KNOTS('',3,(#3080,#3081,#3082,#3083,#3084,#3085,
#3086,#3087,#3088,#3089,#3090,#3091,#3092,#3093,#3094,#3095,#3096,#3097,
#3098,#3099,#3100,#3101),.UNSPECIFIED.,.F.,.F.,(4,3,3,3,3,3,3,4),(0.,0.0093969545258472,
0.0193573300374619,0.0271243662947918,0.034269907311857,0.0409980232843551,
0.0473786731682429,0.0492384565723058),.UNSPECIFIED.);
#215=B_SPLINE_CURVE_WITH_KNOTS('',3,(#3105,#3106,#3107,#3108,#3109,#3110,
#3111,#3112,#3113,#3114,#3115,#3116,#3117,#3118,#3119,#3120,#3121,#3122,
#3123,#3124,#3125,#3126,#3127,#3128,#3129,#3130,#3131,#3132,#3133,#3134,
#3135),.UNSPECIFIED.,.F.,.F.,(4,3,3,3,3,3,3,3,3,3,4),(0.,0.00764356156152976,
0.0156161641137713,0.0247771330414611,0.0351747199214197,0.0472712437637242,
0.0569932795100096,0.0658129472930071,0.0741791114686317,0.0818493832269349,
0.0825452756442561),.UNSPECIFIED.);
#216=B_SPLINE_CURVE_WITH_KNOTS('',3,(#3139,#3140,#3141,#3142,#3143,#3144,
#3145,#3146,#3147,#3148,#3149,#3150,#3151,#3152,#3153,#3154,#3155,#3156,
#3157,#3158,#3159,#3160),.UNSPECIFIED.,.F.,.F.,(4,3,3,3,3,3,3,4),(0.,0.00637016594155345,
0.0132088497374748,0.0206648580978883,0.0296421998040674,0.0385173025101545,
0.0459478746431585,0.0473924052162417),.UNSPECIFIED.);
#217=B_SPLINE_CURVE_WITH_KNOTS('',3,(#3164,#3165,#3166,#3167,#3168,#3169,
#3170,#3171,#3172,#3173,#3174,#3175,#3176),.UNSPECIFIED.,.F.,.F.,(4,3,3,
3,4),(0.,0.0131433108310428,0.0237830501363233,0.032388263405383,0.038726136265953),
 .UNSPECIFIED.);
#218=B_SPLINE_CURVE_WITH_KNOTS('',3,(#3180,#3181,#3182,#3183,#3184,#3185,
#3186,#3187,#3188,#3189,#3190,#3191,#3192,#3193,#3194,#3195,#3196,#3197,
#3198,#3199,#3200,#3201),.UNSPECIFIED.,.F.,.F.,(4,3,3,3,3,3,3,4),(0.,0.00991616720524044,
0.0207854709976531,0.0324390252574298,0.0454702725659667,0.0634520986431845,
0.0760767559846045,0.0882862305074429),.UNSPECIFIED.);
#219=B_SPLINE_CURVE_WITH_KNOTS('',3,(#3204,#3205,#3206,#3207,#3208,#3209,
#3210,#3211,#3212,#3213,#3214,#3215,#3216,#3217,#3218,#3219,#3220,#3221,
#3222),.UNSPECIFIED.,.F.,.F.,(4,3,3,3,3,3,4),(0.,0.0165687155471713,0.0337744934964266,
0.0519550373251033,0.0723541213734153,0.0960375135641547,0.112627109059013),
 .UNSPECIFIED.);
#220=B_SPLINE_CURVE_WITH_KNOTS('',3,(#3248,#3249,#3250,#3251,#3252,#3253,
#3254),.UNSPECIFIED.,.F.,.F.,(4,3,4),(0.,0.0430398521424036,0.0827207936532323),
 .UNSPECIFIED.);
#221=B_SPLINE_CURVE_WITH_KNOTS('',3,(#3258,#3259,#3260,#3261,#3262,#3263,
#3264),.UNSPECIFIED.,.F.,.F.,(4,3,4),(0.,0.0230193125369856,0.0472844889825513),
 .UNSPECIFIED.);
#222=B_SPLINE_CURVE_WITH_KNOTS('',3,(#3268,#3269,#3270,#3271,#3272,#3273,
#3274),.UNSPECIFIED.,.F.,.F.,(4,3,4),(0.,0.019261578035702,0.0387272412303938),
 .UNSPECIFIED.);
#223=B_SPLINE_CURVE_WITH_KNOTS('',3,(#3278,#3279,#3280,#3281,#3282,#3283,
#3284),.UNSPECIFIED.,.F.,.F.,(4,3,4),(0.,0.0443940704340827,0.08826075081044),
 .UNSPECIFIED.);
#224=B_SPLINE_CURVE_WITH_KNOTS('',3,(#3288,#3289,#3290,#3291,#3292,#3293,
#3294),.UNSPECIFIED.,.F.,.F.,(4,3,4),(0.,0.052324736018752,0.112608085465837),
 .UNSPECIFIED.);
#225=B_SPLINE_CURVE_WITH_KNOTS('',3,(#3298,#3299,#3300,#3301,#3302,#3303,
#3304),.UNSPECIFIED.,.F.,.F.,(4,3,4),(0.,0.0251602295615558,0.0491990945606981),
 .UNSPECIFIED.);
#226=B_SPLINE_CURVE_WITH_KNOTS('',3,(#3317,#3318,#3319,#3320,#3321,#3322,
#3323,#3324,#3325,#3326,#3327,#3328,#3329,#3330,#3331,#3332,#3333,#3334,
#3335),.UNSPECIFIED.,.F.,.F.,(4,3,3,3,3,3,4),(0.,0.0281059235579094,0.0491853662263414,
0.0676307802414528,0.085086336034997,0.101609875939547,0.112423694231638),
 .UNSPECIFIED.);
#227=B_SPLINE_CURVE_WITH_KNOTS('',3,(#3339,#3340,#3341,#3342,#3343,#3344,
#3345,#3346,#3347,#3348,#3349,#3350,#3351,#3352,#3353,#3354,#3355,#3356,
#3357,#3358,#3359,#3360,#3361,#3362,#3363),.UNSPECIFIED.,.F.,.F.,(4,3,3,
3,3,3,3,3,4),(0.,0.015475598770501,0.0339994719445424,0.0530292868483834,
0.0682702108609209,0.0823695702732027,0.0962441509165545,0.108615205950886,
0.110118731559906),.UNSPECIFIED.);
#228=B_SPLINE_CURVE_WITH_KNOTS('',3,(#3367,#3368,#3369,#3370,#3371,#3372,
#3373,#3374,#3375,#3376,#3377,#3378,#3379),.UNSPECIFIED.,.F.,.F.,(4,3,3,
3,4),(0.,0.00835248009743439,0.0176221834006472,0.0314994529549436,0.0386064606508201),
 .UNSPECIFIED.);
#229=B_SPLINE_CURVE_WITH_KNOTS('',3,(#3383,#3384,#3385,#3386,#3387,#3388,
#3389,#3390,#3391,#3392,#3393,#3394,#3395,#3396,#3397,#3398,#3399,#3400,
#3401,#3402,#3403,#3404),.UNSPECIFIED.,.F.,.F.,(4,3,3,3,3,3,3,4),(0.,0.00790423249505758,
0.0171499328461006,0.0256660639767714,0.0333226405050909,0.0403983738427856,
0.0468750381742457,0.0490616111474585),.UNSPECIFIED.);
#230=B_SPLINE_CURVE_WITH_KNOTS('',3,(#3408,#3409,#3410,#3411,#3412,#3413,
#3414,#3415,#3416,#3417,#3418,#3419,#3420,#3421,#3422,#3423,#3424,#3425,
#3426,#3427,#3428,#3429,#3430,#3431,#3432,#3433,#3434,#3435,#3436,#3437,
#3438),.UNSPECIFIED.,.F.,.F.,(4,3,3,3,3,3,3,3,3,3,4),(0.,0.00930629475846023,
0.0192087922103493,0.0305363023391877,0.0438017115054202,0.0577085043437981,
0.0690549094006457,0.0793956144526488,0.0894122486557902,0.0986056451098221,
0.0994288828589316),.UNSPECIFIED.);
#231=B_SPLINE_CURVE_WITH_KNOTS('',3,(#3442,#3443,#3444,#3445,#3446,#3447,
#3448,#3449,#3450,#3451,#3452,#3453,#3454,#3455,#3456,#3457,#3458,#3459,
#3460),.UNSPECIFIED.,.F.,.F.,(4,3,3,3,3,3,4),(0.,0.0063557108629469,0.013008899726389,
0.0201391252813664,0.0280987411925866,0.0396018673633621,0.0483894232092817),
 .UNSPECIFIED.);
#232=B_SPLINE_CURVE_WITH_KNOTS('',3,(#3464,#3465,#3466,#3467,#3468,#3469,
#3470),.UNSPECIFIED.,.F.,.F.,(4,3,4),(0.,0.0471880911725932,0.0983705578586831),
 .UNSPECIFIED.);
#233=B_SPLINE_CURVE_WITH_KNOTS('',3,(#3474,#3475,#3476,#3477,#3478,#3479,
#3480),.UNSPECIFIED.,.F.,.F.,(4,3,4),(0.,0.0236294293930698,0.0483611240034194),
 .UNSPECIFIED.);
#234=B_SPLINE_CURVE_WITH_KNOTS('',3,(#3484,#3485,#3486,#3487,#3488,#3489,
#3490),.UNSPECIFIED.,.F.,.F.,(4,3,4),(0.,0.0602634389381356,0.112570893035191),
 .UNSPECIFIED.);
#235=B_SPLINE_CURVE_WITH_KNOTS('',3,(#3494,#3495,#3496,#3497,#3498,#3499,
#3500),.UNSPECIFIED.,.F.,.F.,(4,3,4),(0.,0.0469113723759484,0.0943867398199773),
 .UNSPECIFIED.);
#236=B_SPLINE_CURVE_WITH_KNOTS('',3,(#3504,#3505,#3506,#3507,#3508,#3509,
#3510),.UNSPECIFIED.,.F.,.F.,(4,3,4),(0.,0.0194052354664586,0.0386070193204137),
 .UNSPECIFIED.);
#237=B_SPLINE_CURVE_WITH_KNOTS('',3,(#3514,#3515,#3516,#3517,#3518,#3519,
#3520),.UNSPECIFIED.,.F.,.F.,(4,3,4),(0.,0.0251538663041234,0.0490162400753217),
 .UNSPECIFIED.);
#238=B_SPLINE_CURVE_WITH_KNOTS('',3,(#3862,#3863,#3864,#3865,#3866,#3867),
 .UNSPECIFIED.,.F.,.F.,(4,2,4),(-0.0490616111467479,-0.0251771495641811,
0.),.UNSPECIFIED.);
#239=B_SPLINE_CURVE_WITH_KNOTS('',3,(#3871,#3872,#3873,#3874,#3875,#3876),
 .UNSPECIFIED.,.F.,.F.,(4,2,4),(-0.038606460650957,-0.0194049546596896,
0.),.UNSPECIFIED.);
#240=B_SPLINE_CURVE_WITH_KNOTS('',3,(#3880,#3881,#3882,#3883,#3884,#3885),
 .UNSPECIFIED.,.F.,.F.,(4,2,4),(-0.110118731555155,-0.0547303660599326,
0.),.UNSPECIFIED.);
#241=B_SPLINE_CURVE_WITH_KNOTS('',3,(#3889,#3890,#3891,#3892,#3893,#3894),
 .UNSPECIFIED.,.F.,.F.,(4,2,4),(-0.112423694231929,-0.0601846378746193,
0.),.UNSPECIFIED.);
#242=B_SPLINE_CURVE_WITH_KNOTS('',3,(#3900,#3901,#3902,#3903,#3904,#3905),
 .UNSPECIFIED.,.F.,.F.,(4,2,4),(-0.0483894232096049,-0.0236432564930022,
0.),.UNSPECIFIED.);
#243=B_SPLINE_CURVE_WITH_KNOTS('',3,(#3908,#3909,#3910,#3911,#3912,#3913),
 .UNSPECIFIED.,.F.,.F.,(4,2,4),(-0.0994288828503422,-0.0476957668154251,
0.),.UNSPECIFIED.);
#244=B_SPLINE_CURVE_WITH_KNOTS('',3,(#3929,#3930,#3931,#3932,#3933,#3934),
 .UNSPECIFIED.,.F.,.F.,(4,2,4),(0.,0.0251771495641811,0.0490616111467479),
 .UNSPECIFIED.);
#245=B_SPLINE_CURVE_WITH_KNOTS('',3,(#3953,#3954,#3955,#3956,#3957,#3958),
 .UNSPECIFIED.,.F.,.F.,(4,2,4),(0.,0.0194049546596896,0.038606460650957),
 .UNSPECIFIED.);
#246=B_SPLINE_CURVE_WITH_KNOTS('',3,(#3977,#3978,#3979,#3980,#3981,#3982),
 .UNSPECIFIED.,.F.,.F.,(4,2,4),(0.,0.0547303660599326,0.110118731555155),
 .UNSPECIFIED.);
#247=B_SPLINE_CURVE_WITH_KNOTS('',3,(#4001,#4002,#4003,#4004,#4005,#4006),
 .UNSPECIFIED.,.F.,.F.,(4,2,4),(0.,0.0601846378746193,0.112423694231929),
 .UNSPECIFIED.);
#248=B_SPLINE_CURVE_WITH_KNOTS('',3,(#4029,#4030,#4031,#4032,#4033,#4034),
 .UNSPECIFIED.,.F.,.F.,(4,2,4),(0.,0.0236432564930022,0.0483894232096049),
 .UNSPECIFIED.);
#249=B_SPLINE_CURVE_WITH_KNOTS('',3,(#4053,#4054,#4055,#4056,#4057,#4058),
 .UNSPECIFIED.,.F.,.F.,(4,2,4),(0.,0.0476957668154251,0.0994288828503422),
 .UNSPECIFIED.);
#250=FACE_OUTER_BOUND('',#357,.T.);
#251=FACE_OUTER_BOUND('',#358,.T.);
#252=FACE_OUTER_BOUND('',#360,.T.);
#253=FACE_OUTER_BOUND('',#363,.T.);
#254=FACE_OUTER_BOUND('',#364,.T.);
#255=FACE_OUTER_BOUND('',#365,.T.);
#256=FACE_OUTER_BOUND('',#367,.T.);
#257=FACE_OUTER_BOUND('',#370,.T.);
#258=FACE_OUTER_BOUND('',#371,.T.);
#259=FACE_OUTER_BOUND('',#372,.T.);
#260=FACE_OUTER_BOUND('',#373,.T.);
#261=FACE_OUTER_BOUND('',#374,.T.);
#262=FACE_OUTER_BOUND('',#375,.T.);
#263=FACE_OUTER_BOUND('',#376,.T.);
#264=FACE_OUTER_BOUND('',#377,.T.);
#265=FACE_OUTER_BOUND('',#378,.T.);
#266=FACE_OUTER_BOUND('',#379,.T.);
#267=FACE_OUTER_BOUND('',#380,.T.);
#268=FACE_OUTER_BOUND('',#381,.T.);
#269=FACE_OUTER_BOUND('',#382,.T.);
#270=FACE_OUTER_BOUND('',#383,.T.);
#271=FACE_OUTER_BOUND('',#384,.T.);
#272=FACE_OUTER_BOUND('',#385,.T.);
#273=FACE_OUTER_BOUND('',#386,.T.);
#274=FACE_OUTER_BOUND('',#388,.T.);
#275=FACE_OUTER_BOUND('',#391,.T.);
#276=FACE_OUTER_BOUND('',#392,.T.);
#277=FACE_OUTER_BOUND('',#393,.T.);
#278=FACE_OUTER_BOUND('',#396,.T.);
#279=FACE_OUTER_BOUND('',#400,.T.);
#280=FACE_OUTER_BOUND('',#401,.T.);
#281=FACE_OUTER_BOUND('',#403,.T.);
#282=FACE_OUTER_BOUND('',#404,.T.);
#283=FACE_OUTER_BOUND('',#405,.T.);
#284=FACE_OUTER_BOUND('',#408,.T.);
#285=FACE_OUTER_BOUND('',#409,.T.);
#286=FACE_OUTER_BOUND('',#410,.T.);
#287=FACE_OUTER_BOUND('',#411,.T.);
#288=FACE_OUTER_BOUND('',#412,.T.);
#289=FACE_OUTER_BOUND('',#413,.T.);
#290=FACE_OUTER_BOUND('',#414,.T.);
#291=FACE_OUTER_BOUND('',#415,.T.);
#292=FACE_OUTER_BOUND('',#416,.T.);
#293=FACE_OUTER_BOUND('',#417,.T.);
#294=FACE_OUTER_BOUND('',#418,.T.);
#295=FACE_OUTER_BOUND('',#419,.T.);
#296=FACE_OUTER_BOUND('',#420,.T.);
#297=FACE_OUTER_BOUND('',#421,.T.);
#298=FACE_OUTER_BOUND('',#422,.T.);
#299=FACE_OUTER_BOUND('',#423,.T.);
#300=FACE_OUTER_BOUND('',#424,.T.);
#301=FACE_OUTER_BOUND('',#425,.T.);
#302=FACE_OUTER_BOUND('',#426,.T.);
#303=FACE_OUTER_BOUND('',#427,.T.);
#304=FACE_OUTER_BOUND('',#428,.T.);
#305=FACE_OUTER_BOUND('',#429,.T.);
#306=FACE_OUTER_BOUND('',#430,.T.);
#307=FACE_OUTER_BOUND('',#431,.T.);
#308=FACE_OUTER_BOUND('',#432,.T.);
#309=FACE_OUTER_BOUND('',#433,.T.);
#310=FACE_OUTER_BOUND('',#434,.T.);
#311=FACE_OUTER_BOUND('',#435,.T.);
#312=FACE_OUTER_BOUND('',#436,.T.);
#313=FACE_OUTER_BOUND('',#437,.T.);
#314=FACE_OUTER_BOUND('',#438,.T.);
#315=FACE_OUTER_BOUND('',#439,.T.);
#316=FACE_OUTER_BOUND('',#440,.T.);
#317=FACE_OUTER_BOUND('',#441,.T.);
#318=FACE_OUTER_BOUND('',#442,.T.);
#319=FACE_OUTER_BOUND('',#443,.T.);
#320=FACE_OUTER_BOUND('',#444,.T.);
#321=FACE_OUTER_BOUND('',#445,.T.);
#322=FACE_OUTER_BOUND('',#446,.T.);
#323=FACE_OUTER_BOUND('',#447,.T.);
#324=FACE_OUTER_BOUND('',#448,.T.);
#325=FACE_OUTER_BOUND('',#449,.T.);
#326=FACE_OUTER_BOUND('',#450,.T.);
#327=FACE_OUTER_BOUND('',#451,.T.);
#328=FACE_OUTER_BOUND('',#452,.T.);
#329=FACE_OUTER_BOUND('',#453,.T.);
#330=FACE_OUTER_BOUND('',#454,.T.);
#331=FACE_OUTER_BOUND('',#455,.T.);
#332=FACE_OUTER_BOUND('',#456,.T.);
#333=FACE_OUTER_BOUND('',#457,.T.);
#334=FACE_OUTER_BOUND('',#458,.T.);
#335=FACE_OUTER_BOUND('',#459,.T.);
#336=FACE_OUTER_BOUND('',#460,.T.);
#337=FACE_OUTER_BOUND('',#461,.T.);
#338=FACE_OUTER_BOUND('',#462,.T.);
#339=FACE_OUTER_BOUND('',#463,.T.);
#340=FACE_OUTER_BOUND('',#464,.T.);
#341=FACE_OUTER_BOUND('',#465,.T.);
#342=FACE_OUTER_BOUND('',#466,.T.);
#343=FACE_OUTER_BOUND('',#469,.T.);
#344=FACE_OUTER_BOUND('',#470,.T.);
#345=FACE_OUTER_BOUND('',#473,.T.);
#346=FACE_OUTER_BOUND('',#474,.T.);
#347=FACE_OUTER_BOUND('',#475,.T.);
#348=FACE_OUTER_BOUND('',#476,.T.);
#349=FACE_OUTER_BOUND('',#479,.T.);
#350=FACE_OUTER_BOUND('',#480,.T.);
#351=FACE_OUTER_BOUND('',#481,.T.);
#352=FACE_OUTER_BOUND('',#484,.T.);
#353=FACE_OUTER_BOUND('',#485,.T.);
#354=FACE_OUTER_BOUND('',#486,.T.);
#355=FACE_OUTER_BOUND('',#487,.T.);
#356=FACE_OUTER_BOUND('',#488,.T.);
#357=EDGE_LOOP('',(#1295,#1296,#1297,#1298,#1299,#1300));
#358=EDGE_LOOP('',(#1301,#1302,#1303,#1304));
#359=EDGE_LOOP('',(#1305,#1306,#1307,#1308,#1309,#1310,#1311,#1312,#1313,
#1314,#1315,#1316));
#360=EDGE_LOOP('',(#1317,#1318,#1319,#1320));
#361=EDGE_LOOP('',(#1321));
#362=EDGE_LOOP('',(#1322));
#363=EDGE_LOOP('',(#1323,#1324,#1325,#1326));
#364=EDGE_LOOP('',(#1327,#1328,#1329,#1330,#1331,#1332));
#365=EDGE_LOOP('',(#1333,#1334,#1335,#1336));
#366=EDGE_LOOP('',(#1337,#1338,#1339,#1340,#1341,#1342,#1343,#1344,#1345,
#1346,#1347,#1348));
#367=EDGE_LOOP('',(#1349,#1350,#1351,#1352));
#368=EDGE_LOOP('',(#1353));
#369=EDGE_LOOP('',(#1354));
#370=EDGE_LOOP('',(#1355,#1356,#1357,#1358));
#371=EDGE_LOOP('',(#1359,#1360,#1361,#1362));
#372=EDGE_LOOP('',(#1363,#1364,#1365,#1366));
#373=EDGE_LOOP('',(#1367,#1368,#1369,#1370));
#374=EDGE_LOOP('',(#1371,#1372,#1373,#1374));
#375=EDGE_LOOP('',(#1375,#1376,#1377,#1378));
#376=EDGE_LOOP('',(#1379,#1380,#1381,#1382));
#377=EDGE_LOOP('',(#1383,#1384,#1385,#1386));
#378=EDGE_LOOP('',(#1387,#1388,#1389,#1390));
#379=EDGE_LOOP('',(#1391,#1392,#1393,#1394));
#380=EDGE_LOOP('',(#1395,#1396,#1397,#1398));
#381=EDGE_LOOP('',(#1399,#1400,#1401,#1402));
#382=EDGE_LOOP('',(#1403,#1404,#1405,#1406));
#383=EDGE_LOOP('',(#1407,#1408,#1409,#1410));
#384=EDGE_LOOP('',(#1411,#1412,#1413,#1414));
#385=EDGE_LOOP('',(#1415,#1416,#1417,#1418,#1419,#1420));
#386=EDGE_LOOP('',(#1421,#1422,#1423,#1424));
#387=EDGE_LOOP('',(#1425,#1426,#1427,#1428,#1429,#1430,#1431,#1432,#1433,
#1434,#1435,#1436));
#388=EDGE_LOOP('',(#1437,#1438,#1439,#1440));
#389=EDGE_LOOP('',(#1441));
#390=EDGE_LOOP('',(#1442));
#391=EDGE_LOOP('',(#1443,#1444,#1445,#1446));
#392=EDGE_LOOP('',(#1447,#1448,#1449,#1450,#1451,#1452));
#393=EDGE_LOOP('',(#1453,#1454,#1455,#1456));
#394=EDGE_LOOP('',(#1457,#1458,#1459,#1460,#1461,#1462,#1463,#1464,#1465,
#1466,#1467,#1468));
#395=EDGE_LOOP('',(#1469,#1470,#1471,#1472,#1473,#1474,#1475,#1476,#1477,
#1478,#1479,#1480,#1481));
#396=EDGE_LOOP('',(#1482,#1483,#1484,#1485));
#397=EDGE_LOOP('',(#1486,#1487,#1488,#1489));
#398=EDGE_LOOP('',(#1490));
#399=EDGE_LOOP('',(#1491));
#400=EDGE_LOOP('',(#1492,#1493,#1494,#1495));
#401=EDGE_LOOP('',(#1496,#1497,#1498,#1499));
#402=EDGE_LOOP('',(#1500,#1501,#1502,#1503,#1504,#1505,#1506,#1507,#1508,
#1509,#1510,#1511));
#403=EDGE_LOOP('',(#1512,#1513,#1514,#1515));
#404=EDGE_LOOP('',(#1516,#1517,#1518,#1519));
#405=EDGE_LOOP('',(#1520,#1521,#1522,#1523));
#406=EDGE_LOOP('',(#1524,#1525,#1526,#1527,#1528,#1529,#1530,#1531,#1532,
#1533,#1534,#1535,#1536));
#407=EDGE_LOOP('',(#1537,#1538,#1539,#1540,#1541,#1542,#1543,#1544,#1545,
#1546,#1547,#1548));
#408=EDGE_LOOP('',(#1549,#1550,#1551,#1552));
#409=EDGE_LOOP('',(#1553,#1554,#1555,#1556));
#410=EDGE_LOOP('',(#1557,#1558,#1559,#1560));
#411=EDGE_LOOP('',(#1561,#1562,#1563,#1564));
#412=EDGE_LOOP('',(#1565,#1566,#1567,#1568));
#413=EDGE_LOOP('',(#1569,#1570,#1571,#1572));
#414=EDGE_LOOP('',(#1573,#1574,#1575,#1576));
#415=EDGE_LOOP('',(#1577,#1578,#1579,#1580));
#416=EDGE_LOOP('',(#1581,#1582,#1583,#1584));
#417=EDGE_LOOP('',(#1585,#1586,#1587,#1588));
#418=EDGE_LOOP('',(#1589,#1590,#1591,#1592));
#419=EDGE_LOOP('',(#1593,#1594,#1595,#1596));
#420=EDGE_LOOP('',(#1597,#1598,#1599,#1600));
#421=EDGE_LOOP('',(#1601,#1602,#1603,#1604));
#422=EDGE_LOOP('',(#1605,#1606,#1607,#1608));
#423=EDGE_LOOP('',(#1609,#1610,#1611,#1612));
#424=EDGE_LOOP('',(#1613,#1614,#1615,#1616));
#425=EDGE_LOOP('',(#1617,#1618,#1619,#1620));
#426=EDGE_LOOP('',(#1621,#1622,#1623,#1624));
#427=EDGE_LOOP('',(#1625,#1626,#1627,#1628));
#428=EDGE_LOOP('',(#1629,#1630,#1631,#1632));
#429=EDGE_LOOP('',(#1633,#1634,#1635,#1636));
#430=EDGE_LOOP('',(#1637,#1638,#1639,#1640));
#431=EDGE_LOOP('',(#1641,#1642,#1643,#1644));
#432=EDGE_LOOP('',(#1645,#1646,#1647,#1648));
#433=EDGE_LOOP('',(#1649,#1650,#1651,#1652));
#434=EDGE_LOOP('',(#1653,#1654,#1655,#1656));
#435=EDGE_LOOP('',(#1657,#1658,#1659,#1660));
#436=EDGE_LOOP('',(#1661,#1662,#1663,#1664));
#437=EDGE_LOOP('',(#1665,#1666,#1667,#1668));
#438=EDGE_LOOP('',(#1669,#1670,#1671,#1672));
#439=EDGE_LOOP('',(#1673,#1674,#1675,#1676));
#440=EDGE_LOOP('',(#1677,#1678,#1679,#1680));
#441=EDGE_LOOP('',(#1681,#1682,#1683,#1684));
#442=EDGE_LOOP('',(#1685,#1686,#1687,#1688));
#443=EDGE_LOOP('',(#1689,#1690,#1691,#1692));
#444=EDGE_LOOP('',(#1693,#1694,#1695,#1696));
#445=EDGE_LOOP('',(#1697,#1698,#1699,#1700));
#446=EDGE_LOOP('',(#1701,#1702,#1703,#1704));
#447=EDGE_LOOP('',(#1705,#1706,#1707,#1708));
#448=EDGE_LOOP('',(#1709,#1710,#1711,#1712,#1713,#1714,#1715,#1716,#1717,
#1718,#1719,#1720,#1721));
#449=EDGE_LOOP('',(#1722,#1723,#1724,#1725));
#450=EDGE_LOOP('',(#1726,#1727,#1728,#1729));
#451=EDGE_LOOP('',(#1730,#1731,#1732,#1733));
#452=EDGE_LOOP('',(#1734,#1735,#1736,#1737));
#453=EDGE_LOOP('',(#1738,#1739,#1740,#1741));
#454=EDGE_LOOP('',(#1742,#1743,#1744,#1745));
#455=EDGE_LOOP('',(#1746,#1747,#1748,#1749));
#456=EDGE_LOOP('',(#1750,#1751,#1752,#1753));
#457=EDGE_LOOP('',(#1754,#1755,#1756,#1757));
#458=EDGE_LOOP('',(#1758,#1759,#1760,#1761));
#459=EDGE_LOOP('',(#1762,#1763,#1764,#1765));
#460=EDGE_LOOP('',(#1766,#1767,#1768,#1769));
#461=EDGE_LOOP('',(#1770,#1771,#1772,#1773));
#462=EDGE_LOOP('',(#1774,#1775,#1776,#1777,#1778,#1779,#1780,#1781,#1782,
#1783,#1784,#1785,#1786));
#463=EDGE_LOOP('',(#1787,#1788,#1789,#1790));
#464=EDGE_LOOP('',(#1791,#1792,#1793,#1794));
#465=EDGE_LOOP('',(#1795,#1796,#1797,#1798,#1799,#1800,#1801,#1802,#1803,
#1804,#1805,#1806));
#466=EDGE_LOOP('',(#1807,#1808,#1809,#1810));
#467=EDGE_LOOP('',(#1811));
#468=EDGE_LOOP('',(#1812));
#469=EDGE_LOOP('',(#1813,#1814,#1815,#1816));
#470=EDGE_LOOP('',(#1817,#1818,#1819,#1820));
#471=EDGE_LOOP('',(#1821));
#472=EDGE_LOOP('',(#1822));
#473=EDGE_LOOP('',(#1823,#1824,#1825,#1826));
#474=EDGE_LOOP('',(#1827,#1828,#1829,#1830));
#475=EDGE_LOOP('',(#1831,#1832,#1833,#1834));
#476=EDGE_LOOP('',(#1835,#1836,#1837,#1838));
#477=EDGE_LOOP('',(#1839));
#478=EDGE_LOOP('',(#1840));
#479=EDGE_LOOP('',(#1841,#1842,#1843,#1844));
#480=EDGE_LOOP('',(#1845,#1846,#1847,#1848));
#481=EDGE_LOOP('',(#1849,#1850,#1851,#1852));
#482=EDGE_LOOP('',(#1853));
#483=EDGE_LOOP('',(#1854));
#484=EDGE_LOOP('',(#1855,#1856,#1857,#1858));
#485=EDGE_LOOP('',(#1859,#1860,#1861,#1862));
#486=EDGE_LOOP('',(#1863,#1864,#1865,#1866));
#487=EDGE_LOOP('',(#1867,#1868,#1869,#1870));
#488=EDGE_LOOP('',(#1871,#1872,#1873,#1874,#1875,#1876,#1877,#1878,#1879,
#1880,#1881,#1882));
#489=LINE('',#2657,#647);
#490=LINE('',#2659,#648);
#491=LINE('',#2661,#649);
#492=LINE('',#2663,#650);
#493=LINE('',#2665,#651);
#494=LINE('',#2666,#652);
#495=LINE('',#2669,#653);
#496=LINE('',#2671,#654);
#497=LINE('',#2672,#655);
#498=LINE('',#2735,#656);
#499=LINE('',#2736,#657);
#500=LINE('',#2743,#658);
#501=LINE('',#2744,#659);
#502=LINE('',#2747,#660);
#503=LINE('',#2749,#661);
#504=LINE('',#2750,#662);
#505=LINE('',#2752,#663);
#506=LINE('',#2753,#664);
#507=LINE('',#2832,#665);
#508=LINE('',#2833,#666);
#509=LINE('',#2835,#667);
#510=LINE('',#2848,#668);
#511=LINE('',#2850,#669);
#512=LINE('',#2863,#670);
#513=LINE('',#2865,#671);
#514=LINE('',#2878,#672);
#515=LINE('',#2880,#673);
#516=LINE('',#2893,#674);
#517=LINE('',#2895,#675);
#518=LINE('',#2908,#676);
#519=LINE('',#2911,#677);
#520=LINE('',#2913,#678);
#521=LINE('',#2917,#679);
#522=LINE('',#2919,#680);
#523=LINE('',#2921,#681);
#524=LINE('',#2923,#682);
#525=LINE('',#2925,#683);
#526=LINE('',#2926,#684);
#527=LINE('',#2929,#685);
#528=LINE('',#2931,#686);
#529=LINE('',#2932,#687);
#530=LINE('',#2995,#688);
#531=LINE('',#2996,#689);
#532=LINE('',#3003,#690);
#533=LINE('',#3004,#691);
#534=LINE('',#3007,#692);
#535=LINE('',#3009,#693);
#536=LINE('',#3010,#694);
#537=LINE('',#3012,#695);
#538=LINE('',#3013,#696);
#539=LINE('',#3076,#697);
#540=LINE('',#3226,#698);
#541=LINE('',#3228,#699);
#542=LINE('',#3230,#700);
#543=LINE('',#3231,#701);
#544=LINE('',#3238,#702);
#545=LINE('',#3240,#703);
#546=LINE('',#3241,#704);
#547=LINE('',#3244,#705);
#548=LINE('',#3245,#706);
#549=LINE('',#3308,#707);
#550=LINE('',#3309,#708);
#551=LINE('',#3312,#709);
#552=LINE('',#3315,#710);
#553=LINE('',#3535,#711);
#554=LINE('',#3536,#712);
#555=LINE('',#3549,#713);
#556=LINE('',#3550,#714);
#557=LINE('',#3552,#715);
#558=LINE('',#3554,#716);
#559=LINE('',#3556,#717);
#560=LINE('',#3569,#718);
#561=LINE('',#3582,#719);
#562=LINE('',#3595,#720);
#563=LINE('',#3597,#721);
#564=LINE('',#3599,#722);
#565=LINE('',#3601,#723);
#566=LINE('',#3614,#724);
#567=LINE('',#3627,#725);
#568=LINE('',#3640,#726);
#569=LINE('',#3642,#727);
#570=LINE('',#3644,#728);
#571=LINE('',#3646,#729);
#572=LINE('',#3671,#730);
#573=LINE('',#3673,#731);
#574=LINE('',#3686,#732);
#575=LINE('',#3688,#733);
#576=LINE('',#3701,#734);
#577=LINE('',#3704,#735);
#578=LINE('',#3706,#736);
#579=LINE('',#3729,#737);
#580=LINE('',#3730,#738);
#581=LINE('',#3732,#739);
#582=LINE('',#3757,#740);
#583=LINE('',#3759,#741);
#584=LINE('',#3780,#742);
#585=LINE('',#3782,#743);
#586=LINE('',#3784,#744);
#587=LINE('',#3807,#745);
#588=LINE('',#3809,#746);
#589=LINE('',#3834,#747);
#590=LINE('',#3836,#748);
#591=LINE('',#3855,#749);
#592=LINE('',#3896,#750);
#593=LINE('',#3927,#751);
#594=LINE('',#3935,#752);
#595=LINE('',#3939,#753);
#596=LINE('',#3959,#754);
#597=LINE('',#3963,#755);
#598=LINE('',#3983,#756);
#599=LINE('',#3987,#757);
#600=LINE('',#4007,#758);
#601=LINE('',#4010,#759);
#602=LINE('',#4011,#760);
#603=LINE('',#4015,#761);
#604=LINE('',#4035,#762);
#605=LINE('',#4039,#763);
#606=LINE('',#4059,#764);
#607=LINE('',#4067,#765);
#608=LINE('',#4073,#766);
#609=LINE('',#4078,#767);
#610=LINE('',#4080,#768);
#611=LINE('',#4082,#769);
#612=LINE('',#4084,#770);
#613=LINE('',#4086,#771);
#614=LINE('',#4088,#772);
#615=LINE('',#4090,#773);
#616=LINE('',#4092,#774);
#617=LINE('',#4094,#775);
#618=LINE('',#4096,#776);
#619=LINE('',#4098,#777);
#620=LINE('',#4099,#778);
#621=LINE('',#4102,#779);
#622=LINE('',#4104,#780);
#623=LINE('',#4105,#781);
#624=LINE('',#4110,#782);
#625=LINE('',#4111,#783);
#626=LINE('',#4114,#784);
#627=LINE('',#4115,#785);
#628=LINE('',#4120,#786);
#629=LINE('',#4121,#787);
#630=LINE('',#4124,#788);
#631=LINE('',#4125,#789);
#632=LINE('',#4128,#790);
#633=LINE('',#4129,#791);
#634=LINE('',#4132,#792);
#635=LINE('',#4134,#793);
#636=LINE('',#4135,#794);
#637=LINE('',#4139,#795);
#638=LINE('',#4143,#796);
#639=LINE('',#4146,#797);
#640=LINE('',#4147,#798);
#641=LINE('',#4149,#799);
#642=LINE('',#4152,#800);
#643=LINE('',#4153,#801);
#644=LINE('',#4156,#802);
#645=LINE('',#4157,#803);
#646=LINE('',#4159,#804);
#647=VECTOR('',#2191,10.);
#648=VECTOR('',#2192,10.);
#649=VECTOR('',#2193,10.);
#650=VECTOR('',#2194,10.);
#651=VECTOR('',#2195,10.);
#652=VECTOR('',#2196,10.);
#653=VECTOR('',#2199,10.);
#654=VECTOR('',#2200,10.);
#655=VECTOR('',#2201,10.);
#656=VECTOR('',#2216,10.);
#657=VECTOR('',#2217,10.);
#658=VECTOR('',#2224,10.);
#659=VECTOR('',#2225,10.);
#660=VECTOR('',#2228,10.);
#661=VECTOR('',#2229,10.);
#662=VECTOR('',#2230,10.);
#663=VECTOR('',#2233,10.);
#664=VECTOR('',#2234,10.);
#665=VECTOR('',#2255,10.);
#666=VECTOR('',#2256,10.);
#667=VECTOR('',#2259,10.);
#668=VECTOR('',#2260,10.);
#669=VECTOR('',#2263,10.);
#670=VECTOR('',#2264,10.);
#671=VECTOR('',#2267,10.);
#672=VECTOR('',#2268,10.);
#673=VECTOR('',#2271,10.);
#674=VECTOR('',#2272,10.);
#675=VECTOR('',#2275,10.);
#676=VECTOR('',#2276,10.);
#677=VECTOR('',#2281,1.475);
#678=VECTOR('',#2284,1.475);
#679=VECTOR('',#2287,10.);
#680=VECTOR('',#2288,10.);
#681=VECTOR('',#2289,10.);
#682=VECTOR('',#2290,10.);
#683=VECTOR('',#2291,10.);
#684=VECTOR('',#2292,10.);
#685=VECTOR('',#2295,10.);
#686=VECTOR('',#2296,10.);
#687=VECTOR('',#2297,10.);
#688=VECTOR('',#2312,10.);
#689=VECTOR('',#2313,10.);
#690=VECTOR('',#2320,10.);
#691=VECTOR('',#2321,10.);
#692=VECTOR('',#2324,10.);
#693=VECTOR('',#2325,10.);
#694=VECTOR('',#2326,10.);
#695=VECTOR('',#2329,10.);
#696=VECTOR('',#2330,10.);
#697=VECTOR('',#2343,10.);
#698=VECTOR('',#2358,10.);
#699=VECTOR('',#2359,10.);
#700=VECTOR('',#2360,10.);
#701=VECTOR('',#2361,10.);
#702=VECTOR('',#2368,10.);
#703=VECTOR('',#2369,10.);
#704=VECTOR('',#2370,10.);
#705=VECTOR('',#2373,10.);
#706=VECTOR('',#2374,10.);
#707=VECTOR('',#2389,10.);
#708=VECTOR('',#2390,10.);
#709=VECTOR('',#2395,10.);
#710=VECTOR('',#2396,10.);
#711=VECTOR('',#2423,10.);
#712=VECTOR('',#2424,10.);
#713=VECTOR('',#2425,10.);
#714=VECTOR('',#2426,10.);
#715=VECTOR('',#2429,10.);
#716=VECTOR('',#2432,10.);
#717=VECTOR('',#2435,10.);
#718=VECTOR('',#2436,10.);
#719=VECTOR('',#2437,10.);
#720=VECTOR('',#2438,10.);
#721=VECTOR('',#2441,10.);
#722=VECTOR('',#2444,10.);
#723=VECTOR('',#2447,10.);
#724=VECTOR('',#2448,10.);
#725=VECTOR('',#2449,10.);
#726=VECTOR('',#2450,10.);
#727=VECTOR('',#2453,10.);
#728=VECTOR('',#2456,10.);
#729=VECTOR('',#2459,10.);
#730=VECTOR('',#2460,10.);
#731=VECTOR('',#2463,10.);
#732=VECTOR('',#2464,10.);
#733=VECTOR('',#2467,10.);
#734=VECTOR('',#2468,10.);
#735=VECTOR('',#2473,1.475);
#736=VECTOR('',#2476,1.475);
#737=VECTOR('',#2477,10.);
#738=VECTOR('',#2478,10.);
#739=VECTOR('',#2481,10.);
#740=VECTOR('',#2482,10.);
#741=VECTOR('',#2485,10.);
#742=VECTOR('',#2486,10.);
#743=VECTOR('',#2489,10.);
#744=VECTOR('',#2492,10.);
#745=VECTOR('',#2493,10.);
#746=VECTOR('',#2496,10.);
#747=VECTOR('',#2497,10.);
#748=VECTOR('',#2500,10.);
#749=VECTOR('',#2501,10.);
#750=VECTOR('',#2514,10.);
#751=VECTOR('',#2519,10.);
#752=VECTOR('',#2520,10.);
#753=VECTOR('',#2525,10.);
#754=VECTOR('',#2526,10.);
#755=VECTOR('',#2531,10.);
#756=VECTOR('',#2532,10.);
#757=VECTOR('',#2537,10.);
#758=VECTOR('',#2538,10.);
#759=VECTOR('',#2541,10.);
#760=VECTOR('',#2542,10.);
#761=VECTOR('',#2547,10.);
#762=VECTOR('',#2548,10.);
#763=VECTOR('',#2553,10.);
#764=VECTOR('',#2554,10.);
#765=VECTOR('',#2565,1.5);
#766=VECTOR('',#2572,1.5);
#767=VECTOR('',#2577,10.);
#768=VECTOR('',#2578,10.);
#769=VECTOR('',#2579,10.);
#770=VECTOR('',#2580,10.);
#771=VECTOR('',#2581,10.);
#772=VECTOR('',#2582,10.);
#773=VECTOR('',#2583,10.);
#774=VECTOR('',#2584,10.);
#775=VECTOR('',#2585,10.);
#776=VECTOR('',#2586,10.);
#777=VECTOR('',#2587,10.);
#778=VECTOR('',#2588,10.);
#779=VECTOR('',#2591,10.);
#780=VECTOR('',#2592,10.);
#781=VECTOR('',#2593,10.);
#782=VECTOR('',#2598,10.);
#783=VECTOR('',#2599,10.);
#784=VECTOR('',#2602,10.);
#785=VECTOR('',#2603,10.);
#786=VECTOR('',#2608,10.);
#787=VECTOR('',#2609,10.);
#788=VECTOR('',#2612,10.);
#789=VECTOR('',#2613,10.);
#790=VECTOR('',#2616,10.);
#791=VECTOR('',#2617,10.);
#792=VECTOR('',#2620,10.);
#793=VECTOR('',#2621,10.);
#794=VECTOR('',#2622,10.);
#795=VECTOR('',#2627,1.5);
#796=VECTOR('',#2632,1.5);
#797=VECTOR('',#2635,10.);
#798=VECTOR('',#2636,10.);
#799=VECTOR('',#2639,10.);
#800=VECTOR('',#2642,10.);
#801=VECTOR('',#2643,10.);
#802=VECTOR('',#2646,10.);
#803=VECTOR('',#2647,10.);
#804=VECTOR('',#2650,10.);
#805=VERTEX_POINT('',#2655);
#806=VERTEX_POINT('',#2656);
#807=VERTEX_POINT('',#2658);
#808=VERTEX_POINT('',#2660);
#809=VERTEX_POINT('',#2662);
#810=VERTEX_POINT('',#2664);
#811=VERTEX_POINT('',#2668);
#812=VERTEX_POINT('',#2670);
#813=VERTEX_POINT('',#2673);
#814=VERTEX_POINT('',#2674);
#815=VERTEX_POINT('',#2682);
#816=VERTEX_POINT('',#2684);
#817=VERTEX_POINT('',#2692);
#818=VERTEX_POINT('',#2694);
#819=VERTEX_POINT('',#2702);
#820=VERTEX_POINT('',#2704);
#821=VERTEX_POINT('',#2712);
#822=VERTEX_POINT('',#2714);
#823=VERTEX_POINT('',#2722);
#824=VERTEX_POINT('',#2724);
#825=VERTEX_POINT('',#2734);
#826=VERTEX_POINT('',#2737);
#827=VERTEX_POINT('',#2739);
#828=VERTEX_POINT('',#2742);
#829=VERTEX_POINT('',#2746);
#830=VERTEX_POINT('',#2748);
#831=VERTEX_POINT('',#2754);
#832=VERTEX_POINT('',#2755);
#833=VERTEX_POINT('',#2763);
#834=VERTEX_POINT('',#2765);
#835=VERTEX_POINT('',#2773);
#836=VERTEX_POINT('',#2775);
#837=VERTEX_POINT('',#2783);
#838=VERTEX_POINT('',#2785);
#839=VERTEX_POINT('',#2793);
#840=VERTEX_POINT('',#2795);
#841=VERTEX_POINT('',#2803);
#842=VERTEX_POINT('',#2805);
#843=VERTEX_POINT('',#2815);
#844=VERTEX_POINT('',#2817);
#845=VERTEX_POINT('',#2915);
#846=VERTEX_POINT('',#2916);
#847=VERTEX_POINT('',#2918);
#848=VERTEX_POINT('',#2920);
#849=VERTEX_POINT('',#2922);
#850=VERTEX_POINT('',#2924);
#851=VERTEX_POINT('',#2928);
#852=VERTEX_POINT('',#2930);
#853=VERTEX_POINT('',#2933);
#854=VERTEX_POINT('',#2934);
#855=VERTEX_POINT('',#2942);
#856=VERTEX_POINT('',#2944);
#857=VERTEX_POINT('',#2952);
#858=VERTEX_POINT('',#2954);
#859=VERTEX_POINT('',#2962);
#860=VERTEX_POINT('',#2964);
#861=VERTEX_POINT('',#2972);
#862=VERTEX_POINT('',#2974);
#863=VERTEX_POINT('',#2982);
#864=VERTEX_POINT('',#2984);
#865=VERTEX_POINT('',#2994);
#866=VERTEX_POINT('',#2997);
#867=VERTEX_POINT('',#2999);
#868=VERTEX_POINT('',#3002);
#869=VERTEX_POINT('',#3006);
#870=VERTEX_POINT('',#3008);
#871=VERTEX_POINT('',#3014);
#872=VERTEX_POINT('',#3015);
#873=VERTEX_POINT('',#3023);
#874=VERTEX_POINT('',#3025);
#875=VERTEX_POINT('',#3033);
#876=VERTEX_POINT('',#3035);
#877=VERTEX_POINT('',#3043);
#878=VERTEX_POINT('',#3045);
#879=VERTEX_POINT('',#3053);
#880=VERTEX_POINT('',#3055);
#881=VERTEX_POINT('',#3063);
#882=VERTEX_POINT('',#3065);
#883=VERTEX_POINT('',#3074);
#884=VERTEX_POINT('',#3075);
#885=VERTEX_POINT('',#3077);
#886=VERTEX_POINT('',#3079);
#887=VERTEX_POINT('',#3102);
#888=VERTEX_POINT('',#3104);
#889=VERTEX_POINT('',#3136);
#890=VERTEX_POINT('',#3138);
#891=VERTEX_POINT('',#3161);
#892=VERTEX_POINT('',#3163);
#893=VERTEX_POINT('',#3177);
#894=VERTEX_POINT('',#3179);
#895=VERTEX_POINT('',#3202);
#896=VERTEX_POINT('',#3224);
#897=VERTEX_POINT('',#3225);
#898=VERTEX_POINT('',#3227);
#899=VERTEX_POINT('',#3229);
#900=VERTEX_POINT('',#3232);
#901=VERTEX_POINT('',#3234);
#902=VERTEX_POINT('',#3237);
#903=VERTEX_POINT('',#3239);
#904=VERTEX_POINT('',#3243);
#905=VERTEX_POINT('',#3246);
#906=VERTEX_POINT('',#3247);
#907=VERTEX_POINT('',#3255);
#908=VERTEX_POINT('',#3257);
#909=VERTEX_POINT('',#3265);
#910=VERTEX_POINT('',#3267);
#911=VERTEX_POINT('',#3275);
#912=VERTEX_POINT('',#3277);
#913=VERTEX_POINT('',#3285);
#914=VERTEX_POINT('',#3287);
#915=VERTEX_POINT('',#3295);
#916=VERTEX_POINT('',#3297);
#917=VERTEX_POINT('',#3307);
#918=VERTEX_POINT('',#3313);
#919=VERTEX_POINT('',#3314);
#920=VERTEX_POINT('',#3316);
#921=VERTEX_POINT('',#3336);
#922=VERTEX_POINT('',#3338);
#923=VERTEX_POINT('',#3364);
#924=VERTEX_POINT('',#3366);
#925=VERTEX_POINT('',#3380);
#926=VERTEX_POINT('',#3382);
#927=VERTEX_POINT('',#3405);
#928=VERTEX_POINT('',#3407);
#929=VERTEX_POINT('',#3439);
#930=VERTEX_POINT('',#3441);
#931=VERTEX_POINT('',#3462);
#932=VERTEX_POINT('',#3463);
#933=VERTEX_POINT('',#3471);
#934=VERTEX_POINT('',#3473);
#935=VERTEX_POINT('',#3481);
#936=VERTEX_POINT('',#3483);
#937=VERTEX_POINT('',#3491);
#938=VERTEX_POINT('',#3493);
#939=VERTEX_POINT('',#3501);
#940=VERTEX_POINT('',#3503);
#941=VERTEX_POINT('',#3511);
#942=VERTEX_POINT('',#3513);
#943=VERTEX_POINT('',#3858);
#944=VERTEX_POINT('',#3859);
#945=VERTEX_POINT('',#3861);
#946=VERTEX_POINT('',#3868);
#947=VERTEX_POINT('',#3870);
#948=VERTEX_POINT('',#3877);
#949=VERTEX_POINT('',#3879);
#950=VERTEX_POINT('',#3886);
#951=VERTEX_POINT('',#3888);
#952=VERTEX_POINT('',#3895);
#953=VERTEX_POINT('',#3897);
#954=VERTEX_POINT('',#3899);
#955=VERTEX_POINT('',#3906);
#956=VERTEX_POINT('',#3926);
#957=VERTEX_POINT('',#3928);
#958=VERTEX_POINT('',#3937);
#959=VERTEX_POINT('',#3952);
#960=VERTEX_POINT('',#3961);
#961=VERTEX_POINT('',#3976);
#962=VERTEX_POINT('',#3985);
#963=VERTEX_POINT('',#4000);
#964=VERTEX_POINT('',#4009);
#965=VERTEX_POINT('',#4013);
#966=VERTEX_POINT('',#4028);
#967=VERTEX_POINT('',#4037);
#968=VERTEX_POINT('',#4052);
#969=VERTEX_POINT('',#4064);
#970=VERTEX_POINT('',#4066);
#971=VERTEX_POINT('',#4070);
#972=VERTEX_POINT('',#4072);
#973=VERTEX_POINT('',#4076);
#974=VERTEX_POINT('',#4077);
#975=VERTEX_POINT('',#4079);
#976=VERTEX_POINT('',#4081);
#977=VERTEX_POINT('',#4083);
#978=VERTEX_POINT('',#4085);
#979=VERTEX_POINT('',#4087);
#980=VERTEX_POINT('',#4089);
#981=VERTEX_POINT('',#4091);
#982=VERTEX_POINT('',#4093);
#983=VERTEX_POINT('',#4095);
#984=VERTEX_POINT('',#4097);
#985=VERTEX_POINT('',#4101);
#986=VERTEX_POINT('',#4103);
#987=VERTEX_POINT('',#4106);
#988=VERTEX_POINT('',#4109);
#989=VERTEX_POINT('',#4113);
#990=VERTEX_POINT('',#4116);
#991=VERTEX_POINT('',#4119);
#992=VERTEX_POINT('',#4123);
#993=VERTEX_POINT('',#4127);
#994=VERTEX_POINT('',#4131);
#995=VERTEX_POINT('',#4133);
#996=VERTEX_POINT('',#4136);
#997=VERTEX_POINT('',#4141);
#998=VERTEX_POINT('',#4145);
#999=VERTEX_POINT('',#4151);
#1000=VERTEX_POINT('',#4155);
#1001=EDGE_CURVE('',#805,#806,#489,.T.);
#1002=EDGE_CURVE('',#807,#805,#490,.T.);
#1003=EDGE_CURVE('',#808,#807,#491,.T.);
#1004=EDGE_CURVE('',#809,#808,#492,.T.);
#1005=EDGE_CURVE('',#810,#809,#493,.T.);
#1006=EDGE_CURVE('',#806,#810,#494,.T.);
#1007=EDGE_CURVE('',#811,#807,#495,.T.);
#1008=EDGE_CURVE('',#811,#812,#496,.T.);
#1009=EDGE_CURVE('',#812,#808,#497,.T.);
#1010=EDGE_CURVE('',#813,#814,#190,.T.);
#1011=EDGE_CURVE('',#814,#815,#114,.T.);
#1012=EDGE_CURVE('',#815,#816,#191,.T.);
#1013=EDGE_CURVE('',#816,#817,#115,.T.);
#1014=EDGE_CURVE('',#817,#818,#192,.T.);
#1015=EDGE_CURVE('',#818,#819,#116,.T.);
#1016=EDGE_CURVE('',#819,#820,#193,.T.);
#1017=EDGE_CURVE('',#820,#821,#117,.T.);
#1018=EDGE_CURVE('',#821,#822,#194,.T.);
#1019=EDGE_CURVE('',#822,#823,#118,.T.);
#1020=EDGE_CURVE('',#823,#824,#195,.T.);
#1021=EDGE_CURVE('',#824,#813,#119,.T.);
#1022=EDGE_CURVE('',#805,#825,#498,.T.);
#1023=EDGE_CURVE('',#825,#811,#499,.T.);
#1024=EDGE_CURVE('',#826,#826,#120,.T.);
#1025=EDGE_CURVE('',#827,#827,#121,.T.);
#1026=EDGE_CURVE('',#828,#806,#500,.T.);
#1027=EDGE_CURVE('',#828,#825,#501,.T.);
#1028=EDGE_CURVE('',#829,#828,#502,.T.);
#1029=EDGE_CURVE('',#830,#829,#503,.T.);
#1030=EDGE_CURVE('',#812,#830,#504,.T.);
#1031=EDGE_CURVE('',#809,#830,#505,.T.);
#1032=EDGE_CURVE('',#829,#810,#506,.T.);
#1033=EDGE_CURVE('',#831,#832,#196,.T.);
#1034=EDGE_CURVE('',#832,#833,#122,.T.);
#1035=EDGE_CURVE('',#833,#834,#197,.T.);
#1036=EDGE_CURVE('',#834,#835,#123,.T.);
#1037=EDGE_CURVE('',#835,#836,#198,.T.);
#1038=EDGE_CURVE('',#836,#837,#124,.T.);
#1039=EDGE_CURVE('',#837,#838,#199,.T.);
#1040=EDGE_CURVE('',#838,#839,#125,.T.);
#1041=EDGE_CURVE('',#839,#840,#200,.T.);
#1042=EDGE_CURVE('',#840,#841,#126,.T.);
#1043=EDGE_CURVE('',#841,#842,#201,.T.);
#1044=EDGE_CURVE('',#842,#831,#127,.T.);
#1045=EDGE_CURVE('',#843,#843,#128,.T.);
#1046=EDGE_CURVE('',#844,#844,#129,.T.);
#1047=EDGE_CURVE('',#820,#837,#507,.T.);
#1048=EDGE_CURVE('',#819,#838,#508,.T.);
#1049=EDGE_CURVE('',#818,#839,#509,.T.);
#1050=EDGE_CURVE('',#817,#840,#510,.T.);
#1051=EDGE_CURVE('',#816,#841,#511,.T.);
#1052=EDGE_CURVE('',#815,#842,#512,.T.);
#1053=EDGE_CURVE('',#814,#831,#513,.T.);
#1054=EDGE_CURVE('',#813,#832,#514,.T.);
#1055=EDGE_CURVE('',#824,#833,#515,.T.);
#1056=EDGE_CURVE('',#823,#834,#516,.T.);
#1057=EDGE_CURVE('',#822,#835,#517,.T.);
#1058=EDGE_CURVE('',#821,#836,#518,.T.);
#1059=EDGE_CURVE('',#827,#843,#519,.T.);
#1060=EDGE_CURVE('',#826,#844,#520,.T.);
#1061=EDGE_CURVE('',#845,#846,#521,.T.);
#1062=EDGE_CURVE('',#847,#845,#522,.T.);
#1063=EDGE_CURVE('',#848,#847,#523,.T.);
#1064=EDGE_CURVE('',#849,#848,#524,.T.);
#1065=EDGE_CURVE('',#850,#849,#525,.T.);
#1066=EDGE_CURVE('',#846,#850,#526,.T.);
#1067=EDGE_CURVE('',#847,#851,#527,.T.);
#1068=EDGE_CURVE('',#851,#852,#528,.T.);
#1069=EDGE_CURVE('',#852,#848,#529,.T.);
#1070=EDGE_CURVE('',#853,#854,#202,.T.);
#1071=EDGE_CURVE('',#854,#855,#130,.T.);
#1072=EDGE_CURVE('',#855,#856,#203,.T.);
#1073=EDGE_CURVE('',#856,#857,#131,.T.);
#1074=EDGE_CURVE('',#857,#858,#204,.T.);
#1075=EDGE_CURVE('',#858,#859,#132,.T.);
#1076=EDGE_CURVE('',#859,#860,#205,.T.);
#1077=EDGE_CURVE('',#860,#861,#133,.T.);
#1078=EDGE_CURVE('',#861,#862,#206,.T.);
#1079=EDGE_CURVE('',#862,#863,#134,.T.);
#1080=EDGE_CURVE('',#863,#864,#207,.T.);
#1081=EDGE_CURVE('',#864,#853,#135,.T.);
#1082=EDGE_CURVE('',#845,#865,#530,.T.);
#1083=EDGE_CURVE('',#865,#851,#531,.T.);
#1084=EDGE_CURVE('',#866,#866,#136,.T.);
#1085=EDGE_CURVE('',#867,#867,#137,.T.);
#1086=EDGE_CURVE('',#868,#846,#532,.T.);
#1087=EDGE_CURVE('',#868,#865,#533,.T.);
#1088=EDGE_CURVE('',#869,#868,#534,.T.);
#1089=EDGE_CURVE('',#870,#869,#535,.T.);
#1090=EDGE_CURVE('',#852,#870,#536,.T.);
#1091=EDGE_CURVE('',#849,#870,#537,.T.);
#1092=EDGE_CURVE('',#850,#869,#538,.T.);
#1093=EDGE_CURVE('',#871,#872,#208,.T.);
#1094=EDGE_CURVE('',#872,#873,#138,.T.);
#1095=EDGE_CURVE('',#873,#874,#209,.T.);
#1096=EDGE_CURVE('',#874,#875,#139,.T.);
#1097=EDGE_CURVE('',#875,#876,#210,.T.);
#1098=EDGE_CURVE('',#876,#877,#140,.T.);
#1099=EDGE_CURVE('',#877,#878,#211,.T.);
#1100=EDGE_CURVE('',#878,#879,#141,.T.);
#1101=EDGE_CURVE('',#879,#880,#212,.T.);
#1102=EDGE_CURVE('',#880,#881,#142,.T.);
#1103=EDGE_CURVE('',#881,#882,#213,.T.);
#1104=EDGE_CURVE('',#882,#871,#143,.T.);
#1105=EDGE_CURVE('',#883,#884,#539,.T.);
#1106=EDGE_CURVE('',#884,#885,#144,.T.);
#1107=EDGE_CURVE('',#885,#886,#214,.T.);
#1108=EDGE_CURVE('',#886,#887,#145,.T.);
#1109=EDGE_CURVE('',#887,#888,#215,.T.);
#1110=EDGE_CURVE('',#888,#889,#146,.T.);
#1111=EDGE_CURVE('',#889,#890,#216,.T.);
#1112=EDGE_CURVE('',#890,#891,#147,.T.);
#1113=EDGE_CURVE('',#891,#892,#217,.T.);
#1114=EDGE_CURVE('',#892,#893,#148,.T.);
#1115=EDGE_CURVE('',#893,#894,#218,.T.);
#1116=EDGE_CURVE('',#894,#895,#149,.T.);
#1117=EDGE_CURVE('',#895,#883,#219,.T.);
#1118=EDGE_CURVE('',#896,#897,#540,.T.);
#1119=EDGE_CURVE('',#897,#898,#541,.T.);
#1120=EDGE_CURVE('',#898,#899,#542,.T.);
#1121=EDGE_CURVE('',#899,#896,#543,.T.);
#1122=EDGE_CURVE('',#900,#900,#150,.T.);
#1123=EDGE_CURVE('',#901,#901,#151,.T.);
#1124=EDGE_CURVE('',#897,#902,#544,.T.);
#1125=EDGE_CURVE('',#902,#903,#545,.T.);
#1126=EDGE_CURVE('',#898,#903,#546,.T.);
#1127=EDGE_CURVE('',#896,#904,#547,.T.);
#1128=EDGE_CURVE('',#904,#902,#548,.T.);
#1129=EDGE_CURVE('',#905,#906,#220,.T.);
#1130=EDGE_CURVE('',#906,#907,#152,.T.);
#1131=EDGE_CURVE('',#907,#908,#221,.T.);
#1132=EDGE_CURVE('',#908,#909,#153,.T.);
#1133=EDGE_CURVE('',#909,#910,#222,.T.);
#1134=EDGE_CURVE('',#910,#911,#154,.T.);
#1135=EDGE_CURVE('',#911,#912,#223,.T.);
#1136=EDGE_CURVE('',#912,#913,#155,.T.);
#1137=EDGE_CURVE('',#913,#914,#224,.T.);
#1138=EDGE_CURVE('',#914,#915,#156,.T.);
#1139=EDGE_CURVE('',#915,#916,#225,.T.);
#1140=EDGE_CURVE('',#916,#905,#157,.T.);
#1141=EDGE_CURVE('',#903,#917,#549,.T.);
#1142=EDGE_CURVE('',#917,#904,#550,.T.);
#1143=EDGE_CURVE('',#899,#917,#551,.T.);
#1144=EDGE_CURVE('',#918,#919,#552,.T.);
#1145=EDGE_CURVE('',#919,#920,#226,.T.);
#1146=EDGE_CURVE('',#920,#921,#158,.T.);
#1147=EDGE_CURVE('',#921,#922,#227,.T.);
#1148=EDGE_CURVE('',#922,#923,#159,.T.);
#1149=EDGE_CURVE('',#923,#924,#228,.T.);
#1150=EDGE_CURVE('',#924,#925,#160,.T.);
#1151=EDGE_CURVE('',#925,#926,#229,.T.);
#1152=EDGE_CURVE('',#926,#927,#161,.T.);
#1153=EDGE_CURVE('',#927,#928,#230,.T.);
#1154=EDGE_CURVE('',#928,#929,#162,.T.);
#1155=EDGE_CURVE('',#929,#930,#231,.T.);
#1156=EDGE_CURVE('',#930,#918,#163,.T.);
#1157=EDGE_CURVE('',#931,#932,#232,.T.);
#1158=EDGE_CURVE('',#932,#933,#164,.T.);
#1159=EDGE_CURVE('',#933,#934,#233,.T.);
#1160=EDGE_CURVE('',#934,#935,#165,.T.);
#1161=EDGE_CURVE('',#935,#936,#234,.T.);
#1162=EDGE_CURVE('',#936,#937,#166,.T.);
#1163=EDGE_CURVE('',#937,#938,#235,.T.);
#1164=EDGE_CURVE('',#938,#939,#167,.T.);
#1165=EDGE_CURVE('',#939,#940,#236,.T.);
#1166=EDGE_CURVE('',#940,#941,#168,.T.);
#1167=EDGE_CURVE('',#941,#942,#237,.T.);
#1168=EDGE_CURVE('',#942,#931,#169,.T.);
#1169=EDGE_CURVE('',#878,#937,#553,.T.);
#1170=EDGE_CURVE('',#877,#938,#554,.T.);
#1171=EDGE_CURVE('',#912,#859,#555,.T.);
#1172=EDGE_CURVE('',#911,#860,#556,.T.);
#1173=EDGE_CURVE('',#876,#939,#557,.T.);
#1174=EDGE_CURVE('',#910,#861,#558,.T.);
#1175=EDGE_CURVE('',#879,#936,#559,.T.);
#1176=EDGE_CURVE('',#875,#940,#560,.T.);
#1177=EDGE_CURVE('',#909,#862,#561,.T.);
#1178=EDGE_CURVE('',#880,#935,#562,.T.);
#1179=EDGE_CURVE('',#874,#941,#563,.T.);
#1180=EDGE_CURVE('',#908,#863,#564,.T.);
#1181=EDGE_CURVE('',#881,#934,#565,.T.);
#1182=EDGE_CURVE('',#873,#942,#566,.T.);
#1183=EDGE_CURVE('',#907,#864,#567,.T.);
#1184=EDGE_CURVE('',#882,#933,#568,.T.);
#1185=EDGE_CURVE('',#872,#931,#569,.T.);
#1186=EDGE_CURVE('',#906,#853,#570,.T.);
#1187=EDGE_CURVE('',#871,#932,#571,.T.);
#1188=EDGE_CURVE('',#905,#854,#572,.T.);
#1189=EDGE_CURVE('',#916,#855,#573,.T.);
#1190=EDGE_CURVE('',#915,#856,#574,.T.);
#1191=EDGE_CURVE('',#914,#857,#575,.T.);
#1192=EDGE_CURVE('',#913,#858,#576,.T.);
#1193=EDGE_CURVE('',#901,#866,#577,.T.);
#1194=EDGE_CURVE('',#900,#867,#578,.T.);
#1195=EDGE_CURVE('',#890,#925,#579,.T.);
#1196=EDGE_CURVE('',#889,#926,#580,.T.);
#1197=EDGE_CURVE('',#888,#927,#581,.T.);
#1198=EDGE_CURVE('',#887,#928,#582,.T.);
#1199=EDGE_CURVE('',#886,#929,#583,.T.);
#1200=EDGE_CURVE('',#885,#930,#584,.T.);
#1201=EDGE_CURVE('',#884,#918,#585,.T.);
#1202=EDGE_CURVE('',#883,#919,#586,.T.);
#1203=EDGE_CURVE('',#895,#920,#587,.T.);
#1204=EDGE_CURVE('',#894,#921,#588,.T.);
#1205=EDGE_CURVE('',#893,#922,#589,.T.);
#1206=EDGE_CURVE('',#892,#923,#590,.T.);
#1207=EDGE_CURVE('',#891,#924,#591,.T.);
#1208=EDGE_CURVE('',#943,#944,#170,.T.);
#1209=EDGE_CURVE('',#944,#945,#238,.T.);
#1210=EDGE_CURVE('',#945,#946,#171,.T.);
#1211=EDGE_CURVE('',#946,#947,#239,.T.);
#1212=EDGE_CURVE('',#947,#948,#172,.T.);
#1213=EDGE_CURVE('',#948,#949,#240,.T.);
#1214=EDGE_CURVE('',#949,#950,#173,.T.);
#1215=EDGE_CURVE('',#950,#951,#241,.T.);
#1216=EDGE_CURVE('',#951,#952,#592,.T.);
#1217=EDGE_CURVE('',#952,#953,#174,.T.);
#1218=EDGE_CURVE('',#953,#954,#242,.T.);
#1219=EDGE_CURVE('',#954,#955,#175,.T.);
#1220=EDGE_CURVE('',#955,#943,#243,.T.);
#1221=EDGE_CURVE('',#956,#944,#593,.T.);
#1222=EDGE_CURVE('',#957,#956,#244,.T.);
#1223=EDGE_CURVE('',#957,#945,#594,.T.);
#1224=EDGE_CURVE('',#958,#957,#176,.T.);
#1225=EDGE_CURVE('',#958,#946,#595,.T.);
#1226=EDGE_CURVE('',#959,#958,#245,.T.);
#1227=EDGE_CURVE('',#959,#947,#596,.T.);
#1228=EDGE_CURVE('',#960,#959,#177,.T.);
#1229=EDGE_CURVE('',#960,#948,#597,.T.);
#1230=EDGE_CURVE('',#961,#960,#246,.T.);
#1231=EDGE_CURVE('',#961,#949,#598,.T.);
#1232=EDGE_CURVE('',#962,#961,#178,.T.);
#1233=EDGE_CURVE('',#962,#950,#599,.T.);
#1234=EDGE_CURVE('',#963,#962,#247,.T.);
#1235=EDGE_CURVE('',#963,#951,#600,.T.);
#1236=EDGE_CURVE('',#964,#963,#601,.T.);
#1237=EDGE_CURVE('',#964,#952,#602,.T.);
#1238=EDGE_CURVE('',#965,#964,#179,.T.);
#1239=EDGE_CURVE('',#965,#953,#603,.T.);
#1240=EDGE_CURVE('',#966,#965,#248,.T.);
#1241=EDGE_CURVE('',#966,#954,#604,.T.);
#1242=EDGE_CURVE('',#967,#966,#180,.T.);
#1243=EDGE_CURVE('',#967,#955,#605,.T.);
#1244=EDGE_CURVE('',#968,#967,#249,.T.);
#1245=EDGE_CURVE('',#943,#968,#606,.T.);
#1246=EDGE_CURVE('',#956,#968,#181,.T.);
#1247=EDGE_CURVE('',#969,#969,#182,.T.);
#1248=EDGE_CURVE('',#969,#970,#607,.T.);
#1249=EDGE_CURVE('',#970,#970,#183,.T.);
#1250=EDGE_CURVE('',#971,#971,#184,.T.);
#1251=EDGE_CURVE('',#971,#972,#608,.T.);
#1252=EDGE_CURVE('',#972,#972,#185,.T.);
#1253=EDGE_CURVE('',#973,#974,#609,.T.);
#1254=EDGE_CURVE('',#975,#973,#610,.T.);
#1255=EDGE_CURVE('',#976,#975,#611,.T.);
#1256=EDGE_CURVE('',#977,#976,#612,.T.);
#1257=EDGE_CURVE('',#978,#977,#613,.T.);
#1258=EDGE_CURVE('',#979,#978,#614,.T.);
#1259=EDGE_CURVE('',#980,#979,#615,.T.);
#1260=EDGE_CURVE('',#981,#980,#616,.T.);
#1261=EDGE_CURVE('',#982,#981,#617,.T.);
#1262=EDGE_CURVE('',#983,#982,#618,.T.);
#1263=EDGE_CURVE('',#984,#983,#619,.T.);
#1264=EDGE_CURVE('',#974,#984,#620,.T.);
#1265=EDGE_CURVE('',#978,#985,#621,.T.);
#1266=EDGE_CURVE('',#985,#986,#622,.T.);
#1267=EDGE_CURVE('',#986,#979,#623,.T.);
#1268=EDGE_CURVE('',#987,#987,#186,.T.);
#1269=EDGE_CURVE('',#977,#988,#624,.T.);
#1270=EDGE_CURVE('',#988,#985,#625,.T.);
#1271=EDGE_CURVE('',#989,#976,#626,.T.);
#1272=EDGE_CURVE('',#989,#988,#627,.T.);
#1273=EDGE_CURVE('',#990,#990,#187,.T.);
#1274=EDGE_CURVE('',#975,#991,#628,.T.);
#1275=EDGE_CURVE('',#989,#991,#629,.T.);
#1276=EDGE_CURVE('',#973,#992,#630,.T.);
#1277=EDGE_CURVE('',#991,#992,#631,.T.);
#1278=EDGE_CURVE('',#974,#993,#632,.T.);
#1279=EDGE_CURVE('',#992,#993,#633,.T.);
#1280=EDGE_CURVE('',#994,#982,#634,.T.);
#1281=EDGE_CURVE('',#995,#994,#635,.T.);
#1282=EDGE_CURVE('',#995,#983,#636,.T.);
#1283=EDGE_CURVE('',#996,#996,#188,.T.);
#1284=EDGE_CURVE('',#990,#987,#637,.T.);
#1285=EDGE_CURVE('',#997,#997,#189,.T.);
#1286=EDGE_CURVE('',#997,#996,#638,.T.);
#1287=EDGE_CURVE('',#998,#984,#639,.T.);
#1288=EDGE_CURVE('',#993,#998,#640,.T.);
#1289=EDGE_CURVE('',#998,#995,#641,.T.);
#1290=EDGE_CURVE('',#999,#986,#642,.T.);
#1291=EDGE_CURVE('',#980,#999,#643,.T.);
#1292=EDGE_CURVE('',#1000,#999,#644,.T.);
#1293=EDGE_CURVE('',#981,#1000,#645,.T.);
#1294=EDGE_CURVE('',#1000,#994,#646,.T.);
#1295=ORIENTED_EDGE('',*,*,#1001,.F.);
#1296=ORIENTED_EDGE('',*,*,#1002,.F.);
#1297=ORIENTED_EDGE('',*,*,#1003,.F.);
#1298=ORIENTED_EDGE('',*,*,#1004,.F.);
#1299=ORIENTED_EDGE('',*,*,#1005,.F.);
#1300=ORIENTED_EDGE('',*,*,#1006,.F.);
#1301=ORIENTED_EDGE('',*,*,#1003,.T.);
#1302=ORIENTED_EDGE('',*,*,#1007,.F.);
#1303=ORIENTED_EDGE('',*,*,#1008,.T.);
#1304=ORIENTED_EDGE('',*,*,#1009,.T.);
#1305=ORIENTED_EDGE('',*,*,#1010,.T.);
#1306=ORIENTED_EDGE('',*,*,#1011,.T.);
#1307=ORIENTED_EDGE('',*,*,#1012,.T.);
#1308=ORIENTED_EDGE('',*,*,#1013,.T.);
#1309=ORIENTED_EDGE('',*,*,#1014,.T.);
#1310=ORIENTED_EDGE('',*,*,#1015,.T.);
#1311=ORIENTED_EDGE('',*,*,#1016,.T.);
#1312=ORIENTED_EDGE('',*,*,#1017,.T.);
#1313=ORIENTED_EDGE('',*,*,#1018,.T.);
#1314=ORIENTED_EDGE('',*,*,#1019,.T.);
#1315=ORIENTED_EDGE('',*,*,#1020,.T.);
#1316=ORIENTED_EDGE('',*,*,#1021,.T.);
#1317=ORIENTED_EDGE('',*,*,#1002,.T.);
#1318=ORIENTED_EDGE('',*,*,#1022,.T.);
#1319=ORIENTED_EDGE('',*,*,#1023,.T.);
#1320=ORIENTED_EDGE('',*,*,#1007,.T.);
#1321=ORIENTED_EDGE('',*,*,#1024,.T.);
#1322=ORIENTED_EDGE('',*,*,#1025,.T.);
#1323=ORIENTED_EDGE('',*,*,#1001,.T.);
#1324=ORIENTED_EDGE('',*,*,#1026,.F.);
#1325=ORIENTED_EDGE('',*,*,#1027,.T.);
#1326=ORIENTED_EDGE('',*,*,#1022,.F.);
#1327=ORIENTED_EDGE('',*,*,#1027,.F.);
#1328=ORIENTED_EDGE('',*,*,#1028,.F.);
#1329=ORIENTED_EDGE('',*,*,#1029,.F.);
#1330=ORIENTED_EDGE('',*,*,#1030,.F.);
#1331=ORIENTED_EDGE('',*,*,#1008,.F.);
#1332=ORIENTED_EDGE('',*,*,#1023,.F.);
#1333=ORIENTED_EDGE('',*,*,#1005,.T.);
#1334=ORIENTED_EDGE('',*,*,#1031,.T.);
#1335=ORIENTED_EDGE('',*,*,#1029,.T.);
#1336=ORIENTED_EDGE('',*,*,#1032,.T.);
#1337=ORIENTED_EDGE('',*,*,#1033,.T.);
#1338=ORIENTED_EDGE('',*,*,#1034,.T.);
#1339=ORIENTED_EDGE('',*,*,#1035,.T.);
#1340=ORIENTED_EDGE('',*,*,#1036,.T.);
#1341=ORIENTED_EDGE('',*,*,#1037,.T.);
#1342=ORIENTED_EDGE('',*,*,#1038,.T.);
#1343=ORIENTED_EDGE('',*,*,#1039,.T.);
#1344=ORIENTED_EDGE('',*,*,#1040,.T.);
#1345=ORIENTED_EDGE('',*,*,#1041,.T.);
#1346=ORIENTED_EDGE('',*,*,#1042,.T.);
#1347=ORIENTED_EDGE('',*,*,#1043,.T.);
#1348=ORIENTED_EDGE('',*,*,#1044,.T.);
#1349=ORIENTED_EDGE('',*,*,#1006,.T.);
#1350=ORIENTED_EDGE('',*,*,#1032,.F.);
#1351=ORIENTED_EDGE('',*,*,#1028,.T.);
#1352=ORIENTED_EDGE('',*,*,#1026,.T.);
#1353=ORIENTED_EDGE('',*,*,#1045,.T.);
#1354=ORIENTED_EDGE('',*,*,#1046,.T.);
#1355=ORIENTED_EDGE('',*,*,#1004,.T.);
#1356=ORIENTED_EDGE('',*,*,#1009,.F.);
#1357=ORIENTED_EDGE('',*,*,#1030,.T.);
#1358=ORIENTED_EDGE('',*,*,#1031,.F.);
#1359=ORIENTED_EDGE('',*,*,#1039,.F.);
#1360=ORIENTED_EDGE('',*,*,#1047,.F.);
#1361=ORIENTED_EDGE('',*,*,#1016,.F.);
#1362=ORIENTED_EDGE('',*,*,#1048,.T.);
#1363=ORIENTED_EDGE('',*,*,#1040,.F.);
#1364=ORIENTED_EDGE('',*,*,#1048,.F.);
#1365=ORIENTED_EDGE('',*,*,#1015,.F.);
#1366=ORIENTED_EDGE('',*,*,#1049,.T.);
#1367=ORIENTED_EDGE('',*,*,#1041,.F.);
#1368=ORIENTED_EDGE('',*,*,#1049,.F.);
#1369=ORIENTED_EDGE('',*,*,#1014,.F.);
#1370=ORIENTED_EDGE('',*,*,#1050,.T.);
#1371=ORIENTED_EDGE('',*,*,#1042,.F.);
#1372=ORIENTED_EDGE('',*,*,#1050,.F.);
#1373=ORIENTED_EDGE('',*,*,#1013,.F.);
#1374=ORIENTED_EDGE('',*,*,#1051,.T.);
#1375=ORIENTED_EDGE('',*,*,#1043,.F.);
#1376=ORIENTED_EDGE('',*,*,#1051,.F.);
#1377=ORIENTED_EDGE('',*,*,#1012,.F.);
#1378=ORIENTED_EDGE('',*,*,#1052,.T.);
#1379=ORIENTED_EDGE('',*,*,#1044,.F.);
#1380=ORIENTED_EDGE('',*,*,#1052,.F.);
#1381=ORIENTED_EDGE('',*,*,#1011,.F.);
#1382=ORIENTED_EDGE('',*,*,#1053,.T.);
#1383=ORIENTED_EDGE('',*,*,#1033,.F.);
#1384=ORIENTED_EDGE('',*,*,#1053,.F.);
#1385=ORIENTED_EDGE('',*,*,#1010,.F.);
#1386=ORIENTED_EDGE('',*,*,#1054,.T.);
#1387=ORIENTED_EDGE('',*,*,#1034,.F.);
#1388=ORIENTED_EDGE('',*,*,#1054,.F.);
#1389=ORIENTED_EDGE('',*,*,#1021,.F.);
#1390=ORIENTED_EDGE('',*,*,#1055,.T.);
#1391=ORIENTED_EDGE('',*,*,#1035,.F.);
#1392=ORIENTED_EDGE('',*,*,#1055,.F.);
#1393=ORIENTED_EDGE('',*,*,#1020,.F.);
#1394=ORIENTED_EDGE('',*,*,#1056,.T.);
#1395=ORIENTED_EDGE('',*,*,#1036,.F.);
#1396=ORIENTED_EDGE('',*,*,#1056,.F.);
#1397=ORIENTED_EDGE('',*,*,#1019,.F.);
#1398=ORIENTED_EDGE('',*,*,#1057,.T.);
#1399=ORIENTED_EDGE('',*,*,#1037,.F.);
#1400=ORIENTED_EDGE('',*,*,#1057,.F.);
#1401=ORIENTED_EDGE('',*,*,#1018,.F.);
#1402=ORIENTED_EDGE('',*,*,#1058,.T.);
#1403=ORIENTED_EDGE('',*,*,#1038,.F.);
#1404=ORIENTED_EDGE('',*,*,#1058,.F.);
#1405=ORIENTED_EDGE('',*,*,#1017,.F.);
#1406=ORIENTED_EDGE('',*,*,#1047,.T.);
#1407=ORIENTED_EDGE('',*,*,#1025,.F.);
#1408=ORIENTED_EDGE('',*,*,#1059,.T.);
#1409=ORIENTED_EDGE('',*,*,#1045,.F.);
#1410=ORIENTED_EDGE('',*,*,#1059,.F.);
#1411=ORIENTED_EDGE('',*,*,#1024,.F.);
#1412=ORIENTED_EDGE('',*,*,#1060,.T.);
#1413=ORIENTED_EDGE('',*,*,#1046,.F.);
#1414=ORIENTED_EDGE('',*,*,#1060,.F.);
#1415=ORIENTED_EDGE('',*,*,#1061,.F.);
#1416=ORIENTED_EDGE('',*,*,#1062,.F.);
#1417=ORIENTED_EDGE('',*,*,#1063,.F.);
#1418=ORIENTED_EDGE('',*,*,#1064,.F.);
#1419=ORIENTED_EDGE('',*,*,#1065,.F.);
#1420=ORIENTED_EDGE('',*,*,#1066,.F.);
#1421=ORIENTED_EDGE('',*,*,#1063,.T.);
#1422=ORIENTED_EDGE('',*,*,#1067,.T.);
#1423=ORIENTED_EDGE('',*,*,#1068,.T.);
#1424=ORIENTED_EDGE('',*,*,#1069,.T.);
#1425=ORIENTED_EDGE('',*,*,#1070,.T.);
#1426=ORIENTED_EDGE('',*,*,#1071,.T.);
#1427=ORIENTED_EDGE('',*,*,#1072,.T.);
#1428=ORIENTED_EDGE('',*,*,#1073,.T.);
#1429=ORIENTED_EDGE('',*,*,#1074,.T.);
#1430=ORIENTED_EDGE('',*,*,#1075,.T.);
#1431=ORIENTED_EDGE('',*,*,#1076,.T.);
#1432=ORIENTED_EDGE('',*,*,#1077,.T.);
#1433=ORIENTED_EDGE('',*,*,#1078,.T.);
#1434=ORIENTED_EDGE('',*,*,#1079,.T.);
#1435=ORIENTED_EDGE('',*,*,#1080,.T.);
#1436=ORIENTED_EDGE('',*,*,#1081,.T.);
#1437=ORIENTED_EDGE('',*,*,#1062,.T.);
#1438=ORIENTED_EDGE('',*,*,#1082,.T.);
#1439=ORIENTED_EDGE('',*,*,#1083,.T.);
#1440=ORIENTED_EDGE('',*,*,#1067,.F.);
#1441=ORIENTED_EDGE('',*,*,#1084,.T.);
#1442=ORIENTED_EDGE('',*,*,#1085,.T.);
#1443=ORIENTED_EDGE('',*,*,#1061,.T.);
#1444=ORIENTED_EDGE('',*,*,#1086,.F.);
#1445=ORIENTED_EDGE('',*,*,#1087,.T.);
#1446=ORIENTED_EDGE('',*,*,#1082,.F.);
#1447=ORIENTED_EDGE('',*,*,#1087,.F.);
#1448=ORIENTED_EDGE('',*,*,#1088,.F.);
#1449=ORIENTED_EDGE('',*,*,#1089,.F.);
#1450=ORIENTED_EDGE('',*,*,#1090,.F.);
#1451=ORIENTED_EDGE('',*,*,#1068,.F.);
#1452=ORIENTED_EDGE('',*,*,#1083,.F.);
#1453=ORIENTED_EDGE('',*,*,#1065,.T.);
#1454=ORIENTED_EDGE('',*,*,#1091,.T.);
#1455=ORIENTED_EDGE('',*,*,#1089,.T.);
#1456=ORIENTED_EDGE('',*,*,#1092,.F.);
#1457=ORIENTED_EDGE('',*,*,#1093,.T.);
#1458=ORIENTED_EDGE('',*,*,#1094,.T.);
#1459=ORIENTED_EDGE('',*,*,#1095,.T.);
#1460=ORIENTED_EDGE('',*,*,#1096,.T.);
#1461=ORIENTED_EDGE('',*,*,#1097,.T.);
#1462=ORIENTED_EDGE('',*,*,#1098,.T.);
#1463=ORIENTED_EDGE('',*,*,#1099,.T.);
#1464=ORIENTED_EDGE('',*,*,#1100,.T.);
#1465=ORIENTED_EDGE('',*,*,#1101,.T.);
#1466=ORIENTED_EDGE('',*,*,#1102,.T.);
#1467=ORIENTED_EDGE('',*,*,#1103,.T.);
#1468=ORIENTED_EDGE('',*,*,#1104,.T.);
#1469=ORIENTED_EDGE('',*,*,#1105,.T.);
#1470=ORIENTED_EDGE('',*,*,#1106,.T.);
#1471=ORIENTED_EDGE('',*,*,#1107,.T.);
#1472=ORIENTED_EDGE('',*,*,#1108,.T.);
#1473=ORIENTED_EDGE('',*,*,#1109,.T.);
#1474=ORIENTED_EDGE('',*,*,#1110,.T.);
#1475=ORIENTED_EDGE('',*,*,#1111,.T.);
#1476=ORIENTED_EDGE('',*,*,#1112,.T.);
#1477=ORIENTED_EDGE('',*,*,#1113,.T.);
#1478=ORIENTED_EDGE('',*,*,#1114,.T.);
#1479=ORIENTED_EDGE('',*,*,#1115,.T.);
#1480=ORIENTED_EDGE('',*,*,#1116,.T.);
#1481=ORIENTED_EDGE('',*,*,#1117,.T.);
#1482=ORIENTED_EDGE('',*,*,#1066,.T.);
#1483=ORIENTED_EDGE('',*,*,#1092,.T.);
#1484=ORIENTED_EDGE('',*,*,#1088,.T.);
#1485=ORIENTED_EDGE('',*,*,#1086,.T.);
#1486=ORIENTED_EDGE('',*,*,#1118,.T.);
#1487=ORIENTED_EDGE('',*,*,#1119,.T.);
#1488=ORIENTED_EDGE('',*,*,#1120,.T.);
#1489=ORIENTED_EDGE('',*,*,#1121,.T.);
#1490=ORIENTED_EDGE('',*,*,#1122,.T.);
#1491=ORIENTED_EDGE('',*,*,#1123,.T.);
#1492=ORIENTED_EDGE('',*,*,#1124,.T.);
#1493=ORIENTED_EDGE('',*,*,#1125,.T.);
#1494=ORIENTED_EDGE('',*,*,#1126,.F.);
#1495=ORIENTED_EDGE('',*,*,#1119,.F.);
#1496=ORIENTED_EDGE('',*,*,#1127,.T.);
#1497=ORIENTED_EDGE('',*,*,#1128,.T.);
#1498=ORIENTED_EDGE('',*,*,#1124,.F.);
#1499=ORIENTED_EDGE('',*,*,#1118,.F.);
#1500=ORIENTED_EDGE('',*,*,#1129,.T.);
#1501=ORIENTED_EDGE('',*,*,#1130,.T.);
#1502=ORIENTED_EDGE('',*,*,#1131,.T.);
#1503=ORIENTED_EDGE('',*,*,#1132,.T.);
#1504=ORIENTED_EDGE('',*,*,#1133,.T.);
#1505=ORIENTED_EDGE('',*,*,#1134,.T.);
#1506=ORIENTED_EDGE('',*,*,#1135,.T.);
#1507=ORIENTED_EDGE('',*,*,#1136,.T.);
#1508=ORIENTED_EDGE('',*,*,#1137,.T.);
#1509=ORIENTED_EDGE('',*,*,#1138,.T.);
#1510=ORIENTED_EDGE('',*,*,#1139,.T.);
#1511=ORIENTED_EDGE('',*,*,#1140,.T.);
#1512=ORIENTED_EDGE('',*,*,#1141,.F.);
#1513=ORIENTED_EDGE('',*,*,#1125,.F.);
#1514=ORIENTED_EDGE('',*,*,#1128,.F.);
#1515=ORIENTED_EDGE('',*,*,#1142,.F.);
#1516=ORIENTED_EDGE('',*,*,#1064,.T.);
#1517=ORIENTED_EDGE('',*,*,#1069,.F.);
#1518=ORIENTED_EDGE('',*,*,#1090,.T.);
#1519=ORIENTED_EDGE('',*,*,#1091,.F.);
#1520=ORIENTED_EDGE('',*,*,#1126,.T.);
#1521=ORIENTED_EDGE('',*,*,#1141,.T.);
#1522=ORIENTED_EDGE('',*,*,#1143,.F.);
#1523=ORIENTED_EDGE('',*,*,#1120,.F.);
#1524=ORIENTED_EDGE('',*,*,#1144,.T.);
#1525=ORIENTED_EDGE('',*,*,#1145,.T.);
#1526=ORIENTED_EDGE('',*,*,#1146,.T.);
#1527=ORIENTED_EDGE('',*,*,#1147,.T.);
#1528=ORIENTED_EDGE('',*,*,#1148,.T.);
#1529=ORIENTED_EDGE('',*,*,#1149,.T.);
#1530=ORIENTED_EDGE('',*,*,#1150,.T.);
#1531=ORIENTED_EDGE('',*,*,#1151,.T.);
#1532=ORIENTED_EDGE('',*,*,#1152,.T.);
#1533=ORIENTED_EDGE('',*,*,#1153,.T.);
#1534=ORIENTED_EDGE('',*,*,#1154,.T.);
#1535=ORIENTED_EDGE('',*,*,#1155,.T.);
#1536=ORIENTED_EDGE('',*,*,#1156,.T.);
#1537=ORIENTED_EDGE('',*,*,#1157,.T.);
#1538=ORIENTED_EDGE('',*,*,#1158,.T.);
#1539=ORIENTED_EDGE('',*,*,#1159,.T.);
#1540=ORIENTED_EDGE('',*,*,#1160,.T.);
#1541=ORIENTED_EDGE('',*,*,#1161,.T.);
#1542=ORIENTED_EDGE('',*,*,#1162,.T.);
#1543=ORIENTED_EDGE('',*,*,#1163,.T.);
#1544=ORIENTED_EDGE('',*,*,#1164,.T.);
#1545=ORIENTED_EDGE('',*,*,#1165,.T.);
#1546=ORIENTED_EDGE('',*,*,#1166,.T.);
#1547=ORIENTED_EDGE('',*,*,#1167,.T.);
#1548=ORIENTED_EDGE('',*,*,#1168,.T.);
#1549=ORIENTED_EDGE('',*,*,#1143,.T.);
#1550=ORIENTED_EDGE('',*,*,#1142,.T.);
#1551=ORIENTED_EDGE('',*,*,#1127,.F.);
#1552=ORIENTED_EDGE('',*,*,#1121,.F.);
#1553=ORIENTED_EDGE('',*,*,#1163,.F.);
#1554=ORIENTED_EDGE('',*,*,#1169,.F.);
#1555=ORIENTED_EDGE('',*,*,#1099,.F.);
#1556=ORIENTED_EDGE('',*,*,#1170,.T.);
#1557=ORIENTED_EDGE('',*,*,#1076,.F.);
#1558=ORIENTED_EDGE('',*,*,#1171,.F.);
#1559=ORIENTED_EDGE('',*,*,#1135,.F.);
#1560=ORIENTED_EDGE('',*,*,#1172,.T.);
#1561=ORIENTED_EDGE('',*,*,#1164,.F.);
#1562=ORIENTED_EDGE('',*,*,#1170,.F.);
#1563=ORIENTED_EDGE('',*,*,#1098,.F.);
#1564=ORIENTED_EDGE('',*,*,#1173,.T.);
#1565=ORIENTED_EDGE('',*,*,#1077,.F.);
#1566=ORIENTED_EDGE('',*,*,#1172,.F.);
#1567=ORIENTED_EDGE('',*,*,#1134,.F.);
#1568=ORIENTED_EDGE('',*,*,#1174,.T.);
#1569=ORIENTED_EDGE('',*,*,#1162,.F.);
#1570=ORIENTED_EDGE('',*,*,#1175,.F.);
#1571=ORIENTED_EDGE('',*,*,#1100,.F.);
#1572=ORIENTED_EDGE('',*,*,#1169,.T.);
#1573=ORIENTED_EDGE('',*,*,#1165,.F.);
#1574=ORIENTED_EDGE('',*,*,#1173,.F.);
#1575=ORIENTED_EDGE('',*,*,#1097,.F.);
#1576=ORIENTED_EDGE('',*,*,#1176,.T.);
#1577=ORIENTED_EDGE('',*,*,#1078,.F.);
#1578=ORIENTED_EDGE('',*,*,#1174,.F.);
#1579=ORIENTED_EDGE('',*,*,#1133,.F.);
#1580=ORIENTED_EDGE('',*,*,#1177,.T.);
#1581=ORIENTED_EDGE('',*,*,#1161,.F.);
#1582=ORIENTED_EDGE('',*,*,#1178,.F.);
#1583=ORIENTED_EDGE('',*,*,#1101,.F.);
#1584=ORIENTED_EDGE('',*,*,#1175,.T.);
#1585=ORIENTED_EDGE('',*,*,#1166,.F.);
#1586=ORIENTED_EDGE('',*,*,#1176,.F.);
#1587=ORIENTED_EDGE('',*,*,#1096,.F.);
#1588=ORIENTED_EDGE('',*,*,#1179,.T.);
#1589=ORIENTED_EDGE('',*,*,#1079,.F.);
#1590=ORIENTED_EDGE('',*,*,#1177,.F.);
#1591=ORIENTED_EDGE('',*,*,#1132,.F.);
#1592=ORIENTED_EDGE('',*,*,#1180,.T.);
#1593=ORIENTED_EDGE('',*,*,#1160,.F.);
#1594=ORIENTED_EDGE('',*,*,#1181,.F.);
#1595=ORIENTED_EDGE('',*,*,#1102,.F.);
#1596=ORIENTED_EDGE('',*,*,#1178,.T.);
#1597=ORIENTED_EDGE('',*,*,#1167,.F.);
#1598=ORIENTED_EDGE('',*,*,#1179,.F.);
#1599=ORIENTED_EDGE('',*,*,#1095,.F.);
#1600=ORIENTED_EDGE('',*,*,#1182,.T.);
#1601=ORIENTED_EDGE('',*,*,#1080,.F.);
#1602=ORIENTED_EDGE('',*,*,#1180,.F.);
#1603=ORIENTED_EDGE('',*,*,#1131,.F.);
#1604=ORIENTED_EDGE('',*,*,#1183,.T.);
#1605=ORIENTED_EDGE('',*,*,#1159,.F.);
#1606=ORIENTED_EDGE('',*,*,#1184,.F.);
#1607=ORIENTED_EDGE('',*,*,#1103,.F.);
#1608=ORIENTED_EDGE('',*,*,#1181,.T.);
#1609=ORIENTED_EDGE('',*,*,#1168,.F.);
#1610=ORIENTED_EDGE('',*,*,#1182,.F.);
#1611=ORIENTED_EDGE('',*,*,#1094,.F.);
#1612=ORIENTED_EDGE('',*,*,#1185,.T.);
#1613=ORIENTED_EDGE('',*,*,#1081,.F.);
#1614=ORIENTED_EDGE('',*,*,#1183,.F.);
#1615=ORIENTED_EDGE('',*,*,#1130,.F.);
#1616=ORIENTED_EDGE('',*,*,#1186,.T.);
#1617=ORIENTED_EDGE('',*,*,#1158,.F.);
#1618=ORIENTED_EDGE('',*,*,#1187,.F.);
#1619=ORIENTED_EDGE('',*,*,#1104,.F.);
#1620=ORIENTED_EDGE('',*,*,#1184,.T.);
#1621=ORIENTED_EDGE('',*,*,#1157,.F.);
#1622=ORIENTED_EDGE('',*,*,#1185,.F.);
#1623=ORIENTED_EDGE('',*,*,#1093,.F.);
#1624=ORIENTED_EDGE('',*,*,#1187,.T.);
#1625=ORIENTED_EDGE('',*,*,#1070,.F.);
#1626=ORIENTED_EDGE('',*,*,#1186,.F.);
#1627=ORIENTED_EDGE('',*,*,#1129,.F.);
#1628=ORIENTED_EDGE('',*,*,#1188,.T.);
#1629=ORIENTED_EDGE('',*,*,#1071,.F.);
#1630=ORIENTED_EDGE('',*,*,#1188,.F.);
#1631=ORIENTED_EDGE('',*,*,#1140,.F.);
#1632=ORIENTED_EDGE('',*,*,#1189,.T.);
#1633=ORIENTED_EDGE('',*,*,#1072,.F.);
#1634=ORIENTED_EDGE('',*,*,#1189,.F.);
#1635=ORIENTED_EDGE('',*,*,#1139,.F.);
#1636=ORIENTED_EDGE('',*,*,#1190,.T.);
#1637=ORIENTED_EDGE('',*,*,#1073,.F.);
#1638=ORIENTED_EDGE('',*,*,#1190,.F.);
#1639=ORIENTED_EDGE('',*,*,#1138,.F.);
#1640=ORIENTED_EDGE('',*,*,#1191,.T.);
#1641=ORIENTED_EDGE('',*,*,#1074,.F.);
#1642=ORIENTED_EDGE('',*,*,#1191,.F.);
#1643=ORIENTED_EDGE('',*,*,#1137,.F.);
#1644=ORIENTED_EDGE('',*,*,#1192,.T.);
#1645=ORIENTED_EDGE('',*,*,#1075,.F.);
#1646=ORIENTED_EDGE('',*,*,#1192,.F.);
#1647=ORIENTED_EDGE('',*,*,#1136,.F.);
#1648=ORIENTED_EDGE('',*,*,#1171,.T.);
#1649=ORIENTED_EDGE('',*,*,#1123,.F.);
#1650=ORIENTED_EDGE('',*,*,#1193,.T.);
#1651=ORIENTED_EDGE('',*,*,#1084,.F.);
#1652=ORIENTED_EDGE('',*,*,#1193,.F.);
#1653=ORIENTED_EDGE('',*,*,#1122,.F.);
#1654=ORIENTED_EDGE('',*,*,#1194,.T.);
#1655=ORIENTED_EDGE('',*,*,#1085,.F.);
#1656=ORIENTED_EDGE('',*,*,#1194,.F.);
#1657=ORIENTED_EDGE('',*,*,#1151,.F.);
#1658=ORIENTED_EDGE('',*,*,#1195,.F.);
#1659=ORIENTED_EDGE('',*,*,#1111,.F.);
#1660=ORIENTED_EDGE('',*,*,#1196,.T.);
#1661=ORIENTED_EDGE('',*,*,#1152,.F.);
#1662=ORIENTED_EDGE('',*,*,#1196,.F.);
#1663=ORIENTED_EDGE('',*,*,#1110,.F.);
#1664=ORIENTED_EDGE('',*,*,#1197,.T.);
#1665=ORIENTED_EDGE('',*,*,#1153,.F.);
#1666=ORIENTED_EDGE('',*,*,#1197,.F.);
#1667=ORIENTED_EDGE('',*,*,#1109,.F.);
#1668=ORIENTED_EDGE('',*,*,#1198,.T.);
#1669=ORIENTED_EDGE('',*,*,#1154,.F.);
#1670=ORIENTED_EDGE('',*,*,#1198,.F.);
#1671=ORIENTED_EDGE('',*,*,#1108,.F.);
#1672=ORIENTED_EDGE('',*,*,#1199,.T.);
#1673=ORIENTED_EDGE('',*,*,#1155,.F.);
#1674=ORIENTED_EDGE('',*,*,#1199,.F.);
#1675=ORIENTED_EDGE('',*,*,#1107,.F.);
#1676=ORIENTED_EDGE('',*,*,#1200,.T.);
#1677=ORIENTED_EDGE('',*,*,#1156,.F.);
#1678=ORIENTED_EDGE('',*,*,#1200,.F.);
#1679=ORIENTED_EDGE('',*,*,#1106,.F.);
#1680=ORIENTED_EDGE('',*,*,#1201,.T.);
#1681=ORIENTED_EDGE('',*,*,#1144,.F.);
#1682=ORIENTED_EDGE('',*,*,#1201,.F.);
#1683=ORIENTED_EDGE('',*,*,#1105,.F.);
#1684=ORIENTED_EDGE('',*,*,#1202,.T.);
#1685=ORIENTED_EDGE('',*,*,#1145,.F.);
#1686=ORIENTED_EDGE('',*,*,#1202,.F.);
#1687=ORIENTED_EDGE('',*,*,#1117,.F.);
#1688=ORIENTED_EDGE('',*,*,#1203,.T.);
#1689=ORIENTED_EDGE('',*,*,#1146,.F.);
#1690=ORIENTED_EDGE('',*,*,#1203,.F.);
#1691=ORIENTED_EDGE('',*,*,#1116,.F.);
#1692=ORIENTED_EDGE('',*,*,#1204,.T.);
#1693=ORIENTED_EDGE('',*,*,#1147,.F.);
#1694=ORIENTED_EDGE('',*,*,#1204,.F.);
#1695=ORIENTED_EDGE('',*,*,#1115,.F.);
#1696=ORIENTED_EDGE('',*,*,#1205,.T.);
#1697=ORIENTED_EDGE('',*,*,#1148,.F.);
#1698=ORIENTED_EDGE('',*,*,#1205,.F.);
#1699=ORIENTED_EDGE('',*,*,#1114,.F.);
#1700=ORIENTED_EDGE('',*,*,#1206,.T.);
#1701=ORIENTED_EDGE('',*,*,#1149,.F.);
#1702=ORIENTED_EDGE('',*,*,#1206,.F.);
#1703=ORIENTED_EDGE('',*,*,#1113,.F.);
#1704=ORIENTED_EDGE('',*,*,#1207,.T.);
#1705=ORIENTED_EDGE('',*,*,#1150,.F.);
#1706=ORIENTED_EDGE('',*,*,#1207,.F.);
#1707=ORIENTED_EDGE('',*,*,#1112,.F.);
#1708=ORIENTED_EDGE('',*,*,#1195,.T.);
#1709=ORIENTED_EDGE('',*,*,#1208,.T.);
#1710=ORIENTED_EDGE('',*,*,#1209,.T.);
#1711=ORIENTED_EDGE('',*,*,#1210,.T.);
#1712=ORIENTED_EDGE('',*,*,#1211,.T.);
#1713=ORIENTED_EDGE('',*,*,#1212,.T.);
#1714=ORIENTED_EDGE('',*,*,#1213,.T.);
#1715=ORIENTED_EDGE('',*,*,#1214,.T.);
#1716=ORIENTED_EDGE('',*,*,#1215,.T.);
#1717=ORIENTED_EDGE('',*,*,#1216,.T.);
#1718=ORIENTED_EDGE('',*,*,#1217,.T.);
#1719=ORIENTED_EDGE('',*,*,#1218,.T.);
#1720=ORIENTED_EDGE('',*,*,#1219,.T.);
#1721=ORIENTED_EDGE('',*,*,#1220,.T.);
#1722=ORIENTED_EDGE('',*,*,#1221,.F.);
#1723=ORIENTED_EDGE('',*,*,#1222,.F.);
#1724=ORIENTED_EDGE('',*,*,#1223,.T.);
#1725=ORIENTED_EDGE('',*,*,#1209,.F.);
#1726=ORIENTED_EDGE('',*,*,#1223,.F.);
#1727=ORIENTED_EDGE('',*,*,#1224,.F.);
#1728=ORIENTED_EDGE('',*,*,#1225,.T.);
#1729=ORIENTED_EDGE('',*,*,#1210,.F.);
#1730=ORIENTED_EDGE('',*,*,#1225,.F.);
#1731=ORIENTED_EDGE('',*,*,#1226,.F.);
#1732=ORIENTED_EDGE('',*,*,#1227,.T.);
#1733=ORIENTED_EDGE('',*,*,#1211,.F.);
#1734=ORIENTED_EDGE('',*,*,#1227,.F.);
#1735=ORIENTED_EDGE('',*,*,#1228,.F.);
#1736=ORIENTED_EDGE('',*,*,#1229,.T.);
#1737=ORIENTED_EDGE('',*,*,#1212,.F.);
#1738=ORIENTED_EDGE('',*,*,#1229,.F.);
#1739=ORIENTED_EDGE('',*,*,#1230,.F.);
#1740=ORIENTED_EDGE('',*,*,#1231,.T.);
#1741=ORIENTED_EDGE('',*,*,#1213,.F.);
#1742=ORIENTED_EDGE('',*,*,#1231,.F.);
#1743=ORIENTED_EDGE('',*,*,#1232,.F.);
#1744=ORIENTED_EDGE('',*,*,#1233,.T.);
#1745=ORIENTED_EDGE('',*,*,#1214,.F.);
#1746=ORIENTED_EDGE('',*,*,#1233,.F.);
#1747=ORIENTED_EDGE('',*,*,#1234,.F.);
#1748=ORIENTED_EDGE('',*,*,#1235,.T.);
#1749=ORIENTED_EDGE('',*,*,#1215,.F.);
#1750=ORIENTED_EDGE('',*,*,#1235,.F.);
#1751=ORIENTED_EDGE('',*,*,#1236,.F.);
#1752=ORIENTED_EDGE('',*,*,#1237,.T.);
#1753=ORIENTED_EDGE('',*,*,#1216,.F.);
#1754=ORIENTED_EDGE('',*,*,#1237,.F.);
#1755=ORIENTED_EDGE('',*,*,#1238,.F.);
#1756=ORIENTED_EDGE('',*,*,#1239,.T.);
#1757=ORIENTED_EDGE('',*,*,#1217,.F.);
#1758=ORIENTED_EDGE('',*,*,#1239,.F.);
#1759=ORIENTED_EDGE('',*,*,#1240,.F.);
#1760=ORIENTED_EDGE('',*,*,#1241,.T.);
#1761=ORIENTED_EDGE('',*,*,#1218,.F.);
#1762=ORIENTED_EDGE('',*,*,#1241,.F.);
#1763=ORIENTED_EDGE('',*,*,#1242,.F.);
#1764=ORIENTED_EDGE('',*,*,#1243,.T.);
#1765=ORIENTED_EDGE('',*,*,#1219,.F.);
#1766=ORIENTED_EDGE('',*,*,#1243,.F.);
#1767=ORIENTED_EDGE('',*,*,#1244,.F.);
#1768=ORIENTED_EDGE('',*,*,#1245,.F.);
#1769=ORIENTED_EDGE('',*,*,#1220,.F.);
#1770=ORIENTED_EDGE('',*,*,#1245,.T.);
#1771=ORIENTED_EDGE('',*,*,#1246,.F.);
#1772=ORIENTED_EDGE('',*,*,#1221,.T.);
#1773=ORIENTED_EDGE('',*,*,#1208,.F.);
#1774=ORIENTED_EDGE('',*,*,#1246,.T.);
#1775=ORIENTED_EDGE('',*,*,#1244,.T.);
#1776=ORIENTED_EDGE('',*,*,#1242,.T.);
#1777=ORIENTED_EDGE('',*,*,#1240,.T.);
#1778=ORIENTED_EDGE('',*,*,#1238,.T.);
#1779=ORIENTED_EDGE('',*,*,#1236,.T.);
#1780=ORIENTED_EDGE('',*,*,#1234,.T.);
#1781=ORIENTED_EDGE('',*,*,#1232,.T.);
#1782=ORIENTED_EDGE('',*,*,#1230,.T.);
#1783=ORIENTED_EDGE('',*,*,#1228,.T.);
#1784=ORIENTED_EDGE('',*,*,#1226,.T.);
#1785=ORIENTED_EDGE('',*,*,#1224,.T.);
#1786=ORIENTED_EDGE('',*,*,#1222,.T.);
#1787=ORIENTED_EDGE('',*,*,#1247,.F.);
#1788=ORIENTED_EDGE('',*,*,#1248,.T.);
#1789=ORIENTED_EDGE('',*,*,#1249,.F.);
#1790=ORIENTED_EDGE('',*,*,#1248,.F.);
#1791=ORIENTED_EDGE('',*,*,#1250,.F.);
#1792=ORIENTED_EDGE('',*,*,#1251,.T.);
#1793=ORIENTED_EDGE('',*,*,#1252,.F.);
#1794=ORIENTED_EDGE('',*,*,#1251,.F.);
#1795=ORIENTED_EDGE('',*,*,#1253,.F.);
#1796=ORIENTED_EDGE('',*,*,#1254,.F.);
#1797=ORIENTED_EDGE('',*,*,#1255,.F.);
#1798=ORIENTED_EDGE('',*,*,#1256,.F.);
#1799=ORIENTED_EDGE('',*,*,#1257,.F.);
#1800=ORIENTED_EDGE('',*,*,#1258,.F.);
#1801=ORIENTED_EDGE('',*,*,#1259,.F.);
#1802=ORIENTED_EDGE('',*,*,#1260,.F.);
#1803=ORIENTED_EDGE('',*,*,#1261,.F.);
#1804=ORIENTED_EDGE('',*,*,#1262,.F.);
#1805=ORIENTED_EDGE('',*,*,#1263,.F.);
#1806=ORIENTED_EDGE('',*,*,#1264,.F.);
#1807=ORIENTED_EDGE('',*,*,#1258,.T.);
#1808=ORIENTED_EDGE('',*,*,#1265,.T.);
#1809=ORIENTED_EDGE('',*,*,#1266,.T.);
#1810=ORIENTED_EDGE('',*,*,#1267,.T.);
#1811=ORIENTED_EDGE('',*,*,#1250,.T.);
#1812=ORIENTED_EDGE('',*,*,#1268,.T.);
#1813=ORIENTED_EDGE('',*,*,#1257,.T.);
#1814=ORIENTED_EDGE('',*,*,#1269,.T.);
#1815=ORIENTED_EDGE('',*,*,#1270,.T.);
#1816=ORIENTED_EDGE('',*,*,#1265,.F.);
#1817=ORIENTED_EDGE('',*,*,#1256,.T.);
#1818=ORIENTED_EDGE('',*,*,#1271,.F.);
#1819=ORIENTED_EDGE('',*,*,#1272,.T.);
#1820=ORIENTED_EDGE('',*,*,#1269,.F.);
#1821=ORIENTED_EDGE('',*,*,#1252,.T.);
#1822=ORIENTED_EDGE('',*,*,#1273,.T.);
#1823=ORIENTED_EDGE('',*,*,#1255,.T.);
#1824=ORIENTED_EDGE('',*,*,#1274,.T.);
#1825=ORIENTED_EDGE('',*,*,#1275,.F.);
#1826=ORIENTED_EDGE('',*,*,#1271,.T.);
#1827=ORIENTED_EDGE('',*,*,#1254,.T.);
#1828=ORIENTED_EDGE('',*,*,#1276,.T.);
#1829=ORIENTED_EDGE('',*,*,#1277,.F.);
#1830=ORIENTED_EDGE('',*,*,#1274,.F.);
#1831=ORIENTED_EDGE('',*,*,#1253,.T.);
#1832=ORIENTED_EDGE('',*,*,#1278,.T.);
#1833=ORIENTED_EDGE('',*,*,#1279,.F.);
#1834=ORIENTED_EDGE('',*,*,#1276,.F.);
#1835=ORIENTED_EDGE('',*,*,#1262,.T.);
#1836=ORIENTED_EDGE('',*,*,#1280,.F.);
#1837=ORIENTED_EDGE('',*,*,#1281,.F.);
#1838=ORIENTED_EDGE('',*,*,#1282,.T.);
#1839=ORIENTED_EDGE('',*,*,#1247,.T.);
#1840=ORIENTED_EDGE('',*,*,#1283,.T.);
#1841=ORIENTED_EDGE('',*,*,#1273,.F.);
#1842=ORIENTED_EDGE('',*,*,#1284,.T.);
#1843=ORIENTED_EDGE('',*,*,#1268,.F.);
#1844=ORIENTED_EDGE('',*,*,#1284,.F.);
#1845=ORIENTED_EDGE('',*,*,#1285,.F.);
#1846=ORIENTED_EDGE('',*,*,#1286,.T.);
#1847=ORIENTED_EDGE('',*,*,#1283,.F.);
#1848=ORIENTED_EDGE('',*,*,#1286,.F.);
#1849=ORIENTED_EDGE('',*,*,#1264,.T.);
#1850=ORIENTED_EDGE('',*,*,#1287,.F.);
#1851=ORIENTED_EDGE('',*,*,#1288,.F.);
#1852=ORIENTED_EDGE('',*,*,#1278,.F.);
#1853=ORIENTED_EDGE('',*,*,#1249,.T.);
#1854=ORIENTED_EDGE('',*,*,#1285,.T.);
#1855=ORIENTED_EDGE('',*,*,#1263,.T.);
#1856=ORIENTED_EDGE('',*,*,#1282,.F.);
#1857=ORIENTED_EDGE('',*,*,#1289,.F.);
#1858=ORIENTED_EDGE('',*,*,#1287,.T.);
#1859=ORIENTED_EDGE('',*,*,#1259,.T.);
#1860=ORIENTED_EDGE('',*,*,#1267,.F.);
#1861=ORIENTED_EDGE('',*,*,#1290,.F.);
#1862=ORIENTED_EDGE('',*,*,#1291,.F.);
#1863=ORIENTED_EDGE('',*,*,#1260,.T.);
#1864=ORIENTED_EDGE('',*,*,#1291,.T.);
#1865=ORIENTED_EDGE('',*,*,#1292,.F.);
#1866=ORIENTED_EDGE('',*,*,#1293,.F.);
#1867=ORIENTED_EDGE('',*,*,#1261,.T.);
#1868=ORIENTED_EDGE('',*,*,#1293,.T.);
#1869=ORIENTED_EDGE('',*,*,#1294,.T.);
#1870=ORIENTED_EDGE('',*,*,#1280,.T.);
#1871=ORIENTED_EDGE('',*,*,#1279,.T.);
#1872=ORIENTED_EDGE('',*,*,#1288,.T.);
#1873=ORIENTED_EDGE('',*,*,#1289,.T.);
#1874=ORIENTED_EDGE('',*,*,#1281,.T.);
#1875=ORIENTED_EDGE('',*,*,#1294,.F.);
#1876=ORIENTED_EDGE('',*,*,#1292,.T.);
#1877=ORIENTED_EDGE('',*,*,#1290,.T.);
#1878=ORIENTED_EDGE('',*,*,#1266,.F.);
#1879=ORIENTED_EDGE('',*,*,#1270,.F.);
#1880=ORIENTED_EDGE('',*,*,#1272,.F.);
#1881=ORIENTED_EDGE('',*,*,#1275,.T.);
#1882=ORIENTED_EDGE('',*,*,#1277,.T.);
#1883=PLANE('',#2034);
#1884=PLANE('',#2035);
#1885=PLANE('',#2042);
#1886=PLANE('',#2045);
#1887=PLANE('',#2046);
#1888=PLANE('',#2047);
#1889=PLANE('',#2054);
#1890=PLANE('',#2057);
#1891=PLANE('',#2066);
#1892=PLANE('',#2067);
#1893=PLANE('',#2074);
#1894=PLANE('',#2077);
#1895=PLANE('',#2078);
#1896=PLANE('',#2079);
#1897=PLANE('',#2092);
#1898=PLANE('',#2095);
#1899=PLANE('',#2096);
#1900=PLANE('',#2103);
#1901=PLANE('',#2104);
#1902=PLANE('',#2105);
#1903=PLANE('',#2118);
#1904=PLANE('',#2136);
#1905=PLANE('',#2140);
#1906=PLANE('',#2153);
#1907=PLANE('',#2160);
#1908=PLANE('',#2167);
#1909=PLANE('',#2168);
#1910=PLANE('',#2170);
#1911=PLANE('',#2171);
#1912=PLANE('',#2173);
#1913=PLANE('',#2174);
#1914=PLANE('',#2175);
#1915=PLANE('',#2176);
#1916=PLANE('',#2181);
#1917=PLANE('',#2182);
#1918=PLANE('',#2183);
#1919=PLANE('',#2184);
#1920=PLANE('',#2185);
#1921=PLANE('',#2186);
#1922=ADVANCED_FACE('',(#250),#1883,.F.);
#1923=ADVANCED_FACE('',(#251,#89),#1884,.T.);
#1924=ADVANCED_FACE('',(#252,#90,#91),#1885,.T.);
#1925=ADVANCED_FACE('',(#253),#1886,.F.);
#1926=ADVANCED_FACE('',(#254),#1887,.F.);
#1927=ADVANCED_FACE('',(#255,#92),#1888,.T.);
#1928=ADVANCED_FACE('',(#256,#93,#94),#1889,.T.);
#1929=ADVANCED_FACE('',(#257),#1890,.F.);
#1930=ADVANCED_FACE('',(#258),#65,.F.);
#1931=ADVANCED_FACE('',(#259),#27,.F.);
#1932=ADVANCED_FACE('',(#260),#66,.F.);
#1933=ADVANCED_FACE('',(#261),#28,.F.);
#1934=ADVANCED_FACE('',(#262),#67,.F.);
#1935=ADVANCED_FACE('',(#263),#29,.F.);
#1936=ADVANCED_FACE('',(#264),#68,.F.);
#1937=ADVANCED_FACE('',(#265),#30,.F.);
#1938=ADVANCED_FACE('',(#266),#69,.F.);
#1939=ADVANCED_FACE('',(#267),#31,.F.);
#1940=ADVANCED_FACE('',(#268),#70,.F.);
#1941=ADVANCED_FACE('',(#269),#32,.F.);
#1942=ADVANCED_FACE('',(#270),#33,.F.);
#1943=ADVANCED_FACE('',(#271),#34,.F.);
#1944=ADVANCED_FACE('',(#272),#1891,.F.);
#1945=ADVANCED_FACE('',(#273,#95),#1892,.T.);
#1946=ADVANCED_FACE('',(#274,#96,#97),#1893,.T.);
#1947=ADVANCED_FACE('',(#275),#1894,.F.);
#1948=ADVANCED_FACE('',(#276),#1895,.F.);
#1949=ADVANCED_FACE('',(#277,#98,#99),#1896,.T.);
#1950=ADVANCED_FACE('',(#278,#100,#101,#102),#1897,.T.);
#1951=ADVANCED_FACE('',(#279),#1898,.F.);
#1952=ADVANCED_FACE('',(#280,#103),#1899,.F.);
#1953=ADVANCED_FACE('',(#281),#1900,.T.);
#1954=ADVANCED_FACE('',(#282),#1901,.F.);
#1955=ADVANCED_FACE('',(#283,#104,#105),#1902,.F.);
#1956=ADVANCED_FACE('',(#284),#1903,.F.);
#1957=ADVANCED_FACE('',(#285),#71,.F.);
#1958=ADVANCED_FACE('',(#286),#72,.F.);
#1959=ADVANCED_FACE('',(#287),#35,.F.);
#1960=ADVANCED_FACE('',(#288),#36,.F.);
#1961=ADVANCED_FACE('',(#289),#37,.F.);
#1962=ADVANCED_FACE('',(#290),#73,.F.);
#1963=ADVANCED_FACE('',(#291),#74,.F.);
#1964=ADVANCED_FACE('',(#292),#75,.F.);
#1965=ADVANCED_FACE('',(#293),#38,.F.);
#1966=ADVANCED_FACE('',(#294),#39,.F.);
#1967=ADVANCED_FACE('',(#295),#40,.F.);
#1968=ADVANCED_FACE('',(#296),#76,.F.);
#1969=ADVANCED_FACE('',(#297),#77,.F.);
#1970=ADVANCED_FACE('',(#298),#78,.F.);
#1971=ADVANCED_FACE('',(#299),#41,.F.);
#1972=ADVANCED_FACE('',(#300),#42,.F.);
#1973=ADVANCED_FACE('',(#301),#43,.F.);
#1974=ADVANCED_FACE('',(#302),#79,.F.);
#1975=ADVANCED_FACE('',(#303),#80,.F.);
#1976=ADVANCED_FACE('',(#304),#44,.F.);
#1977=ADVANCED_FACE('',(#305),#81,.F.);
#1978=ADVANCED_FACE('',(#306),#45,.F.);
#1979=ADVANCED_FACE('',(#307),#82,.F.);
#1980=ADVANCED_FACE('',(#308),#46,.F.);
#1981=ADVANCED_FACE('',(#309),#47,.F.);
#1982=ADVANCED_FACE('',(#310),#48,.F.);
#1983=ADVANCED_FACE('',(#311),#13,.F.);
#1984=ADVANCED_FACE('',(#312),#49,.F.);
#1985=ADVANCED_FACE('',(#313),#14,.F.);
#1986=ADVANCED_FACE('',(#314),#50,.F.);
#1987=ADVANCED_FACE('',(#315),#15,.F.);
#1988=ADVANCED_FACE('',(#316),#51,.F.);
#1989=ADVANCED_FACE('',(#317),#1904,.F.);
#1990=ADVANCED_FACE('',(#318),#16,.F.);
#1991=ADVANCED_FACE('',(#319),#52,.F.);
#1992=ADVANCED_FACE('',(#320),#17,.F.);
#1993=ADVANCED_FACE('',(#321),#53,.F.);
#1994=ADVANCED_FACE('',(#322),#18,.F.);
#1995=ADVANCED_FACE('',(#323),#54,.F.);
#1996=ADVANCED_FACE('',(#324),#1905,.T.);
#1997=ADVANCED_FACE('',(#325),#83,.T.);
#1998=ADVANCED_FACE('',(#326),#55,.T.);
#1999=ADVANCED_FACE('',(#327),#84,.T.);
#2000=ADVANCED_FACE('',(#328),#56,.T.);
#2001=ADVANCED_FACE('',(#329),#85,.T.);
#2002=ADVANCED_FACE('',(#330),#57,.T.);
#2003=ADVANCED_FACE('',(#331),#86,.T.);
#2004=ADVANCED_FACE('',(#332),#1906,.T.);
#2005=ADVANCED_FACE('',(#333),#58,.T.);
#2006=ADVANCED_FACE('',(#334),#87,.T.);
#2007=ADVANCED_FACE('',(#335),#59,.T.);
#2008=ADVANCED_FACE('',(#336),#88,.T.);
#2009=ADVANCED_FACE('',(#337),#60,.T.);
#2010=ADVANCED_FACE('',(#338),#1907,.F.);
#2011=ADVANCED_FACE('',(#339),#61,.F.);
#2012=ADVANCED_FACE('',(#340),#62,.F.);
#2013=ADVANCED_FACE('',(#341),#1908,.F.);
#2014=ADVANCED_FACE('',(#342,#106,#107),#1909,.T.);
#2015=ADVANCED_FACE('',(#343),#1910,.T.);
#2016=ADVANCED_FACE('',(#344,#108,#109),#1911,.T.);
#2017=ADVANCED_FACE('',(#345),#1912,.T.);
#2018=ADVANCED_FACE('',(#346),#1913,.T.);
#2019=ADVANCED_FACE('',(#347),#1914,.T.);
#2020=ADVANCED_FACE('',(#348,#110,#111),#1915,.T.);
#2021=ADVANCED_FACE('',(#349),#63,.F.);
#2022=ADVANCED_FACE('',(#350),#64,.F.);
#2023=ADVANCED_FACE('',(#351,#112,#113),#1916,.T.);
#2024=ADVANCED_FACE('',(#352),#1917,.T.);
#2025=ADVANCED_FACE('',(#353),#1918,.T.);
#2026=ADVANCED_FACE('',(#354),#1919,.T.);
#2027=ADVANCED_FACE('',(#355),#1920,.T.);
#2028=ADVANCED_FACE('',(#356),#1921,.T.);
#2029=CLOSED_SHELL('',(#1922,#1923,#1924,#1925,#1926,#1927,#1928,#1929,
#1930,#1931,#1932,#1933,#1934,#1935,#1936,#1937,#1938,#1939,#1940,#1941,
#1942,#1943));
#2030=CLOSED_SHELL('',(#1944,#1945,#1946,#1947,#1948,#1949,#1950,#1951,
#1952,#1953,#1954,#1955,#1956,#1957,#1958,#1959,#1960,#1961,#1962,#1963,
#1964,#1965,#1966,#1967,#1968,#1969,#1970,#1971,#1972,#1973,#1974,#1975,
#1976,#1977,#1978,#1979,#1980,#1981,#1982,#1983,#1984,#1985,#1986,#1987,
#1988,#1989,#1990,#1991,#1992,#1993,#1994,#1995));
#2031=CLOSED_SHELL('',(#1996,#1997,#1998,#1999,#2000,#2001,#2002,#2003,
#2004,#2005,#2006,#2007,#2008,#2009,#2010));
#2032=CLOSED_SHELL('',(#2011,#2012,#2013,#2014,#2015,#2016,#2017,#2018,
#2019,#2020,#2021,#2022,#2023,#2024,#2025,#2026,#2027,#2028));
#2033=AXIS2_PLACEMENT_3D('',#2653,#2187,#2188);
#2034=AXIS2_PLACEMENT_3D('',#2654,#2189,#2190);
#2035=AXIS2_PLACEMENT_3D('',#2667,#2197,#2198);
#2036=AXIS2_PLACEMENT_3D('',#2683,#2202,#2203);
#2037=AXIS2_PLACEMENT_3D('',#2693,#2204,#2205);
#2038=AXIS2_PLACEMENT_3D('',#2703,#2206,#2207);
#2039=AXIS2_PLACEMENT_3D('',#2713,#2208,#2209);
#2040=AXIS2_PLACEMENT_3D('',#2723,#2210,#2211);
#2041=AXIS2_PLACEMENT_3D('',#2732,#2212,#2213);
#2042=AXIS2_PLACEMENT_3D('',#2733,#2214,#2215);
#2043=AXIS2_PLACEMENT_3D('',#2738,#2218,#2219);
#2044=AXIS2_PLACEMENT_3D('',#2740,#2220,#2221);
#2045=AXIS2_PLACEMENT_3D('',#2741,#2222,#2223);
#2046=AXIS2_PLACEMENT_3D('',#2745,#2226,#2227);
#2047=AXIS2_PLACEMENT_3D('',#2751,#2231,#2232);
#2048=AXIS2_PLACEMENT_3D('',#2764,#2235,#2236);
#2049=AXIS2_PLACEMENT_3D('',#2774,#2237,#2238);
#2050=AXIS2_PLACEMENT_3D('',#2784,#2239,#2240);
#2051=AXIS2_PLACEMENT_3D('',#2794,#2241,#2242);
#2052=AXIS2_PLACEMENT_3D('',#2804,#2243,#2244);
#2053=AXIS2_PLACEMENT_3D('',#2813,#2245,#2246);
#2054=AXIS2_PLACEMENT_3D('',#2814,#2247,#2248);
#2055=AXIS2_PLACEMENT_3D('',#2816,#2249,#2250);
#2056=AXIS2_PLACEMENT_3D('',#2818,#2251,#2252);
#2057=AXIS2_PLACEMENT_3D('',#2819,#2253,#2254);
#2058=AXIS2_PLACEMENT_3D('',#2834,#2257,#2258);
#2059=AXIS2_PLACEMENT_3D('',#2849,#2261,#2262);
#2060=AXIS2_PLACEMENT_3D('',#2864,#2265,#2266);
#2061=AXIS2_PLACEMENT_3D('',#2879,#2269,#2270);
#2062=AXIS2_PLACEMENT_3D('',#2894,#2273,#2274);
#2063=AXIS2_PLACEMENT_3D('',#2909,#2277,#2278);
#2064=AXIS2_PLACEMENT_3D('',#2910,#2279,#2280);
#2065=AXIS2_PLACEMENT_3D('',#2912,#2282,#2283);
#2066=AXIS2_PLACEMENT_3D('',#2914,#2285,#2286);
#2067=AXIS2_PLACEMENT_3D('',#2927,#2293,#2294);
#2068=AXIS2_PLACEMENT_3D('',#2943,#2298,#2299);
#2069=AXIS2_PLACEMENT_3D('',#2953,#2300,#2301);
#2070=AXIS2_PLACEMENT_3D('',#2963,#2302,#2303);
#2071=AXIS2_PLACEMENT_3D('',#2973,#2304,#2305);
#2072=AXIS2_PLACEMENT_3D('',#2983,#2306,#2307);
#2073=AXIS2_PLACEMENT_3D('',#2992,#2308,#2309);
#2074=AXIS2_PLACEMENT_3D('',#2993,#2310,#2311);
#2075=AXIS2_PLACEMENT_3D('',#2998,#2314,#2315);
#2076=AXIS2_PLACEMENT_3D('',#3000,#2316,#2317);
#2077=AXIS2_PLACEMENT_3D('',#3001,#2318,#2319);
#2078=AXIS2_PLACEMENT_3D('',#3005,#2322,#2323);
#2079=AXIS2_PLACEMENT_3D('',#3011,#2327,#2328);
#2080=AXIS2_PLACEMENT_3D('',#3024,#2331,#2332);
#2081=AXIS2_PLACEMENT_3D('',#3034,#2333,#2334);
#2082=AXIS2_PLACEMENT_3D('',#3044,#2335,#2336);
#2083=AXIS2_PLACEMENT_3D('',#3054,#2337,#2338);
#2084=AXIS2_PLACEMENT_3D('',#3064,#2339,#2340);
#2085=AXIS2_PLACEMENT_3D('',#3073,#2341,#2342);
#2086=AXIS2_PLACEMENT_3D('',#3078,#2344,#2345);
#2087=AXIS2_PLACEMENT_3D('',#3103,#2346,#2347);
#2088=AXIS2_PLACEMENT_3D('',#3137,#2348,#2349);
#2089=AXIS2_PLACEMENT_3D('',#3162,#2350,#2351);
#2090=AXIS2_PLACEMENT_3D('',#3178,#2352,#2353);
#2091=AXIS2_PLACEMENT_3D('',#3203,#2354,#2355);
#2092=AXIS2_PLACEMENT_3D('',#3223,#2356,#2357);
#2093=AXIS2_PLACEMENT_3D('',#3233,#2362,#2363);
#2094=AXIS2_PLACEMENT_3D('',#3235,#2364,#2365);
#2095=AXIS2_PLACEMENT_3D('',#3236,#2366,#2367);
#2096=AXIS2_PLACEMENT_3D('',#3242,#2371,#2372);
#2097=AXIS2_PLACEMENT_3D('',#3256,#2375,#2376);
#2098=AXIS2_PLACEMENT_3D('',#3266,#2377,#2378);
#2099=AXIS2_PLACEMENT_3D('',#3276,#2379,#2380);
#2100=AXIS2_PLACEMENT_3D('',#3286,#2381,#2382);
#2101=AXIS2_PLACEMENT_3D('',#3296,#2383,#2384);
#2102=AXIS2_PLACEMENT_3D('',#3305,#2385,#2386);
#2103=AXIS2_PLACEMENT_3D('',#3306,#2387,#2388);
#2104=AXIS2_PLACEMENT_3D('',#3310,#2391,#2392);
#2105=AXIS2_PLACEMENT_3D('',#3311,#2393,#2394);
#2106=AXIS2_PLACEMENT_3D('',#3337,#2397,#2398);
#2107=AXIS2_PLACEMENT_3D('',#3365,#2399,#2400);
#2108=AXIS2_PLACEMENT_3D('',#3381,#2401,#2402);
#2109=AXIS2_PLACEMENT_3D('',#3406,#2403,#2404);
#2110=AXIS2_PLACEMENT_3D('',#3440,#2405,#2406);
#2111=AXIS2_PLACEMENT_3D('',#3461,#2407,#2408);
#2112=AXIS2_PLACEMENT_3D('',#3472,#2409,#2410);
#2113=AXIS2_PLACEMENT_3D('',#3482,#2411,#2412);
#2114=AXIS2_PLACEMENT_3D('',#3492,#2413,#2414);
#2115=AXIS2_PLACEMENT_3D('',#3502,#2415,#2416);
#2116=AXIS2_PLACEMENT_3D('',#3512,#2417,#2418);
#2117=AXIS2_PLACEMENT_3D('',#3521,#2419,#2420);
#2118=AXIS2_PLACEMENT_3D('',#3522,#2421,#2422);
#2119=AXIS2_PLACEMENT_3D('',#3551,#2427,#2428);
#2120=AXIS2_PLACEMENT_3D('',#3553,#2430,#2431);
#2121=AXIS2_PLACEMENT_3D('',#3555,#2433,#2434);
#2122=AXIS2_PLACEMENT_3D('',#3596,#2439,#2440);
#2123=AXIS2_PLACEMENT_3D('',#3598,#2442,#2443);
#2124=AXIS2_PLACEMENT_3D('',#3600,#2445,#2446);
#2125=AXIS2_PLACEMENT_3D('',#3641,#2451,#2452);
#2126=AXIS2_PLACEMENT_3D('',#3643,#2454,#2455);
#2127=AXIS2_PLACEMENT_3D('',#3645,#2457,#2458);
#2128=AXIS2_PLACEMENT_3D('',#3672,#2461,#2462);
#2129=AXIS2_PLACEMENT_3D('',#3687,#2465,#2466);
#2130=AXIS2_PLACEMENT_3D('',#3702,#2469,#2470);
#2131=AXIS2_PLACEMENT_3D('',#3703,#2471,#2472);
#2132=AXIS2_PLACEMENT_3D('',#3705,#2474,#2475);
#2133=AXIS2_PLACEMENT_3D('',#3731,#2479,#2480);
#2134=AXIS2_PLACEMENT_3D('',#3758,#2483,#2484);
#2135=AXIS2_PLACEMENT_3D('',#3781,#2487,#2488);
#2136=AXIS2_PLACEMENT_3D('',#3783,#2490,#2491);
#2137=AXIS2_PLACEMENT_3D('',#3808,#2494,#2495);
#2138=AXIS2_PLACEMENT_3D('',#3835,#2498,#2499);
#2139=AXIS2_PLACEMENT_3D('',#3856,#2502,#2503);
#2140=AXIS2_PLACEMENT_3D('',#3857,#2504,#2505);
#2141=AXIS2_PLACEMENT_3D('',#3860,#2506,#2507);
#2142=AXIS2_PLACEMENT_3D('',#3869,#2508,#2509);
#2143=AXIS2_PLACEMENT_3D('',#3878,#2510,#2511);
#2144=AXIS2_PLACEMENT_3D('',#3887,#2512,#2513);
#2145=AXIS2_PLACEMENT_3D('',#3898,#2515,#2516);
#2146=AXIS2_PLACEMENT_3D('',#3907,#2517,#2518);
#2147=AXIS2_PLACEMENT_3D('',#3936,#2521,#2522);
#2148=AXIS2_PLACEMENT_3D('',#3938,#2523,#2524);
#2149=AXIS2_PLACEMENT_3D('',#3960,#2527,#2528);
#2150=AXIS2_PLACEMENT_3D('',#3962,#2529,#2530);
#2151=AXIS2_PLACEMENT_3D('',#3984,#2533,#2534);
#2152=AXIS2_PLACEMENT_3D('',#3986,#2535,#2536);
#2153=AXIS2_PLACEMENT_3D('',#4008,#2539,#2540);
#2154=AXIS2_PLACEMENT_3D('',#4012,#2543,#2544);
#2155=AXIS2_PLACEMENT_3D('',#4014,#2545,#2546);
#2156=AXIS2_PLACEMENT_3D('',#4036,#2549,#2550);
#2157=AXIS2_PLACEMENT_3D('',#4038,#2551,#2552);
#2158=AXIS2_PLACEMENT_3D('',#4060,#2555,#2556);
#2159=AXIS2_PLACEMENT_3D('',#4061,#2557,#2558);
#2160=AXIS2_PLACEMENT_3D('',#4062,#2559,#2560);
#2161=AXIS2_PLACEMENT_3D('',#4063,#2561,#2562);
#2162=AXIS2_PLACEMENT_3D('',#4065,#2563,#2564);
#2163=AXIS2_PLACEMENT_3D('',#4068,#2566,#2567);
#2164=AXIS2_PLACEMENT_3D('',#4069,#2568,#2569);
#2165=AXIS2_PLACEMENT_3D('',#4071,#2570,#2571);
#2166=AXIS2_PLACEMENT_3D('',#4074,#2573,#2574);
#2167=AXIS2_PLACEMENT_3D('',#4075,#2575,#2576);
#2168=AXIS2_PLACEMENT_3D('',#4100,#2589,#2590);
#2169=AXIS2_PLACEMENT_3D('',#4107,#2594,#2595);
#2170=AXIS2_PLACEMENT_3D('',#4108,#2596,#2597);
#2171=AXIS2_PLACEMENT_3D('',#4112,#2600,#2601);
#2172=AXIS2_PLACEMENT_3D('',#4117,#2604,#2605);
#2173=AXIS2_PLACEMENT_3D('',#4118,#2606,#2607);
#2174=AXIS2_PLACEMENT_3D('',#4122,#2610,#2611);
#2175=AXIS2_PLACEMENT_3D('',#4126,#2614,#2615);
#2176=AXIS2_PLACEMENT_3D('',#4130,#2618,#2619);
#2177=AXIS2_PLACEMENT_3D('',#4137,#2623,#2624);
#2178=AXIS2_PLACEMENT_3D('',#4138,#2625,#2626);
#2179=AXIS2_PLACEMENT_3D('',#4140,#2628,#2629);
#2180=AXIS2_PLACEMENT_3D('',#4142,#2630,#2631);
#2181=AXIS2_PLACEMENT_3D('',#4144,#2633,#2634);
#2182=AXIS2_PLACEMENT_3D('',#4148,#2637,#2638);
#2183=AXIS2_PLACEMENT_3D('',#4150,#2640,#2641);
#2184=AXIS2_PLACEMENT_3D('',#4154,#2644,#2645);
#2185=AXIS2_PLACEMENT_3D('',#4158,#2648,#2649);
#2186=AXIS2_PLACEMENT_3D('',#4160,#2651,#2652);
#2187=DIRECTION('axis',(0.,0.,1.));
#2188=DIRECTION('refdir',(1.,0.,0.));
#2189=DIRECTION('center_axis',(0.,1.,1.22464679914735E-16));
#2190=DIRECTION('ref_axis',(0.,-1.22464679914735E-16,1.));
#2191=DIRECTION('',(0.,-1.22464679914735E-16,1.));
#2192=DIRECTION('',(-1.,0.,0.));
#2193=DIRECTION('',(0.,1.22464679914735E-16,-1.));
#2194=DIRECTION('',(1.,0.,0.));
#2195=DIRECTION('',(0.,-1.22464679914735E-16,1.));
#2196=DIRECTION('',(1.,0.,0.));
#2197=DIRECTION('center_axis',(1.,0.,0.));
#2198=DIRECTION('ref_axis',(0.,-1.,1.22464679914735E-16));
#2199=DIRECTION('',(0.,-1.,1.22464679914735E-16));
#2200=DIRECTION('',(0.,-1.22464679914735E-16,1.));
#2201=DIRECTION('',(0.,-1.,1.22464679914735E-16));
#2202=DIRECTION('center_axis',(-1.,0.,0.));
#2203=DIRECTION('ref_axis',(8.8112938462314E-17,-1.,1.22464679914725E-16));
#2204=DIRECTION('center_axis',(-1.,0.,0.));
#2205=DIRECTION('ref_axis',(8.8112938462314E-17,-1.,1.22464679914725E-16));
#2206=DIRECTION('center_axis',(-1.,0.,0.));
#2207=DIRECTION('ref_axis',(8.8112938462314E-17,-1.,1.22464679914725E-16));
#2208=DIRECTION('center_axis',(-1.,0.,0.));
#2209=DIRECTION('ref_axis',(8.8112938462314E-17,-1.,1.22464679914725E-16));
#2210=DIRECTION('center_axis',(-1.,0.,0.));
#2211=DIRECTION('ref_axis',(8.8112938462314E-17,-1.,1.22464679914725E-16));
#2212=DIRECTION('center_axis',(-1.,0.,0.));
#2213=DIRECTION('ref_axis',(8.8112938462314E-17,-1.,1.22464679914725E-16));
#2214=DIRECTION('center_axis',(0.,-1.22464679914735E-16,-1.));
#2215=DIRECTION('ref_axis',(1.,0.,0.));
#2216=DIRECTION('',(0.,1.,-1.22464679914735E-16));
#2217=DIRECTION('',(1.,0.,0.));
#2218=DIRECTION('center_axis',(0.,1.22464679914735E-16,1.));
#2219=DIRECTION('ref_axis',(-1.,0.,0.));
#2220=DIRECTION('center_axis',(0.,1.22464679914735E-16,1.));
#2221=DIRECTION('ref_axis',(-1.,0.,0.));
#2222=DIRECTION('center_axis',(1.,0.,0.));
#2223=DIRECTION('ref_axis',(0.,-1.22464679914735E-16,1.));
#2224=DIRECTION('',(0.,-1.,1.22464679914735E-16));
#2225=DIRECTION('',(0.,1.22464679914735E-16,-1.));
#2226=DIRECTION('center_axis',(0.,-1.,-1.22464679914735E-16));
#2227=DIRECTION('ref_axis',(0.,1.22464679914735E-16,-1.));
#2228=DIRECTION('',(-1.,0.,0.));
#2229=DIRECTION('',(0.,1.22464679914735E-16,-1.));
#2230=DIRECTION('',(-1.,0.,0.));
#2231=DIRECTION('center_axis',(-1.,0.,0.));
#2232=DIRECTION('ref_axis',(0.,1.,-1.22464679914735E-16));
#2233=DIRECTION('',(0.,1.,-1.22464679914735E-16));
#2234=DIRECTION('',(0.,-1.,1.22464679914735E-16));
#2235=DIRECTION('center_axis',(1.,0.,0.));
#2236=DIRECTION('ref_axis',(8.8112938462314E-17,-1.,1.22464679914725E-16));
#2237=DIRECTION('center_axis',(1.,0.,0.));
#2238=DIRECTION('ref_axis',(8.8112938462314E-17,-1.,1.22464679914725E-16));
#2239=DIRECTION('center_axis',(1.,0.,0.));
#2240=DIRECTION('ref_axis',(8.8112938462314E-17,-1.,1.22464679914725E-16));
#2241=DIRECTION('center_axis',(1.,0.,0.));
#2242=DIRECTION('ref_axis',(8.8112938462314E-17,-1.,1.22464679914725E-16));
#2243=DIRECTION('center_axis',(1.,0.,0.));
#2244=DIRECTION('ref_axis',(8.8112938462314E-17,-1.,1.22464679914725E-16));
#2245=DIRECTION('center_axis',(1.,0.,0.));
#2246=DIRECTION('ref_axis',(8.8112938462314E-17,-1.,1.22464679914725E-16));
#2247=DIRECTION('center_axis',(0.,1.22464679914735E-16,1.));
#2248=DIRECTION('ref_axis',(0.,1.,-1.22464679914735E-16));
#2249=DIRECTION('center_axis',(0.,-1.22464679914735E-16,-1.));
#2250=DIRECTION('ref_axis',(-1.,0.,0.));
#2251=DIRECTION('center_axis',(0.,-1.22464679914735E-16,-1.));
#2252=DIRECTION('ref_axis',(-1.,0.,0.));
#2253=DIRECTION('center_axis',(0.,-1.22464679914735E-16,-1.));
#2254=DIRECTION('ref_axis',(1.,0.,0.));
#2255=DIRECTION('',(-1.,-8.8112938462313E-17,8.38835174161229E-15));
#2256=DIRECTION('',(-1.,-8.8112938462313E-17,8.38835174161229E-15));
#2257=DIRECTION('center_axis',(-1.,-8.8112938462313E-17,8.38835174161229E-15));
#2258=DIRECTION('ref_axis',(1.24919981935412E-15,0.987231697279876,0.159290853114341));
#2259=DIRECTION('',(-1.,-8.8112938462313E-17,8.38835174161229E-15));
#2260=DIRECTION('',(-1.,-8.8112938462313E-17,8.38835174161229E-15));
#2261=DIRECTION('center_axis',(-1.,-8.8112938462313E-17,8.38835174161229E-15));
#2262=DIRECTION('ref_axis',(8.8112938462314E-17,-1.,1.22464679914725E-16));
#2263=DIRECTION('',(-1.,-8.8112938462313E-17,8.38835174161229E-15));
#2264=DIRECTION('',(-1.,-8.8112938462313E-17,8.38835174161229E-15));
#2265=DIRECTION('center_axis',(-1.,-8.8112938462313E-17,8.38835174161229E-15));
#2266=DIRECTION('ref_axis',(8.8112938462314E-17,-1.,1.22464679914725E-16));
#2267=DIRECTION('',(-1.,-8.8112938462313E-17,8.38835174161229E-15));
#2268=DIRECTION('',(-1.,-8.8112938462313E-17,8.38835174161229E-15));
#2269=DIRECTION('center_axis',(-1.,-8.8112938462313E-17,8.38835174161229E-15));
#2270=DIRECTION('ref_axis',(8.8112938462314E-17,-1.,1.22464679914725E-16));
#2271=DIRECTION('',(-1.,-8.8112938462313E-17,8.38835174161229E-15));
#2272=DIRECTION('',(-1.,-8.8112938462313E-17,8.38835174161229E-15));
#2273=DIRECTION('center_axis',(-1.,-8.8112938462313E-17,8.38835174161229E-15));
#2274=DIRECTION('ref_axis',(8.8112938462314E-17,-1.,1.22464679914725E-16));
#2275=DIRECTION('',(-1.,-8.8112938462313E-17,8.38835174161229E-15));
#2276=DIRECTION('',(-1.,-8.8112938462313E-17,8.38835174161229E-15));
#2277=DIRECTION('center_axis',(-1.,-8.8112938462313E-17,8.38835174161229E-15));
#2278=DIRECTION('ref_axis',(8.8112938462314E-17,-1.,1.22464679914725E-16));
#2279=DIRECTION('center_axis',(0.,1.22464679914735E-16,1.));
#2280=DIRECTION('ref_axis',(-1.,0.,0.));
#2281=DIRECTION('',(0.,1.22464679914735E-16,1.));
#2282=DIRECTION('center_axis',(0.,1.22464679914735E-16,1.));
#2283=DIRECTION('ref_axis',(-1.,0.,0.));
#2284=DIRECTION('',(0.,1.22464679914735E-16,1.));
#2285=DIRECTION('center_axis',(0.,1.,1.22464679914735E-16));
#2286=DIRECTION('ref_axis',(0.,-1.22464679914735E-16,1.));
#2287=DIRECTION('',(0.,1.22464679914735E-16,-1.));
#2288=DIRECTION('',(1.,0.,0.));
#2289=DIRECTION('',(0.,1.22464679914735E-16,-1.));
#2290=DIRECTION('',(1.,0.,0.));
#2291=DIRECTION('',(-9.48206710621862E-29,-1.22464679914735E-16,1.));
#2292=DIRECTION('',(-1.,0.,0.));
#2293=DIRECTION('center_axis',(1.,0.,0.));
#2294=DIRECTION('ref_axis',(0.,-1.,1.22464679914735E-16));
#2295=DIRECTION('',(0.,1.,-1.22464679914735E-16));
#2296=DIRECTION('',(0.,-1.22464679914735E-16,1.));
#2297=DIRECTION('',(0.,-1.,1.22464679914735E-16));
#2298=DIRECTION('center_axis',(-1.,0.,0.));
#2299=DIRECTION('ref_axis',(8.7139597863021E-17,-1.,1.22464679914725E-16));
#2300=DIRECTION('center_axis',(-1.,0.,0.));
#2301=DIRECTION('ref_axis',(8.7139597863021E-17,-1.,1.22464679914725E-16));
#2302=DIRECTION('center_axis',(-1.,0.,0.));
#2303=DIRECTION('ref_axis',(8.7139597863021E-17,-1.,1.22464679914725E-16));
#2304=DIRECTION('center_axis',(-1.,0.,0.));
#2305=DIRECTION('ref_axis',(8.7139597863021E-17,-1.,1.22464679914725E-16));
#2306=DIRECTION('center_axis',(-1.,0.,0.));
#2307=DIRECTION('ref_axis',(8.7139597863021E-17,-1.,1.22464679914725E-16));
#2308=DIRECTION('center_axis',(-1.,0.,0.));
#2309=DIRECTION('ref_axis',(8.7139597863021E-17,-1.,1.22464679914725E-16));
#2310=DIRECTION('center_axis',(0.,1.22464679914735E-16,1.));
#2311=DIRECTION('ref_axis',(0.,-1.,1.22464679914735E-16));
#2312=DIRECTION('',(0.,1.,-1.22464679914735E-16));
#2313=DIRECTION('',(-1.,0.,0.));
#2314=DIRECTION('center_axis',(0.,-1.22464679914735E-16,-1.));
#2315=DIRECTION('ref_axis',(-1.,0.,0.));
#2316=DIRECTION('center_axis',(0.,-1.22464679914735E-16,-1.));
#2317=DIRECTION('ref_axis',(-1.,0.,0.));
#2318=DIRECTION('center_axis',(-1.,0.,0.));
#2319=DIRECTION('ref_axis',(0.,1.22464679914735E-16,-1.));
#2320=DIRECTION('',(0.,-1.,1.22464679914735E-16));
#2321=DIRECTION('',(0.,-1.22464679914735E-16,1.));
#2322=DIRECTION('center_axis',(0.,-1.,-1.22464679914735E-16));
#2323=DIRECTION('ref_axis',(0.,1.22464679914735E-16,-1.));
#2324=DIRECTION('',(1.,0.,0.));
#2325=DIRECTION('',(9.48206710621862E-29,1.22464679914735E-16,-1.));
#2326=DIRECTION('',(-1.,0.,0.));
#2327=DIRECTION('center_axis',(-1.,3.87134768686792E-13,-4.74103355310931E-29));
#2328=DIRECTION('ref_axis',(3.87134768686792E-13,1.,-1.22464679914735E-16));
#2329=DIRECTION('',(3.87134768686792E-13,1.,-1.22464679914735E-16));
#2330=DIRECTION('',(3.87134768686792E-13,1.,-1.22464679914735E-16));
#2331=DIRECTION('center_axis',(1.,-3.87134768686792E-13,4.74103355310931E-29));
#2332=DIRECTION('ref_axis',(8.7139597863021E-17,-1.,1.22464679914725E-16));
#2333=DIRECTION('center_axis',(1.,-3.87134768686792E-13,4.74103355310931E-29));
#2334=DIRECTION('ref_axis',(8.7139597863021E-17,-1.,1.22464679914725E-16));
#2335=DIRECTION('center_axis',(1.,-3.87134768686792E-13,4.74103355310931E-29));
#2336=DIRECTION('ref_axis',(8.7139597863021E-17,-1.,1.22464679914725E-16));
#2337=DIRECTION('center_axis',(1.,-3.87134768686792E-13,4.74103355310931E-29));
#2338=DIRECTION('ref_axis',(8.7139597863021E-17,-1.,1.22464679914725E-16));
#2339=DIRECTION('center_axis',(1.,-3.87134768686792E-13,4.74103355310931E-29));
#2340=DIRECTION('ref_axis',(8.7139597863021E-17,-1.,1.22464679914725E-16));
#2341=DIRECTION('center_axis',(1.,-3.87134768686792E-13,4.74103355310931E-29));
#2342=DIRECTION('ref_axis',(8.7139597863021E-17,-1.,1.22464679914725E-16));
#2343=DIRECTION('',(0.,1.22464679914735E-16,1.));
#2344=DIRECTION('center_axis',(1.,-3.87134768686792E-13,4.74103355310931E-29));
#2345=DIRECTION('ref_axis',(5.80492688168542E-15,0.666700767844112,0.745325490075358));
#2346=DIRECTION('center_axis',(1.,-3.87134768686792E-13,4.74103355310931E-29));
#2347=DIRECTION('ref_axis',(5.80492688168542E-15,0.666700767844112,0.745325490075358));
#2348=DIRECTION('center_axis',(1.,-3.87134768686792E-13,4.74103355310931E-29));
#2349=DIRECTION('ref_axis',(5.80492688168542E-15,0.666700767844112,0.745325490075358));
#2350=DIRECTION('center_axis',(1.,-3.87134768686792E-13,4.74103355310931E-29));
#2351=DIRECTION('ref_axis',(5.80492688168542E-15,0.666700767844112,0.745325490075358));
#2352=DIRECTION('center_axis',(1.,-3.87134768686792E-13,4.74103355310931E-29));
#2353=DIRECTION('ref_axis',(5.80492688168542E-15,0.666700767844112,0.745325490075358));
#2354=DIRECTION('center_axis',(1.,-3.87134768686792E-13,4.74103355310931E-29));
#2355=DIRECTION('ref_axis',(5.80492688168542E-15,0.666700767844112,0.745325490075358));
#2356=DIRECTION('center_axis',(0.,-1.22464679914735E-16,-1.));
#2357=DIRECTION('ref_axis',(1.,0.,0.));
#2358=DIRECTION('',(0.,1.,-1.22464679914735E-16));
#2359=DIRECTION('',(-1.,0.,0.));
#2360=DIRECTION('',(0.,-1.,1.22464679914735E-16));
#2361=DIRECTION('',(1.,0.,0.));
#2362=DIRECTION('center_axis',(0.,1.22464679914735E-16,1.));
#2363=DIRECTION('ref_axis',(-1.,0.,0.));
#2364=DIRECTION('center_axis',(0.,1.22464679914735E-16,1.));
#2365=DIRECTION('ref_axis',(-1.,0.,0.));
#2366=DIRECTION('center_axis',(0.,1.,-1.22464679914735E-16));
#2367=DIRECTION('ref_axis',(-1.,0.,0.));
#2368=DIRECTION('',(0.,1.22464679914735E-16,1.));
#2369=DIRECTION('',(-1.,0.,0.));
#2370=DIRECTION('',(0.,1.22464679914735E-16,1.));
#2371=DIRECTION('center_axis',(1.,0.,0.));
#2372=DIRECTION('ref_axis',(0.,1.,-1.22464679914735E-16));
#2373=DIRECTION('',(0.,1.22464679914735E-16,1.));
#2374=DIRECTION('',(0.,1.,-1.22464679914735E-16));
#2375=DIRECTION('center_axis',(1.,0.,0.));
#2376=DIRECTION('ref_axis',(8.7139597863021E-17,-1.,1.22464679914725E-16));
#2377=DIRECTION('center_axis',(1.,0.,0.));
#2378=DIRECTION('ref_axis',(8.7139597863021E-17,-1.,1.22464679914725E-16));
#2379=DIRECTION('center_axis',(1.,0.,0.));
#2380=DIRECTION('ref_axis',(8.7139597863021E-17,-1.,1.22464679914725E-16));
#2381=DIRECTION('center_axis',(1.,0.,0.));
#2382=DIRECTION('ref_axis',(8.7139597863021E-17,-1.,1.22464679914725E-16));
#2383=DIRECTION('center_axis',(1.,0.,0.));
#2384=DIRECTION('ref_axis',(8.7139597863021E-17,-1.,1.22464679914725E-16));
#2385=DIRECTION('center_axis',(1.,0.,0.));
#2386=DIRECTION('ref_axis',(8.7139597863021E-17,-1.,1.22464679914725E-16));
#2387=DIRECTION('center_axis',(0.,-1.22464679914735E-16,-1.));
#2388=DIRECTION('ref_axis',(1.,0.,0.));
#2389=DIRECTION('',(0.,-1.,1.22464679914735E-16));
#2390=DIRECTION('',(1.,0.,0.));
#2391=DIRECTION('center_axis',(0.,-1.22464679914735E-16,-1.));
#2392=DIRECTION('ref_axis',(1.,0.,0.));
#2393=DIRECTION('center_axis',(-1.,0.,0.));
#2394=DIRECTION('ref_axis',(0.,-1.,1.22464679914735E-16));
#2395=DIRECTION('',(0.,1.22464679914735E-16,1.));
#2396=DIRECTION('',(0.,-1.22464679914735E-16,-1.));
#2397=DIRECTION('center_axis',(-1.,0.,0.));
#2398=DIRECTION('ref_axis',(5.80492688168542E-15,0.666700767844112,0.745325490075358));
#2399=DIRECTION('center_axis',(-1.,0.,0.));
#2400=DIRECTION('ref_axis',(5.80492688168542E-15,0.666700767844112,0.745325490075358));
#2401=DIRECTION('center_axis',(-1.,0.,0.));
#2402=DIRECTION('ref_axis',(5.80492688168542E-15,0.666700767844112,0.745325490075358));
#2403=DIRECTION('center_axis',(-1.,0.,0.));
#2404=DIRECTION('ref_axis',(5.80492688168542E-15,0.666700767844112,0.745325490075358));
#2405=DIRECTION('center_axis',(-1.,0.,0.));
#2406=DIRECTION('ref_axis',(5.80492688168542E-15,0.666700767844112,0.745325490075358));
#2407=DIRECTION('center_axis',(-1.,0.,0.));
#2408=DIRECTION('ref_axis',(5.80492688168542E-15,0.666700767844112,0.745325490075358));
#2409=DIRECTION('center_axis',(-1.,0.,0.));
#2410=DIRECTION('ref_axis',(8.7139597863021E-17,-1.,1.22464679914725E-16));
#2411=DIRECTION('center_axis',(-1.,0.,0.));
#2412=DIRECTION('ref_axis',(8.7139597863021E-17,-1.,1.22464679914725E-16));
#2413=DIRECTION('center_axis',(-1.,0.,0.));
#2414=DIRECTION('ref_axis',(8.7139597863021E-17,-1.,1.22464679914725E-16));
#2415=DIRECTION('center_axis',(-1.,0.,0.));
#2416=DIRECTION('ref_axis',(8.7139597863021E-17,-1.,1.22464679914725E-16));
#2417=DIRECTION('center_axis',(-1.,0.,0.));
#2418=DIRECTION('ref_axis',(8.7139597863021E-17,-1.,1.22464679914725E-16));
#2419=DIRECTION('center_axis',(-1.,0.,0.));
#2420=DIRECTION('ref_axis',(8.7139597863021E-17,-1.,1.22464679914725E-16));
#2421=DIRECTION('center_axis',(0.,-1.,1.22464679914735E-16));
#2422=DIRECTION('ref_axis',(1.,0.,0.));
#2423=DIRECTION('',(1.,8.713959786302E-17,-8.39122053495758E-15));
#2424=DIRECTION('',(1.,8.713959786302E-17,-8.39122053495758E-15));
#2425=DIRECTION('',(1.,8.713959786302E-17,-8.39122053495758E-15));
#2426=DIRECTION('',(1.,8.713959786302E-17,-8.39122053495758E-15));
#2427=DIRECTION('center_axis',(1.,8.713959786302E-17,-8.39122053495758E-15));
#2428=DIRECTION('ref_axis',(8.7139597863021E-17,-1.,1.22464679914725E-16));
#2429=DIRECTION('',(1.,8.713959786302E-17,-8.39122053495758E-15));
#2430=DIRECTION('center_axis',(1.,8.713959786302E-17,-8.39122053495758E-15));
#2431=DIRECTION('ref_axis',(8.7139597863021E-17,-1.,1.22464679914725E-16));
#2432=DIRECTION('',(1.,8.713959786302E-17,-8.39122053495758E-15));
#2433=DIRECTION('center_axis',(1.,8.713959786302E-17,-8.39122053495758E-15));
#2434=DIRECTION('ref_axis',(8.7139597863021E-17,-1.,1.22464679914725E-16));
#2435=DIRECTION('',(1.,8.713959786302E-17,-8.39122053495758E-15));
#2436=DIRECTION('',(1.,8.713959786302E-17,-8.39122053495758E-15));
#2437=DIRECTION('',(1.,8.713959786302E-17,-8.39122053495758E-15));
#2438=DIRECTION('',(1.,8.713959786302E-17,-8.39122053495758E-15));
#2439=DIRECTION('center_axis',(1.,8.713959786302E-17,-8.39122053495758E-15));
#2440=DIRECTION('ref_axis',(8.7139597863021E-17,-1.,1.22464679914725E-16));
#2441=DIRECTION('',(1.,8.713959786302E-17,-8.39122053495758E-15));
#2442=DIRECTION('center_axis',(1.,8.713959786302E-17,-8.39122053495758E-15));
#2443=DIRECTION('ref_axis',(8.7139597863021E-17,-1.,1.22464679914725E-16));
#2444=DIRECTION('',(1.,8.713959786302E-17,-8.39122053495758E-15));
#2445=DIRECTION('center_axis',(1.,8.713959786302E-17,-8.39122053495758E-15));
#2446=DIRECTION('ref_axis',(1.2506177045854E-15,0.987231697279876,0.159290853114344));
#2447=DIRECTION('',(1.,8.713959786302E-17,-8.39122053495758E-15));
#2448=DIRECTION('',(1.,8.713959786302E-17,-8.39122053495758E-15));
#2449=DIRECTION('',(1.,8.713959786302E-17,-8.39122053495758E-15));
#2450=DIRECTION('',(1.,8.713959786302E-17,-8.39122053495758E-15));
#2451=DIRECTION('center_axis',(1.,8.713959786302E-17,-8.39122053495758E-15));
#2452=DIRECTION('ref_axis',(8.7139597863021E-17,-1.,1.22464679914725E-16));
#2453=DIRECTION('',(1.,8.713959786302E-17,-8.39122053495758E-15));
#2454=DIRECTION('center_axis',(1.,8.713959786302E-17,-8.39122053495758E-15));
#2455=DIRECTION('ref_axis',(8.7139597863021E-17,-1.,1.22464679914725E-16));
#2456=DIRECTION('',(1.,8.713959786302E-17,-8.39122053495758E-15));
#2457=DIRECTION('center_axis',(1.,8.713959786302E-17,-8.39122053495758E-15));
#2458=DIRECTION('ref_axis',(8.7139597863021E-17,-1.,1.22464679914725E-16));
#2459=DIRECTION('',(1.,8.713959786302E-17,-8.39122053495758E-15));
#2460=DIRECTION('',(1.,8.713959786302E-17,-8.39122053495758E-15));
#2461=DIRECTION('center_axis',(1.,8.713959786302E-17,-8.39122053495758E-15));
#2462=DIRECTION('ref_axis',(8.7139597863021E-17,-1.,1.22464679914725E-16));
#2463=DIRECTION('',(1.,8.713959786302E-17,-8.39122053495758E-15));
#2464=DIRECTION('',(1.,8.713959786302E-17,-8.39122053495758E-15));
#2465=DIRECTION('center_axis',(1.,8.713959786302E-17,-8.39122053495758E-15));
#2466=DIRECTION('ref_axis',(1.2506177045854E-15,0.987231697279876,0.159290853114344));
#2467=DIRECTION('',(1.,8.713959786302E-17,-8.39122053495758E-15));
#2468=DIRECTION('',(1.,8.713959786302E-17,-8.39122053495758E-15));
#2469=DIRECTION('center_axis',(1.,8.713959786302E-17,-8.39122053495758E-15));
#2470=DIRECTION('ref_axis',(8.7139597863021E-17,-1.,1.22464679914725E-16));
#2471=DIRECTION('center_axis',(0.,1.22464679914735E-16,1.));
#2472=DIRECTION('ref_axis',(-1.,0.,0.));
#2473=DIRECTION('',(0.,1.22464679914735E-16,1.));
#2474=DIRECTION('center_axis',(0.,1.22464679914735E-16,1.));
#2475=DIRECTION('ref_axis',(-1.,0.,0.));
#2476=DIRECTION('',(0.,1.22464679914735E-16,1.));
#2477=DIRECTION('',(1.,-3.95818643562012E-15,-4.24780983334842E-15));
#2478=DIRECTION('',(1.,-3.95818643562012E-15,-4.24780983334842E-15));
#2479=DIRECTION('center_axis',(1.,-3.95818643562012E-15,-4.24780983334842E-15));
#2480=DIRECTION('ref_axis',(5.80492688168542E-15,0.666700767844112,0.745325490075358));
#2481=DIRECTION('',(1.,-3.95818643562012E-15,-4.24780983334842E-15));
#2482=DIRECTION('',(1.,-3.95818643562012E-15,-4.24780983334842E-15));
#2483=DIRECTION('center_axis',(1.,-3.95818643562012E-15,-4.24780983334842E-15));
#2484=DIRECTION('ref_axis',(5.80492688168542E-15,0.666700767844112,0.745325490075358));
#2485=DIRECTION('',(1.,-3.95818643562012E-15,-4.24780983334842E-15));
#2486=DIRECTION('',(1.,-3.95818643562012E-15,-4.24780983334842E-15));
#2487=DIRECTION('center_axis',(1.,-3.95818643562012E-15,-4.24780983334842E-15));
#2488=DIRECTION('ref_axis',(5.80492688168542E-15,0.666700767844112,0.745325490075358));
#2489=DIRECTION('',(1.,-3.95818643562012E-15,-4.24780983334842E-15));
#2490=DIRECTION('center_axis',(3.95818643562012E-15,1.,-1.22464679914735E-16));
#2491=DIRECTION('ref_axis',(0.,1.22464679914735E-16,1.));
#2492=DIRECTION('',(1.,-3.95818643562012E-15,-4.24780983334842E-15));
#2493=DIRECTION('',(1.,-3.95818643562012E-15,-4.24780983334842E-15));
#2494=DIRECTION('center_axis',(1.,-3.95818643562012E-15,-4.24780983334842E-15));
#2495=DIRECTION('ref_axis',(5.80492688168542E-15,0.666700767844112,0.745325490075358));
#2496=DIRECTION('',(1.,-3.95818643562012E-15,-4.24780983334842E-15));
#2497=DIRECTION('',(1.,-3.95818643562012E-15,-4.24780983334842E-15));
#2498=DIRECTION('center_axis',(1.,-3.95818643562012E-15,-4.24780983334842E-15));
#2499=DIRECTION('ref_axis',(5.80492688168542E-15,0.666700767844112,0.745325490075358));
#2500=DIRECTION('',(1.,-3.95818643562012E-15,-4.24780983334842E-15));
#2501=DIRECTION('',(1.,-3.95818643562012E-15,-4.24780983334842E-15));
#2502=DIRECTION('center_axis',(1.,-3.95818643562012E-15,-4.24780983334842E-15));
#2503=DIRECTION('ref_axis',(5.80492688168542E-15,0.666700767844112,0.745325490075358));
#2504=DIRECTION('center_axis',(-8.60422844084506E-15,-8.67361737989169E-17,
1.));
#2505=DIRECTION('ref_axis',(-1.0274451067317E-29,1.,8.67361737989169E-17));
#2506=DIRECTION('center_axis',(-8.60422844084506E-15,-8.67361737989169E-17,
1.));
#2507=DIRECTION('ref_axis',(-1.0274451067317E-29,1.,8.67361737989169E-17));
#2508=DIRECTION('center_axis',(-8.60422844084506E-15,-8.67361737989169E-17,
1.));
#2509=DIRECTION('ref_axis',(-1.0274451067317E-29,1.,8.67361737989169E-17));
#2510=DIRECTION('center_axis',(-8.60422844084506E-15,-8.67361737989169E-17,
1.));
#2511=DIRECTION('ref_axis',(-1.0274451067317E-29,1.,8.67361737989169E-17));
#2512=DIRECTION('center_axis',(-8.60422844084506E-15,-8.67361737989169E-17,
1.));
#2513=DIRECTION('ref_axis',(-1.0274451067317E-29,1.,8.67361737989169E-17));
#2514=DIRECTION('',(1.,2.04041625776043E-15,8.60422844084506E-15));
#2515=DIRECTION('center_axis',(-8.60422844084506E-15,-8.67361737989169E-17,
1.));
#2516=DIRECTION('ref_axis',(-1.0274451067317E-29,1.,8.67361737989169E-17));
#2517=DIRECTION('center_axis',(-8.60422844084506E-15,-8.67361737989169E-17,
1.));
#2518=DIRECTION('ref_axis',(-1.0274451067317E-29,1.,8.67361737989169E-17));
#2519=DIRECTION('',(-8.88178419700124E-15,0.,1.));
#2520=DIRECTION('',(-8.88178419700124E-15,0.,1.));
#2521=DIRECTION('center_axis',(8.61533067109121E-15,8.60422844084496E-17,
-1.));
#2522=DIRECTION('ref_axis',(-1.0268472980769E-29,1.,8.60422844084496E-17));
#2523=DIRECTION('center_axis',(8.60422844084506E-15,8.67361737989169E-17,
-1.));
#2524=DIRECTION('ref_axis',(-1.0274451067317E-29,1.,8.67361737989169E-17));
#2525=DIRECTION('',(-8.88178419700124E-15,0.,1.));
#2526=DIRECTION('',(-8.88178419700124E-15,0.,1.));
#2527=DIRECTION('center_axis',(8.61533067109121E-15,8.60422844084496E-17,
-1.));
#2528=DIRECTION('ref_axis',(-1.0268472980769E-29,1.,8.60422844084496E-17));
#2529=DIRECTION('center_axis',(8.60422844084506E-15,8.67361737989169E-17,
-1.));
#2530=DIRECTION('ref_axis',(-1.0274451067317E-29,1.,8.67361737989169E-17));
#2531=DIRECTION('',(-8.88178419700124E-15,0.,1.));
#2532=DIRECTION('',(-8.88178419700124E-15,0.,1.));
#2533=DIRECTION('center_axis',(8.61533067109121E-15,8.60422844084496E-17,
-1.));
#2534=DIRECTION('ref_axis',(-1.0268472980769E-29,1.,8.60422844084496E-17));
#2535=DIRECTION('center_axis',(8.60422844084506E-15,8.67361737989169E-17,
-1.));
#2536=DIRECTION('ref_axis',(-1.0274451067317E-29,1.,8.67361737989169E-17));
#2537=DIRECTION('',(-8.88178419700124E-15,0.,1.));
#2538=DIRECTION('',(-8.88178419700124E-15,0.,1.));
#2539=DIRECTION('center_axis',(2.04041625776043E-15,-1.,-8.60422844084321E-17));
#2540=DIRECTION('ref_axis',(-1.,-2.04041625776043E-15,-8.60422844084506E-15));
#2541=DIRECTION('',(-1.,-2.04041625776043E-15,-8.60422844084506E-15));
#2542=DIRECTION('',(-8.88178419700124E-15,0.,1.));
#2543=DIRECTION('center_axis',(8.61533067109121E-15,8.60422844084496E-17,
-1.));
#2544=DIRECTION('ref_axis',(-1.0268472980769E-29,1.,8.60422844084496E-17));
#2545=DIRECTION('center_axis',(8.60422844084506E-15,8.67361737989169E-17,
-1.));
#2546=DIRECTION('ref_axis',(-1.0274451067317E-29,1.,8.67361737989169E-17));
#2547=DIRECTION('',(-8.88178419700124E-15,0.,1.));
#2548=DIRECTION('',(-8.88178419700124E-15,0.,1.));
#2549=DIRECTION('center_axis',(8.61533067109121E-15,8.60422844084496E-17,
-1.));
#2550=DIRECTION('ref_axis',(-1.0268472980769E-29,1.,8.60422844084496E-17));
#2551=DIRECTION('center_axis',(8.60422844084506E-15,8.67361737989169E-17,
-1.));
#2552=DIRECTION('ref_axis',(-1.0274451067317E-29,1.,8.67361737989169E-17));
#2553=DIRECTION('',(-8.88178419700124E-15,0.,1.));
#2554=DIRECTION('',(8.61533067109121E-15,8.60422844084496E-17,-1.));
#2555=DIRECTION('center_axis',(8.61533067109121E-15,8.60422844084496E-17,
-1.));
#2556=DIRECTION('ref_axis',(-1.0268472980769E-29,1.,8.60422844084496E-17));
#2557=DIRECTION('center_axis',(8.60422844084506E-15,8.67361737989169E-17,
-1.));
#2558=DIRECTION('ref_axis',(-1.0274451067317E-29,1.,8.67361737989169E-17));
#2559=DIRECTION('center_axis',(-8.60422844084506E-15,-8.67361737989169E-17,
1.));
#2560=DIRECTION('ref_axis',(-1.0274451067317E-29,1.,8.67361737989169E-17));
#2561=DIRECTION('center_axis',(0.,-1.22464679914735E-16,1.));
#2562=DIRECTION('ref_axis',(-1.,0.,0.));
#2563=DIRECTION('center_axis',(0.,1.22464679914735E-16,1.));
#2564=DIRECTION('ref_axis',(-1.,0.,0.));
#2565=DIRECTION('',(0.,-1.22464679914735E-16,1.));
#2566=DIRECTION('center_axis',(0.,-1.22464679914735E-16,-1.));
#2567=DIRECTION('ref_axis',(-1.,0.,0.));
#2568=DIRECTION('center_axis',(0.,-1.22464679914735E-16,1.));
#2569=DIRECTION('ref_axis',(-1.,0.,0.));
#2570=DIRECTION('center_axis',(0.,1.22464679914735E-16,1.));
#2571=DIRECTION('ref_axis',(-1.,0.,0.));
#2572=DIRECTION('',(0.,-1.22464679914735E-16,1.));
#2573=DIRECTION('center_axis',(0.,-1.22464679914735E-16,-1.));
#2574=DIRECTION('ref_axis',(-1.,0.,0.));
#2575=DIRECTION('center_axis',(1.,0.,0.));
#2576=DIRECTION('ref_axis',(0.,-1.22464679914735E-16,1.));
#2577=DIRECTION('',(0.,-1.22464679914735E-16,-1.));
#2578=DIRECTION('',(0.,-1.,1.22464679914735E-16));
#2579=DIRECTION('',(0.,1.22464679914735E-16,1.));
#2580=DIRECTION('',(0.,-1.,1.22464679914735E-16));
#2581=DIRECTION('',(0.,1.22464679914735E-16,1.));
#2582=DIRECTION('',(0.,1.,-1.22464679914735E-16));
#2583=DIRECTION('',(0.,-1.22464679914735E-16,-1.));
#2584=DIRECTION('',(0.,1.,-1.22464679914735E-16));
#2585=DIRECTION('',(0.,1.22464679914735E-16,1.));
#2586=DIRECTION('',(0.,1.,-1.22464679914735E-16));
#2587=DIRECTION('',(0.,-1.22464679914735E-16,-1.));
#2588=DIRECTION('',(0.,-1.,1.22464679914735E-16));
#2589=DIRECTION('center_axis',(0.,-1.22464679914735E-16,-1.));
#2590=DIRECTION('ref_axis',(0.,1.,-1.22464679914735E-16));
#2591=DIRECTION('',(1.,0.,0.));
#2592=DIRECTION('',(0.,-1.,1.22464679914735E-16));
#2593=DIRECTION('',(-1.,0.,0.));
#2594=DIRECTION('center_axis',(0.,1.22464679914735E-16,1.));
#2595=DIRECTION('ref_axis',(1.,0.,0.));
#2596=DIRECTION('center_axis',(0.,1.,-1.22464679914735E-16));
#2597=DIRECTION('ref_axis',(0.,1.22464679914735E-16,1.));
#2598=DIRECTION('',(1.,0.,0.));
#2599=DIRECTION('',(0.,-1.22464679914735E-16,-1.));
#2600=DIRECTION('center_axis',(0.,1.22464679914735E-16,1.));
#2601=DIRECTION('ref_axis',(1.,0.,0.));
#2602=DIRECTION('',(-1.,0.,0.));
#2603=DIRECTION('',(0.,1.,-1.22464679914735E-16));
#2604=DIRECTION('center_axis',(0.,-1.22464679914735E-16,-1.));
#2605=DIRECTION('ref_axis',(1.,0.,0.));
#2606=DIRECTION('center_axis',(0.,1.,-1.22464679914735E-16));
#2607=DIRECTION('ref_axis',(0.,1.22464679914735E-16,1.));
#2608=DIRECTION('',(1.,0.,0.));
#2609=DIRECTION('',(0.,1.22464679914735E-16,1.));
#2610=DIRECTION('center_axis',(0.,1.22464679914735E-16,1.));
#2611=DIRECTION('ref_axis',(0.,-1.,1.22464679914735E-16));
#2612=DIRECTION('',(1.,0.,0.));
#2613=DIRECTION('',(0.,-1.,1.22464679914735E-16));
#2614=DIRECTION('center_axis',(0.,-1.,1.22464679914735E-16));
#2615=DIRECTION('ref_axis',(0.,-1.22464679914735E-16,-1.));
#2616=DIRECTION('',(1.,0.,0.));
#2617=DIRECTION('',(0.,-1.22464679914735E-16,-1.));
#2618=DIRECTION('center_axis',(0.,-1.22464679914735E-16,-1.));
#2619=DIRECTION('ref_axis',(1.,0.,0.));
#2620=DIRECTION('',(-1.,0.,0.));
#2621=DIRECTION('',(0.,1.,1.22464679914735E-16));
#2622=DIRECTION('',(-1.,0.,0.));
#2623=DIRECTION('center_axis',(0.,1.22464679914735E-16,1.));
#2624=DIRECTION('ref_axis',(1.,0.,0.));
#2625=DIRECTION('center_axis',(0.,-1.22464679914735E-16,-1.));
#2626=DIRECTION('ref_axis',(1.,0.,0.));
#2627=DIRECTION('',(0.,-1.22464679914735E-16,-1.));
#2628=DIRECTION('center_axis',(0.,-1.22464679914735E-16,-1.));
#2629=DIRECTION('ref_axis',(1.,0.,0.));
#2630=DIRECTION('center_axis',(0.,-1.22464679914735E-16,-1.));
#2631=DIRECTION('ref_axis',(1.,0.,0.));
#2632=DIRECTION('',(0.,-1.22464679914735E-16,-1.));
#2633=DIRECTION('center_axis',(0.,1.22464679914735E-16,1.));
#2634=DIRECTION('ref_axis',(-1.,0.,0.));
#2635=DIRECTION('',(-1.,0.,0.));
#2636=DIRECTION('',(0.,-1.,1.22464679914735E-16));
#2637=DIRECTION('center_axis',(0.,-1.,1.22464679914735E-16));
#2638=DIRECTION('ref_axis',(0.,-1.22464679914735E-16,-1.));
#2639=DIRECTION('',(0.,1.22464679914735E-16,-1.));
#2640=DIRECTION('center_axis',(0.,-1.,1.22464679914735E-16));
#2641=DIRECTION('ref_axis',(0.,-1.22464679914735E-16,-1.));
#2642=DIRECTION('',(0.,-1.22464679914735E-16,-1.));
#2643=DIRECTION('',(1.,0.,0.));
#2644=DIRECTION('center_axis',(0.,-1.22464679914735E-16,-1.));
#2645=DIRECTION('ref_axis',(0.,1.,-1.22464679914735E-16));
#2646=DIRECTION('',(0.,1.,-1.22464679914735E-16));
#2647=DIRECTION('',(1.,0.,0.));
#2648=DIRECTION('center_axis',(0.,1.,-1.22464679914735E-16));
#2649=DIRECTION('ref_axis',(0.,1.22464679914735E-16,1.));
#2650=DIRECTION('',(0.,1.22464679914735E-16,-1.));
#2651=DIRECTION('center_axis',(1.,0.,0.));
#2652=DIRECTION('ref_axis',(0.,1.22464679914735E-16,1.));
#2653=CARTESIAN_POINT('',(0.,0.,0.));
#2654=CARTESIAN_POINT('Origin',(-1.49011611938477E-7,-69.0000001490116,
18.));
#2655=CARTESIAN_POINT('',(-28.0000001490116,-69.0000001490116,-17.));
#2656=CARTESIAN_POINT('',(-28.0000001490116,-69.0000001490116,-7.00000037252903));
#2657=CARTESIAN_POINT('',(-28.0000001490116,-69.0000001490116,2.99999990686774));
#2658=CARTESIAN_POINT('',(-1.49011611938477E-7,-69.0000001490116,-17.));
#2659=CARTESIAN_POINT('',(-2.50000014901161,-69.0000001490116,-17.));
#2660=CARTESIAN_POINT('',(-1.49011611938477E-7,-69.0000001490116,11.));
#2661=CARTESIAN_POINT('',(-1.49011611938477E-7,-69.0000001490116,18.));
#2662=CARTESIAN_POINT('',(-10.0000001490116,-69.0000001490116,11.));
#2663=CARTESIAN_POINT('',(-2.50000014901161,-69.0000001490116,11.));
#2664=CARTESIAN_POINT('',(-10.0000001490116,-69.0000001490116,-7.00000037252903));
#2665=CARTESIAN_POINT('',(-10.0000001490116,-69.0000001490116,18.));
#2666=CARTESIAN_POINT('',(-5.00000014901161,-69.0000001490116,-7.00000037252903));
#2667=CARTESIAN_POINT('Origin',(-1.49011611938477E-7,-40.0000001490116,
18.));
#2668=CARTESIAN_POINT('',(-1.49011611938477E-7,-41.0000001490116,-17.));
#2669=CARTESIAN_POINT('',(-1.49011611938477E-7,-43.7500001490116,-17.));
#2670=CARTESIAN_POINT('',(-1.49011611938477E-7,-41.0000001490116,11.));
#2671=CARTESIAN_POINT('',(-1.49011611938477E-7,-40.9999999254942,18.));
#2672=CARTESIAN_POINT('',(-1.49011611938477E-7,-47.5000001490116,11.));
#2673=CARTESIAN_POINT('',(-1.49011611938477E-7,-52.6000000745061,-0.247499493362735));
#2674=CARTESIAN_POINT('',(-1.49011611938477E-7,-52.5205220142519,0.234286163024926));
#2675=CARTESIAN_POINT('Ctrl Pts',(-1.49011614158923E-7,-52.6000000745066,
-0.247499493454537));
#2676=CARTESIAN_POINT('Ctrl Pts',(-1.49011614158923E-7,-52.5994233006383,
-0.16357764356174));
#2677=CARTESIAN_POINT('Ctrl Pts',(-1.49011617288445E-7,-52.5907612154312,
-0.0818666222004254));
#2678=CARTESIAN_POINT('Ctrl Pts',(-1.49011599524877E-7,-52.5762785936586,
5.674694315283E-5));
#2679=CARTESIAN_POINT('Ctrl Pts',(-1.49011583072678E-7,-52.5625395632549,
0.077773867304068));
#2680=CARTESIAN_POINT('Ctrl Pts',(-1.49011609718031E-7,-52.5425331049316,
0.160597155560154));
#2681=CARTESIAN_POINT('Ctrl Pts',(-1.49011609718031E-7,-52.5205220142524,
0.234286163025104));
#2682=CARTESIAN_POINT('',(-1.49011611938477E-7,-52.2435533881893,0.723214583368499));
#2683=CARTESIAN_POINT('Origin',(-1.49011765149254E-7,-51.1000000745061,
-0.247499493362735));
#2684=CARTESIAN_POINT('',(-1.49011611938477E-7,-51.4981784279808,1.19868652469449));
#2685=CARTESIAN_POINT('Ctrl Pts',(-1.49011607497584E-7,-52.2435533881903,
0.723214583369191));
#2686=CARTESIAN_POINT('Ctrl Pts',(-1.49011607497584E-7,-52.1336522175999,
0.838098201549949));
#2687=CARTESIAN_POINT('Ctrl Pts',(-1.49011625261153E-7,-52.0039651780783,
0.933427485231766));
#2688=CARTESIAN_POINT('Ctrl Pts',(-1.49011625261153E-7,-51.8925141302287,
1.00383203137044));
#2689=CARTESIAN_POINT('Ctrl Pts',(-1.49011625261153E-7,-51.7716289788708,
1.08019617850476));
#2690=CARTESIAN_POINT('Ctrl Pts',(-1.49011607497584E-7,-51.6333674908149,
1.15157804996646));
#2691=CARTESIAN_POINT('Ctrl Pts',(-1.49011607497584E-7,-51.4981784279813,
1.19868652469642));
#2692=CARTESIAN_POINT('',(-1.49011611938477E-7,-50.9837711453937,1.24799067244826));
#2693=CARTESIAN_POINT('Origin',(-1.49011765149254E-7,-51.1000000745061,
-0.247499493362735));
#2694=CARTESIAN_POINT('',(-1.49011611938477E-7,-50.5023215757684,1.12828406961025));
#2695=CARTESIAN_POINT('Ctrl Pts',(-1.49011609718031E-7,-50.9837711453936,
1.24799067245039));
#2696=CARTESIAN_POINT('Ctrl Pts',(-1.49011609718031E-7,-50.9056729047322,
1.23741637967281));
#2697=CARTESIAN_POINT('Ctrl Pts',(-1.49011597102515E-7,-50.82050637768,
1.22066102532127));
#2698=CARTESIAN_POINT('Ctrl Pts',(-1.49011596395354E-7,-50.7438057603089,
1.20212671081243));
#2699=CARTESIAN_POINT('Ctrl Pts',(-1.49011595655206E-7,-50.6635272138536,
1.1827278079181));
#2700=CARTESIAN_POINT('Ctrl Pts',(-1.49011609718031E-7,-50.5806265847945,
1.15850543570216));
#2701=CARTESIAN_POINT('Ctrl Pts',(-1.49011609718031E-7,-50.5023215757676,
1.12828406961211));
#2702=CARTESIAN_POINT('',(-1.49011611938477E-7,-50.0999489227388,-1.36548772847473));
#2703=CARTESIAN_POINT('Origin',(-1.49011765149254E-7,-51.1000000745061,
-0.247499493362735));
#2704=CARTESIAN_POINT('',(-1.49011611938477E-7,-51.133900446432,-1.74711636602831));
#2705=CARTESIAN_POINT('Ctrl Pts',(-1.49011611938477E-7,-50.0999489227398,
-1.36548772847364));
#2706=CARTESIAN_POINT('Ctrl Pts',(-1.49011611938477E-7,-50.2612894871651,
-1.48471769490081));
#2707=CARTESIAN_POINT('Ctrl Pts',(-1.49011608808954E-7,-50.4378730648245,
-1.58867430747434));
#2708=CARTESIAN_POINT('Ctrl Pts',(-1.49011608808954E-7,-50.6267045306696,
-1.65766151761222));
#2709=CARTESIAN_POINT('Ctrl Pts',(-1.49011607497584E-7,-50.7906064487448,
-1.71754102981987));
#2710=CARTESIAN_POINT('Ctrl Pts',(-1.49011616379369E-7,-50.9594728086189,
-1.74959529168733));
#2711=CARTESIAN_POINT('Ctrl Pts',(-1.49011616379369E-7,-51.133900446432,
-1.74711636602617));
#2712=CARTESIAN_POINT('',(-1.49011611938477E-7,-51.334486803776,-1.72905812325097));
#2713=CARTESIAN_POINT('Origin',(-1.49011765149254E-7,-51.1000000745061,
-0.247499493362735));
#2714=CARTESIAN_POINT('',(-1.49011611938477E-7,-52.1628416030056,-1.3059738129836));
#2715=CARTESIAN_POINT('Ctrl Pts',(-1.49011609718031E-7,-51.3344868037757,
-1.72905812324887));
#2716=CARTESIAN_POINT('Ctrl Pts',(-1.49011609718031E-7,-51.5144610192042,
-1.69919764596313));
#2717=CARTESIAN_POINT('Ctrl Pts',(-1.49011602401008E-7,-51.6726327948765,
-1.63629490456066));
#2718=CARTESIAN_POINT('Ctrl Pts',(-1.49011602401008E-7,-51.8015846522817,
-1.56733421110471));
#2719=CARTESIAN_POINT('Ctrl Pts',(-1.49011603056692E-7,-51.9320868418966,
-1.49754443316389));
#2720=CARTESIAN_POINT('Ctrl Pts',(-1.49011606186215E-7,-52.0562973992744,
-1.40873142953174));
#2721=CARTESIAN_POINT('Ctrl Pts',(-1.49011606186215E-7,-52.1628416030045,
-1.30597381298244));
#2722=CARTESIAN_POINT('',(-1.49011611938477E-7,-52.4991011600262,-0.788347117464627));
#2723=CARTESIAN_POINT('Origin',(-1.49011765149254E-7,-51.1000000745061,
-0.247499493362735));
#2724=CARTESIAN_POINT('',(-1.49011611938477E-7,-52.5908914961456,-0.41255332967614));
#2725=CARTESIAN_POINT('Ctrl Pts',(-1.49011614158923E-7,-52.4991011600254,
-0.788347117464464));
#2726=CARTESIAN_POINT('Ctrl Pts',(-1.49011614158923E-7,-52.5217009080766,
-0.727740472223138));
#2727=CARTESIAN_POINT('Ctrl Pts',(-1.49011400996102E-7,-52.5410319182602,
-0.664930530379383));
#2728=CARTESIAN_POINT('Ctrl Pts',(-1.49011400996102E-7,-52.5564611496896,
-0.602068548788654));
#2729=CARTESIAN_POINT('Ctrl Pts',(-1.49011400996102E-7,-52.5717286153924,
-0.539865635290239));
#2730=CARTESIAN_POINT('Ctrl Pts',(-1.49011612594161E-7,-52.5834905954723,
-0.47632877059181));
#2731=CARTESIAN_POINT('Ctrl Pts',(-1.49011612594161E-7,-52.5908914961448,
-0.412553329676049));
#2732=CARTESIAN_POINT('Origin',(-1.49011765149254E-7,-51.1000000745061,
-0.247499493362735));
#2733=CARTESIAN_POINT('Origin',(-5.00000014901161,-47.5000001490116,-17.));
#2734=CARTESIAN_POINT('',(-28.0000001490116,-40.9999999254942,-17.));
#2735=CARTESIAN_POINT('',(-28.0000001490116,-51.2500000931323,-17.));
#2736=CARTESIAN_POINT('',(-7.50000014901161,-40.9999999254942,-17.));
#2737=CARTESIAN_POINT('',(-23.525000372529,-45.,-17.));
#2738=CARTESIAN_POINT('Origin',(-25.000000372529,-45.,-17.));
#2739=CARTESIAN_POINT('',(-23.525000372529,-65.0000002980233,-17.));
#2740=CARTESIAN_POINT('Origin',(-25.000000372529,-65.0000002980233,-17.));
#2741=CARTESIAN_POINT('Origin',(-28.0000001490116,-55.0000000372529,-12.0000001862645));
#2742=CARTESIAN_POINT('',(-28.0000001490116,-40.9999999254942,-7.00000037252903));
#2743=CARTESIAN_POINT('',(-28.0000001490116,-62.5000000931323,-7.00000037252903));
#2744=CARTESIAN_POINT('',(-28.0000001490116,-40.9999999254942,2.99999990686774));
#2745=CARTESIAN_POINT('Origin',(-10.0000001490116,-40.9999999254942,18.));
#2746=CARTESIAN_POINT('',(-10.0000001490116,-40.9999999254942,-7.00000037252903));
#2747=CARTESIAN_POINT('',(-10.0000001490116,-40.9999999254942,-7.00000037252903));
#2748=CARTESIAN_POINT('',(-10.0000001490116,-41.0000001490116,11.));
#2749=CARTESIAN_POINT('',(-10.0000001490116,-40.9999999254942,18.));
#2750=CARTESIAN_POINT('',(-7.50000014901161,-40.9999999254942,11.));
#2751=CARTESIAN_POINT('Origin',(-10.0000001490116,-55.0000001490116,18.));
#2752=CARTESIAN_POINT('',(-10.0000001490116,-55.0000001490116,11.));
#2753=CARTESIAN_POINT('',(-10.0000001490116,-62.5000001490116,-7.00000037252904));
#2754=CARTESIAN_POINT('',(-10.0000001490116,-52.5205220142519,0.23428616302501));
#2755=CARTESIAN_POINT('',(-10.0000001490116,-52.6000000745061,-0.247499493362651));
#2756=CARTESIAN_POINT('Ctrl Pts',(-10.0000001490116,-52.5205220142524,0.234286163025188));
#2757=CARTESIAN_POINT('Ctrl Pts',(-10.0000001490116,-52.5425331049316,0.160597155560238));
#2758=CARTESIAN_POINT('Ctrl Pts',(-10.0000001490116,-52.5625395632549,0.0777738673041518));
#2759=CARTESIAN_POINT('Ctrl Pts',(-10.0000001490116,-52.5762785936586,5.67469432367021E-5));
#2760=CARTESIAN_POINT('Ctrl Pts',(-10.0000001490116,-52.5907612154312,-0.0818666222003415));
#2761=CARTESIAN_POINT('Ctrl Pts',(-10.0000001490116,-52.5994233006383,-0.163577643561656));
#2762=CARTESIAN_POINT('Ctrl Pts',(-10.0000001490116,-52.6000000745066,-0.247499493454453));
#2763=CARTESIAN_POINT('',(-10.0000001490116,-52.5908914961456,-0.412553329676055));
#2764=CARTESIAN_POINT('Origin',(-10.0000001490118,-51.1000000745061,-0.247499493362651));
#2765=CARTESIAN_POINT('',(-10.0000001490116,-52.4991011600262,-0.788347117464543));
#2766=CARTESIAN_POINT('Ctrl Pts',(-10.0000001490116,-52.5908914961448,-0.412553329675965));
#2767=CARTESIAN_POINT('Ctrl Pts',(-10.0000001490116,-52.5834905954723,-0.476328770591726));
#2768=CARTESIAN_POINT('Ctrl Pts',(-10.0000001490114,-52.5717286153924,-0.539865635290155));
#2769=CARTESIAN_POINT('Ctrl Pts',(-10.0000001490114,-52.5564611496896,-0.60206854878857));
#2770=CARTESIAN_POINT('Ctrl Pts',(-10.0000001490114,-52.5410319182602,-0.6649305303793));
#2771=CARTESIAN_POINT('Ctrl Pts',(-10.0000001490116,-52.5217009080766,-0.727740472223054));
#2772=CARTESIAN_POINT('Ctrl Pts',(-10.0000001490116,-52.4991011600254,-0.78834711746438));
#2773=CARTESIAN_POINT('',(-10.0000001490116,-52.1628416030056,-1.30597381298352));
#2774=CARTESIAN_POINT('Origin',(-10.0000001490118,-51.1000000745061,-0.247499493362651));
#2775=CARTESIAN_POINT('',(-10.0000001490116,-51.334486803776,-1.72905812325088));
#2776=CARTESIAN_POINT('Ctrl Pts',(-10.0000001490116,-52.1628416030045,-1.30597381298235));
#2777=CARTESIAN_POINT('Ctrl Pts',(-10.0000001490116,-52.0562973992744,-1.40873142953166));
#2778=CARTESIAN_POINT('Ctrl Pts',(-10.0000001490116,-51.9320868418966,-1.49754443316381));
#2779=CARTESIAN_POINT('Ctrl Pts',(-10.0000001490116,-51.8015846522817,-1.56733421110462));
#2780=CARTESIAN_POINT('Ctrl Pts',(-10.0000001490116,-51.6726327948765,-1.63629490456057));
#2781=CARTESIAN_POINT('Ctrl Pts',(-10.0000001490116,-51.5144610192042,-1.69919764596304));
#2782=CARTESIAN_POINT('Ctrl Pts',(-10.0000001490116,-51.3344868037757,-1.72905812324879));
#2783=CARTESIAN_POINT('',(-10.0000001490116,-51.133900446432,-1.74711636602823));
#2784=CARTESIAN_POINT('Origin',(-10.0000001490118,-51.1000000745061,-0.247499493362651));
#2785=CARTESIAN_POINT('',(-10.0000001490116,-50.0999489227388,-1.36548772847465));
#2786=CARTESIAN_POINT('Ctrl Pts',(-10.0000001490116,-51.133900446432,-1.74711636602608));
#2787=CARTESIAN_POINT('Ctrl Pts',(-10.0000001490116,-50.9594728086189,-1.74959529168725));
#2788=CARTESIAN_POINT('Ctrl Pts',(-10.0000001490116,-50.7906064487448,-1.71754102981978));
#2789=CARTESIAN_POINT('Ctrl Pts',(-10.0000001490116,-50.6267045306696,-1.65766151761213));
#2790=CARTESIAN_POINT('Ctrl Pts',(-10.0000001490116,-50.4378730648245,-1.58867430747425));
#2791=CARTESIAN_POINT('Ctrl Pts',(-10.0000001490116,-50.2612894871651,-1.48471769490073));
#2792=CARTESIAN_POINT('Ctrl Pts',(-10.0000001490116,-50.0999489227398,-1.36548772847356));
#2793=CARTESIAN_POINT('',(-10.0000001490116,-50.5023215757684,1.12828406961033));
#2794=CARTESIAN_POINT('Origin',(-10.0000001490118,-51.1000000745061,-0.247499493362651));
#2795=CARTESIAN_POINT('',(-10.0000001490116,-50.9837711453937,1.24799067244834));
#2796=CARTESIAN_POINT('Ctrl Pts',(-10.0000001490116,-50.5023215757676,1.1282840696122));
#2797=CARTESIAN_POINT('Ctrl Pts',(-10.0000001490116,-50.5806265847945,1.15850543570224));
#2798=CARTESIAN_POINT('Ctrl Pts',(-10.0000001490116,-50.6635272138536,1.18272780791818));
#2799=CARTESIAN_POINT('Ctrl Pts',(-10.0000001490116,-50.7438057603089,1.20212671081251));
#2800=CARTESIAN_POINT('Ctrl Pts',(-10.0000001490116,-50.82050637768,1.22066102532135));
#2801=CARTESIAN_POINT('Ctrl Pts',(-10.0000001490116,-50.9056729047322,1.23741637967289));
#2802=CARTESIAN_POINT('Ctrl Pts',(-10.0000001490116,-50.9837711453936,1.24799067245047));
#2803=CARTESIAN_POINT('',(-10.0000001490116,-51.4981784279808,1.19868652469457));
#2804=CARTESIAN_POINT('Origin',(-10.0000001490118,-51.1000000745061,-0.247499493362651));
#2805=CARTESIAN_POINT('',(-10.0000001490116,-52.2435533881893,0.723214583368583));
#2806=CARTESIAN_POINT('Ctrl Pts',(-10.0000001490116,-51.4981784279813,1.19868652469651));
#2807=CARTESIAN_POINT('Ctrl Pts',(-10.0000001490116,-51.6333674908149,1.15157804996655));
#2808=CARTESIAN_POINT('Ctrl Pts',(-10.0000001490116,-51.7716289788708,1.08019617850485));
#2809=CARTESIAN_POINT('Ctrl Pts',(-10.0000001490116,-51.8925141302287,1.00383203137052));
#2810=CARTESIAN_POINT('Ctrl Pts',(-10.0000001490116,-52.0039651780783,0.93342748523185));
#2811=CARTESIAN_POINT('Ctrl Pts',(-10.0000001490116,-52.1336522175999,0.838098201550033));
#2812=CARTESIAN_POINT('Ctrl Pts',(-10.0000001490116,-52.2435533881903,0.723214583369275));
#2813=CARTESIAN_POINT('Origin',(-10.0000001490118,-51.1000000745061,-0.247499493362651));
#2814=CARTESIAN_POINT('Origin',(-10.0000001490116,-70.0000001490116,-7.00000037252903));
#2815=CARTESIAN_POINT('',(-23.525000372529,-65.0000002980232,-7.00000037252904));
#2816=CARTESIAN_POINT('Origin',(-25.000000372529,-65.0000002980232,-7.00000037252904));
#2817=CARTESIAN_POINT('',(-23.525000372529,-45.,-7.00000037252903));
#2818=CARTESIAN_POINT('Origin',(-25.000000372529,-45.,-7.00000037252903));
#2819=CARTESIAN_POINT('Origin',(-5.00000014901161,-55.0000001490116,11.));
#2820=CARTESIAN_POINT('Ctrl Pts',(18.6035328366247,-50.0999489227398,-1.3654877284738));
#2821=CARTESIAN_POINT('Ctrl Pts',(-44.3964671633753,-50.0999489227398,-1.36548772847327));
#2822=CARTESIAN_POINT('Ctrl Pts',(18.6035328366247,-50.2612894871651,-1.48471769490097));
#2823=CARTESIAN_POINT('Ctrl Pts',(-44.3964671633753,-50.2612894871651,-1.48471769490044));
#2824=CARTESIAN_POINT('Ctrl Pts',(18.6035328366247,-50.4378730648245,-1.58867430747449));
#2825=CARTESIAN_POINT('Ctrl Pts',(-44.3964671633753,-50.4378730648245,-1.58867430747396));
#2826=CARTESIAN_POINT('Ctrl Pts',(18.6035328366247,-50.7906064487448,-1.71754102982002));
#2827=CARTESIAN_POINT('Ctrl Pts',(-44.3964671633753,-50.7906064487448,-1.7175410298195));
#2828=CARTESIAN_POINT('Ctrl Pts',(18.6035328366247,-50.9594728086189,-1.74959529168749));
#2829=CARTESIAN_POINT('Ctrl Pts',(-44.3964671633754,-50.9594728086189,-1.74959529168696));
#2830=CARTESIAN_POINT('Ctrl Pts',(18.6035328366247,-51.133900446432,-1.74711636602632));
#2831=CARTESIAN_POINT('Ctrl Pts',(-44.3964671633754,-51.133900446432,-1.7471163660258));
#2832=CARTESIAN_POINT('',(18.6035328366238,-51.133900446432,-1.74711636602847));
#2833=CARTESIAN_POINT('',(18.6035328366238,-50.0999489227388,-1.36548772847489));
#2834=CARTESIAN_POINT('Origin',(18.6035328366238,-51.1000000745061,-0.24749949336289));
#2835=CARTESIAN_POINT('',(18.6035328366238,-50.5023215757684,1.12828406961009));
#2836=CARTESIAN_POINT('Ctrl Pts',(18.6035328366247,-50.9837711453936,1.24799067245023));
#2837=CARTESIAN_POINT('Ctrl Pts',(-44.3964671633753,-50.9837711453936,1.24799067245076));
#2838=CARTESIAN_POINT('Ctrl Pts',(18.6035328366247,-50.9056729047322,1.23741637967265));
#2839=CARTESIAN_POINT('Ctrl Pts',(-44.3964671633753,-50.9056729047322,1.23741637967318));
#2840=CARTESIAN_POINT('Ctrl Pts',(18.6035328366247,-50.82050637768,1.22066102532111));
#2841=CARTESIAN_POINT('Ctrl Pts',(-44.3964671633753,-50.82050637768,1.22066102532164));
#2842=CARTESIAN_POINT('Ctrl Pts',(18.6035328366247,-50.6635272138536,1.18272780791794));
#2843=CARTESIAN_POINT('Ctrl Pts',(-44.3964671633753,-50.6635272138536,1.18272780791847));
#2844=CARTESIAN_POINT('Ctrl Pts',(18.6035328366247,-50.5806265847945,1.158505435702));
#2845=CARTESIAN_POINT('Ctrl Pts',(-44.3964671633753,-50.5806265847945,1.15850543570253));
#2846=CARTESIAN_POINT('Ctrl Pts',(18.6035328366247,-50.5023215757676,1.12828406961196));
#2847=CARTESIAN_POINT('Ctrl Pts',(-44.3964671633753,-50.5023215757676,1.12828406961248));
#2848=CARTESIAN_POINT('',(18.6035328366238,-50.9837711453937,1.2479906724481));
#2849=CARTESIAN_POINT('Origin',(18.6035328366238,-51.1000000745061,-0.24749949336289));
#2850=CARTESIAN_POINT('',(18.6035328366238,-51.4981784279808,1.19868652469433));
#2851=CARTESIAN_POINT('Ctrl Pts',(18.6035328366247,-52.2435533881903,0.723214583369035));
#2852=CARTESIAN_POINT('Ctrl Pts',(-44.3964671633753,-52.2435533881904,0.723214583369564));
#2853=CARTESIAN_POINT('Ctrl Pts',(18.6035328366247,-52.1336522175999,0.838098201549793));
#2854=CARTESIAN_POINT('Ctrl Pts',(-44.3964671633753,-52.1336522175999,0.838098201550321));
#2855=CARTESIAN_POINT('Ctrl Pts',(18.6035328366247,-52.0039651780783,0.93342748523161));
#2856=CARTESIAN_POINT('Ctrl Pts',(-44.3964671633753,-52.0039651780783,0.933427485232139));
#2857=CARTESIAN_POINT('Ctrl Pts',(18.6035328366247,-51.7716289788708,1.08019617850461));
#2858=CARTESIAN_POINT('Ctrl Pts',(-44.3964671633753,-51.7716289788708,1.08019617850514));
#2859=CARTESIAN_POINT('Ctrl Pts',(18.6035328366247,-51.6333674908149,1.15157804996631));
#2860=CARTESIAN_POINT('Ctrl Pts',(-44.3964671633753,-51.6333674908149,1.15157804996684));
#2861=CARTESIAN_POINT('Ctrl Pts',(18.6035328366247,-51.4981784279813,1.19868652469627));
#2862=CARTESIAN_POINT('Ctrl Pts',(-44.3964671633753,-51.4981784279813,1.1986865246968));
#2863=CARTESIAN_POINT('',(18.6035328366238,-52.2435533881893,0.723214583368343));
#2864=CARTESIAN_POINT('Origin',(18.6035328366238,-51.1000000745061,-0.24749949336289));
#2865=CARTESIAN_POINT('',(18.6035328366238,-52.5205220142519,0.234286163024771));
#2866=CARTESIAN_POINT('Ctrl Pts',(18.6035328366247,-52.6000000745066,-0.247499493454693));
#2867=CARTESIAN_POINT('Ctrl Pts',(-44.3964671633753,-52.6000000745066,-0.247499493454164));
#2868=CARTESIAN_POINT('Ctrl Pts',(18.6035328366247,-52.5994233006383,-0.163577643561896));
#2869=CARTESIAN_POINT('Ctrl Pts',(-44.3964671633753,-52.5994233006383,-0.163577643561368));
#2870=CARTESIAN_POINT('Ctrl Pts',(18.6035328366247,-52.5907612154312,-0.0818666222005815));
#2871=CARTESIAN_POINT('Ctrl Pts',(-44.3964671633753,-52.5907612154312,-0.081866622200053));
#2872=CARTESIAN_POINT('Ctrl Pts',(18.6035328366247,-52.5625395632549,0.0777738673039119));
#2873=CARTESIAN_POINT('Ctrl Pts',(-44.3964671633753,-52.5625395632549,0.0777738673044404));
#2874=CARTESIAN_POINT('Ctrl Pts',(18.6035328366247,-52.5425331049316,0.160597155559998));
#2875=CARTESIAN_POINT('Ctrl Pts',(-44.3964671633753,-52.5425331049316,0.160597155560527));
#2876=CARTESIAN_POINT('Ctrl Pts',(18.6035328366247,-52.5205220142524,0.234286163024948));
#2877=CARTESIAN_POINT('Ctrl Pts',(-44.3964671633753,-52.5205220142524,0.234286163025477));
#2878=CARTESIAN_POINT('',(18.6035328366238,-52.6000000745061,-0.24749949336289));
#2879=CARTESIAN_POINT('Origin',(18.6035328366238,-51.1000000745061,-0.24749949336289));
#2880=CARTESIAN_POINT('',(18.6035328366238,-52.5908914961456,-0.412553329676295));
#2881=CARTESIAN_POINT('Ctrl Pts',(18.6035328366247,-52.4991011600254,-0.78834711746462));
#2882=CARTESIAN_POINT('Ctrl Pts',(-44.3964671633753,-52.4991011600254,-0.788347117464091));
#2883=CARTESIAN_POINT('Ctrl Pts',(18.6035328366247,-52.5217009080766,-0.727740472223294));
#2884=CARTESIAN_POINT('Ctrl Pts',(-44.3964671633753,-52.5217009080766,-0.727740472222765));
#2885=CARTESIAN_POINT('Ctrl Pts',(18.6035328366249,-52.5410319182602,-0.664930530379539));
#2886=CARTESIAN_POINT('Ctrl Pts',(-44.3964671633751,-52.5410319182603,-0.664930530379011));
#2887=CARTESIAN_POINT('Ctrl Pts',(18.6035328366249,-52.5717286153924,-0.539865635290395));
#2888=CARTESIAN_POINT('Ctrl Pts',(-44.3964671633751,-52.5717286153924,-0.539865635289867));
#2889=CARTESIAN_POINT('Ctrl Pts',(18.6035328366247,-52.5834905954723,-0.476328770591966));
#2890=CARTESIAN_POINT('Ctrl Pts',(-44.3964671633753,-52.5834905954723,-0.476328770591437));
#2891=CARTESIAN_POINT('Ctrl Pts',(18.6035328366247,-52.5908914961448,-0.412553329676205));
#2892=CARTESIAN_POINT('Ctrl Pts',(-44.3964671633753,-52.5908914961449,-0.412553329675677));
#2893=CARTESIAN_POINT('',(18.6035328366238,-52.4991011600262,-0.788347117464783));
#2894=CARTESIAN_POINT('Origin',(18.6035328366238,-51.1000000745061,-0.24749949336289));
#2895=CARTESIAN_POINT('',(18.6035328366238,-52.1628416030056,-1.30597381298376));
#2896=CARTESIAN_POINT('Ctrl Pts',(18.6035328366247,-51.3344868037757,-1.72905812324903));
#2897=CARTESIAN_POINT('Ctrl Pts',(-44.3964671633754,-51.3344868037757,-1.7290581232485));
#2898=CARTESIAN_POINT('Ctrl Pts',(18.6035328366247,-51.5144610192042,-1.69919764596328));
#2899=CARTESIAN_POINT('Ctrl Pts',(-44.3964671633754,-51.5144610192042,-1.69919764596275));
#2900=CARTESIAN_POINT('Ctrl Pts',(18.6035328366247,-51.6726327948765,-1.63629490456081));
#2901=CARTESIAN_POINT('Ctrl Pts',(-44.3964671633753,-51.6726327948765,-1.63629490456028));
#2902=CARTESIAN_POINT('Ctrl Pts',(18.6035328366247,-51.9320868418966,-1.49754443316405));
#2903=CARTESIAN_POINT('Ctrl Pts',(-44.3964671633753,-51.9320868418966,-1.49754443316352));
#2904=CARTESIAN_POINT('Ctrl Pts',(18.6035328366247,-52.0562973992744,-1.4087314295319));
#2905=CARTESIAN_POINT('Ctrl Pts',(-44.3964671633753,-52.0562973992744,-1.40873142953137));
#2906=CARTESIAN_POINT('Ctrl Pts',(18.6035328366247,-52.1628416030045,-1.30597381298259));
#2907=CARTESIAN_POINT('Ctrl Pts',(-44.3964671633753,-52.1628416030045,-1.30597381298206));
#2908=CARTESIAN_POINT('',(18.6035328366238,-51.334486803776,-1.72905812325112));
#2909=CARTESIAN_POINT('Origin',(18.6035328366238,-51.1000000745061,-0.24749949336289));
#2910=CARTESIAN_POINT('Origin',(-25.000000372529,-65.0000002980233,-17.));
#2911=CARTESIAN_POINT('',(-23.525000372529,-65.0000002980233,-17.));
#2912=CARTESIAN_POINT('Origin',(-25.000000372529,-45.,-17.));
#2913=CARTESIAN_POINT('',(-23.525000372529,-45.,-17.));
#2914=CARTESIAN_POINT('Origin',(44.5000000372529,-69.0000003725291,18.));
#2915=CARTESIAN_POINT('',(62.5000000372529,-69.0000003725291,-7.00000037252903));
#2916=CARTESIAN_POINT('',(62.5000000372529,-69.0000003725291,-17.));
#2917=CARTESIAN_POINT('',(62.5000000372529,-69.0000003725291,2.99999990686774));
#2918=CARTESIAN_POINT('',(44.5000000372529,-69.0000003725291,-7.00000037252903));
#2919=CARTESIAN_POINT('',(44.5000000372529,-69.0000003725291,-7.00000037252903));
#2920=CARTESIAN_POINT('',(44.4999990053475,-68.999999627471,11.));
#2921=CARTESIAN_POINT('',(44.5000000372529,-69.0000003725291,18.));
#2922=CARTESIAN_POINT('',(34.4999992288649,-68.999999627471,11.));
#2923=CARTESIAN_POINT('',(41.9999995771796,-69.0000003725291,11.));
#2924=CARTESIAN_POINT('',(34.5000000372471,-69.0000001490116,-17.));
#2925=CARTESIAN_POINT('',(34.5000000372417,-69.0000003725291,18.));
#2926=CARTESIAN_POINT('',(42.0000000372515,-69.0000003725291,-17.));
#2927=CARTESIAN_POINT('Origin',(44.5000000372529,-40.0000001490116,18.));
#2928=CARTESIAN_POINT('',(44.5000000372529,-41.0000001490116,-7.00000037252903));
#2929=CARTESIAN_POINT('',(44.5000000372529,-40.0000001490116,-7.00000037252903));
#2930=CARTESIAN_POINT('',(44.4999990053475,-41.0000002980232,11.));
#2931=CARTESIAN_POINT('',(44.5000000372529,-41.0000001490116,18.));
#2932=CARTESIAN_POINT('',(44.5000000372529,-47.5000000558794,11.));
#2933=CARTESIAN_POINT('',(44.5000000372529,-52.2435533881893,0.723214583368126));
#2934=CARTESIAN_POINT('',(44.5000000372529,-51.4981784279808,1.19868652469411));
#2935=CARTESIAN_POINT('Ctrl Pts',(44.5000000372529,-52.2435533881903,0.723214583368818));
#2936=CARTESIAN_POINT('Ctrl Pts',(44.5000000372529,-52.1336522175999,0.838098201549575));
#2937=CARTESIAN_POINT('Ctrl Pts',(44.5000000372529,-52.0039651780783,0.933427485231393));
#2938=CARTESIAN_POINT('Ctrl Pts',(44.5000000372529,-51.8925141302287,1.00383203137006));
#2939=CARTESIAN_POINT('Ctrl Pts',(44.5000000372529,-51.7716289788708,1.08019617850439));
#2940=CARTESIAN_POINT('Ctrl Pts',(44.5000000372529,-51.6333674908149,1.15157804996609));
#2941=CARTESIAN_POINT('Ctrl Pts',(44.5000000372529,-51.4981784279813,1.19868652469605));
#2942=CARTESIAN_POINT('',(44.5000000372529,-50.9837711453937,1.24799067244788));
#2943=CARTESIAN_POINT('Origin',(44.5000000372528,-51.1000000745061,-0.247499493363108));
#2944=CARTESIAN_POINT('',(44.5000000372529,-50.5023215757684,1.12828406960988));
#2945=CARTESIAN_POINT('Ctrl Pts',(44.5000000372529,-50.9837711453936,1.24799067245002));
#2946=CARTESIAN_POINT('Ctrl Pts',(44.5000000372529,-50.9056729047322,1.23741637967244));
#2947=CARTESIAN_POINT('Ctrl Pts',(44.5000000372529,-50.82050637768,1.22066102532089));
#2948=CARTESIAN_POINT('Ctrl Pts',(44.5000000372529,-50.7438057603089,1.20212671081206));
#2949=CARTESIAN_POINT('Ctrl Pts',(44.5000000372529,-50.6635272138536,1.18272780791772));
#2950=CARTESIAN_POINT('Ctrl Pts',(44.5000000372529,-50.5806265847945,1.15850543570178));
#2951=CARTESIAN_POINT('Ctrl Pts',(44.5000000372529,-50.5023215757676,1.12828406961174));
#2952=CARTESIAN_POINT('',(44.5000000372529,-50.0999489227388,-1.36548772847511));
#2953=CARTESIAN_POINT('Origin',(44.5000000372528,-51.1000000745061,-0.247499493363108));
#2954=CARTESIAN_POINT('',(44.5000000372529,-51.133900446432,-1.74711636602868));
#2955=CARTESIAN_POINT('Ctrl Pts',(44.5000000372529,-50.0999489227398,-1.36548772847401));
#2956=CARTESIAN_POINT('Ctrl Pts',(44.5000000372529,-50.2612894871651,-1.48471769490119));
#2957=CARTESIAN_POINT('Ctrl Pts',(44.5000000372529,-50.4378730648245,-1.58867430747471));
#2958=CARTESIAN_POINT('Ctrl Pts',(44.5000000372529,-50.6267045306696,-1.65766151761259));
#2959=CARTESIAN_POINT('Ctrl Pts',(44.5000000372529,-50.7906064487448,-1.71754102982024));
#2960=CARTESIAN_POINT('Ctrl Pts',(44.5000000372529,-50.9594728086189,-1.74959529168771));
#2961=CARTESIAN_POINT('Ctrl Pts',(44.5000000372529,-51.133900446432,-1.74711636602654));
#2962=CARTESIAN_POINT('',(44.5000000372529,-51.334486803776,-1.72905812325134));
#2963=CARTESIAN_POINT('Origin',(44.5000000372528,-51.1000000745061,-0.247499493363108));
#2964=CARTESIAN_POINT('',(44.5000000372529,-52.1628416030056,-1.30597381298397));
#2965=CARTESIAN_POINT('Ctrl Pts',(44.5000000372529,-51.3344868037757,-1.72905812324925));
#2966=CARTESIAN_POINT('Ctrl Pts',(44.5000000372529,-51.5144610192042,-1.6991976459635));
#2967=CARTESIAN_POINT('Ctrl Pts',(44.5000000372529,-51.6726327948765,-1.63629490456103));
#2968=CARTESIAN_POINT('Ctrl Pts',(44.5000000372529,-51.8015846522817,-1.56733421110508));
#2969=CARTESIAN_POINT('Ctrl Pts',(44.5000000372529,-51.9320868418966,-1.49754443316426));
#2970=CARTESIAN_POINT('Ctrl Pts',(44.5000000372529,-52.0562973992744,-1.40873142953211));
#2971=CARTESIAN_POINT('Ctrl Pts',(44.5000000372529,-52.1628416030045,-1.30597381298281));
#2972=CARTESIAN_POINT('',(44.5000000372529,-52.4991011600262,-0.788347117465));
#2973=CARTESIAN_POINT('Origin',(44.5000000372528,-51.1000000745061,-0.247499493363108));
#2974=CARTESIAN_POINT('',(44.5000000372529,-52.5908914961456,-0.412553329676513));
#2975=CARTESIAN_POINT('Ctrl Pts',(44.5000000372529,-52.4991011600254,-0.788347117464837));
#2976=CARTESIAN_POINT('Ctrl Pts',(44.5000000372529,-52.5217009080766,-0.727740472223511));
#2977=CARTESIAN_POINT('Ctrl Pts',(44.5000000372531,-52.5410319182602,-0.664930530379757));
#2978=CARTESIAN_POINT('Ctrl Pts',(44.5000000372531,-52.5564611496896,-0.602068548789027));
#2979=CARTESIAN_POINT('Ctrl Pts',(44.5000000372531,-52.5717286153924,-0.539865635290613));
#2980=CARTESIAN_POINT('Ctrl Pts',(44.5000000372529,-52.5834905954723,-0.476328770592183));
#2981=CARTESIAN_POINT('Ctrl Pts',(44.5000000372529,-52.5908914961448,-0.412553329676422));
#2982=CARTESIAN_POINT('',(44.5000000372529,-52.6000000745061,-0.247499493363108));
#2983=CARTESIAN_POINT('Origin',(44.5000000372528,-51.1000000745061,-0.247499493363108));
#2984=CARTESIAN_POINT('',(44.5000000372529,-52.5205220142519,0.234286163024553));
#2985=CARTESIAN_POINT('Ctrl Pts',(44.5000000372529,-52.6000000745066,-0.24749949345491));
#2986=CARTESIAN_POINT('Ctrl Pts',(44.5000000372529,-52.5994233006383,-0.163577643562113));
#2987=CARTESIAN_POINT('Ctrl Pts',(44.5000000372529,-52.5907612154312,-0.0818666222007988));
#2988=CARTESIAN_POINT('Ctrl Pts',(44.5000000372529,-52.5762785936586,5.67469427794627E-5));
#2989=CARTESIAN_POINT('Ctrl Pts',(44.5000000372529,-52.5625395632549,0.0777738673036946));
#2990=CARTESIAN_POINT('Ctrl Pts',(44.5000000372529,-52.5425331049316,0.160597155559781));
#2991=CARTESIAN_POINT('Ctrl Pts',(44.5000000372529,-52.5205220142524,0.234286163024731));
#2992=CARTESIAN_POINT('Origin',(44.5000000372528,-51.1000000745061,-0.247499493363108));
#2993=CARTESIAN_POINT('Origin',(44.5000000372529,-40.0000001490116,-7.00000037252903));
#2994=CARTESIAN_POINT('',(62.5000000372529,-41.0000001490116,-7.00000037252903));
#2995=CARTESIAN_POINT('',(62.5000000372529,-47.500000204891,-7.00000037252903));
#2996=CARTESIAN_POINT('',(39.5000000372529,-41.0000001490116,-7.00000037252903));
#2997=CARTESIAN_POINT('',(61.4750008940697,-65.0000002980232,-7.00000037252904));
#2998=CARTESIAN_POINT('Origin',(60.0000008940697,-65.0000002980232,-7.00000037252904));
#2999=CARTESIAN_POINT('',(61.4750008940697,-45.,-7.00000037252903));
#3000=CARTESIAN_POINT('Origin',(60.0000008940697,-45.,-7.00000037252903));
#3001=CARTESIAN_POINT('Origin',(62.5000000372529,-55.0000002607703,-12.0000001862645));
#3002=CARTESIAN_POINT('',(62.5000000372529,-41.0000001490116,-17.));
#3003=CARTESIAN_POINT('',(62.5000000372529,-51.250000204891,-17.));
#3004=CARTESIAN_POINT('',(62.5000000372529,-41.0000001490116,2.99999990686774));
#3005=CARTESIAN_POINT('Origin',(34.5000000372529,-41.0000001490116,18.));
#3006=CARTESIAN_POINT('',(34.5000000372529,-41.0000001490116,-17.));
#3007=CARTESIAN_POINT('',(37.0000000372515,-41.0000001490116,-17.));
#3008=CARTESIAN_POINT('',(34.4999992288649,-41.0000002980232,11.));
#3009=CARTESIAN_POINT('',(34.5000000372525,-41.0000001490116,18.));
#3010=CARTESIAN_POINT('',(36.9999995771796,-41.0000001490116,11.));
#3011=CARTESIAN_POINT('Origin',(34.5000000372471,-55.0000001490116,18.));
#3012=CARTESIAN_POINT('',(34.5000000372471,-55.0000000558784,11.));
#3013=CARTESIAN_POINT('',(34.5000000372485,-51.2500001490107,-17.));
#3014=CARTESIAN_POINT('',(34.5000000372485,-51.4981784279808,1.1986865246942));
#3015=CARTESIAN_POINT('',(34.5000000372482,-52.2435533881893,0.72321458336821));
#3016=CARTESIAN_POINT('Ctrl Pts',(34.5000000372485,-51.4981784279813,1.19868652469613));
#3017=CARTESIAN_POINT('Ctrl Pts',(34.5000000372485,-51.6333674908149,1.15157804996617));
#3018=CARTESIAN_POINT('Ctrl Pts',(34.5000000372484,-51.7716289788708,1.08019617850447));
#3019=CARTESIAN_POINT('Ctrl Pts',(34.5000000372484,-51.8925141302287,1.00383203137015));
#3020=CARTESIAN_POINT('Ctrl Pts',(34.5000000372484,-52.0039651780783,0.933427485231477));
#3021=CARTESIAN_POINT('Ctrl Pts',(34.5000000372485,-52.1336522175999,0.838098201549659));
#3022=CARTESIAN_POINT('Ctrl Pts',(34.5000000372485,-52.2435533881903,0.723214583368902));
#3023=CARTESIAN_POINT('',(34.5000000372481,-52.5205220142519,0.234286163024637));
#3024=CARTESIAN_POINT('Origin',(34.5000000372469,-51.1000000745061,-0.247499493363024));
#3025=CARTESIAN_POINT('',(34.500000037248,-52.6000000745061,-0.247499493363024));
#3026=CARTESIAN_POINT('Ctrl Pts',(34.5000000372481,-52.5205220142524,0.234286163024815));
#3027=CARTESIAN_POINT('Ctrl Pts',(34.5000000372481,-52.5425331049316,0.160597155559865));
#3028=CARTESIAN_POINT('Ctrl Pts',(34.5000000372481,-52.5625395632549,0.0777738673037785));
#3029=CARTESIAN_POINT('Ctrl Pts',(34.5000000372481,-52.5762785936586,5.67469428633741E-5));
#3030=CARTESIAN_POINT('Ctrl Pts',(34.500000037248,-52.5907612154312,-0.0818666222007149));
#3031=CARTESIAN_POINT('Ctrl Pts',(34.500000037248,-52.5994233006383,-0.163577643562029));
#3032=CARTESIAN_POINT('Ctrl Pts',(34.500000037248,-52.6000000745066,-0.247499493454826));
#3033=CARTESIAN_POINT('',(34.500000037248,-52.5908914961456,-0.412553329676428));
#3034=CARTESIAN_POINT('Origin',(34.5000000372469,-51.1000000745061,-0.247499493363024));
#3035=CARTESIAN_POINT('',(34.5000000372481,-52.4991011600262,-0.788347117464916));
#3036=CARTESIAN_POINT('Ctrl Pts',(34.500000037248,-52.5908914961448,-0.412553329676338));
#3037=CARTESIAN_POINT('Ctrl Pts',(34.500000037248,-52.5834905954723,-0.476328770592099));
#3038=CARTESIAN_POINT('Ctrl Pts',(34.5000000372482,-52.5717286153924,-0.539865635290529));
#3039=CARTESIAN_POINT('Ctrl Pts',(34.5000000372482,-52.5564611496896,-0.602068548788943));
#3040=CARTESIAN_POINT('Ctrl Pts',(34.5000000372482,-52.5410319182602,-0.664930530379673));
#3041=CARTESIAN_POINT('Ctrl Pts',(34.500000037248,-52.5217009080766,-0.727740472223427));
#3042=CARTESIAN_POINT('Ctrl Pts',(34.500000037248,-52.4991011600254,-0.788347117464753));
#3043=CARTESIAN_POINT('',(34.5000000372482,-52.1628416030056,-1.30597381298389));
#3044=CARTESIAN_POINT('Origin',(34.5000000372469,-51.1000000745061,-0.247499493363024));
#3045=CARTESIAN_POINT('',(34.5000000372485,-51.334486803776,-1.72905812325125));
#3046=CARTESIAN_POINT('Ctrl Pts',(34.5000000372482,-52.1628416030045,-1.30597381298272));
#3047=CARTESIAN_POINT('Ctrl Pts',(34.5000000372482,-52.0562973992744,-1.40873142953203));
#3048=CARTESIAN_POINT('Ctrl Pts',(34.5000000372482,-51.9320868418966,-1.49754443316418));
#3049=CARTESIAN_POINT('Ctrl Pts',(34.5000000372482,-51.8015846522817,-1.567334211105));
#3050=CARTESIAN_POINT('Ctrl Pts',(34.5000000372482,-51.6726327948765,-1.63629490456095));
#3051=CARTESIAN_POINT('Ctrl Pts',(34.5000000372482,-51.5144610192042,-1.69919764596342));
#3052=CARTESIAN_POINT('Ctrl Pts',(34.5000000372482,-51.3344868037757,-1.72905812324916));
#3053=CARTESIAN_POINT('',(34.5000000372486,-51.133900446432,-1.7471163660286));
#3054=CARTESIAN_POINT('Origin',(34.5000000372469,-51.1000000745061,-0.247499493363024));
#3055=CARTESIAN_POINT('',(34.500000037249,-50.0999489227388,-1.36548772847502));
#3056=CARTESIAN_POINT('Ctrl Pts',(34.5000000372486,-51.133900446432,-1.74711636602646));
#3057=CARTESIAN_POINT('Ctrl Pts',(34.5000000372486,-50.9594728086189,-1.74959529168762));
#3058=CARTESIAN_POINT('Ctrl Pts',(34.5000000372486,-50.7906064487448,-1.71754102982016));
#3059=CARTESIAN_POINT('Ctrl Pts',(34.5000000372486,-50.6267045306696,-1.65766151761251));
#3060=CARTESIAN_POINT('Ctrl Pts',(34.5000000372486,-50.4378730648245,-1.58867430747462));
#3061=CARTESIAN_POINT('Ctrl Pts',(34.5000000372486,-50.2612894871651,-1.4847176949011));
#3062=CARTESIAN_POINT('Ctrl Pts',(34.5000000372486,-50.0999489227398,-1.36548772847393));
#3063=CARTESIAN_POINT('',(34.5000000372488,-50.5023215757684,1.12828406960996));
#3064=CARTESIAN_POINT('Origin',(34.5000000372469,-51.1000000745061,-0.247499493363024));
#3065=CARTESIAN_POINT('',(34.5000000372487,-50.9837711453937,1.24799067244797));
#3066=CARTESIAN_POINT('Ctrl Pts',(34.5000000372488,-50.5023215757676,1.12828406961182));
#3067=CARTESIAN_POINT('Ctrl Pts',(34.5000000372488,-50.5806265847945,1.15850543570187));
#3068=CARTESIAN_POINT('Ctrl Pts',(34.5000000372489,-50.6635272138536,1.18272780791781));
#3069=CARTESIAN_POINT('Ctrl Pts',(34.5000000372489,-50.7438057603089,1.20212671081214));
#3070=CARTESIAN_POINT('Ctrl Pts',(34.5000000372489,-50.82050637768,1.22066102532098));
#3071=CARTESIAN_POINT('Ctrl Pts',(34.5000000372488,-50.9056729047322,1.23741637967252));
#3072=CARTESIAN_POINT('Ctrl Pts',(34.5000000372488,-50.9837711453936,1.2479906724501));
#3073=CARTESIAN_POINT('Origin',(34.5000000372469,-51.1000000745061,-0.247499493363024));
#3074=CARTESIAN_POINT('',(34.5000000372453,-59.5999489227398,-9.61548772847367));
#3075=CARTESIAN_POINT('',(34.5000000372453,-59.5999489227398,-7.3795112582476));
#3076=CARTESIAN_POINT('',(34.5000000372453,-59.5999489227398,4.19225613576317));
#3077=CARTESIAN_POINT('',(34.5000000372452,-60.0023215757676,-7.12171593038793));
#3078=CARTESIAN_POINT('Origin',(34.500000037247,-60.6000000745059,-8.49749949336064));
#3079=CARTESIAN_POINT('',(34.500000037245,-60.4837711453936,-7.00200932754965));
#3080=CARTESIAN_POINT('Ctrl Pts',(34.5000000372452,-60.0023215757676,-7.12171593038793));
#3081=CARTESIAN_POINT('Ctrl Pts',(34.5000000372452,-60.0321529367088,-7.11020268888306));
#3082=CARTESIAN_POINT('Ctrl Pts',(34.5000000372452,-60.0625340430253,-7.09958672022604));
#3083=CARTESIAN_POINT('Ctrl Pts',(34.5000000372452,-60.0932324839488,-7.08976754515126));
#3084=CARTESIAN_POINT('Ctrl Pts',(34.5000000372452,-60.1257715367216,-7.07935963366354));
#3085=CARTESIAN_POINT('Ctrl Pts',(34.5000000372452,-60.1586621688088,-7.06984386409252));
#3086=CARTESIAN_POINT('Ctrl Pts',(34.5000000372452,-60.1916011693248,-7.06109911812641));
#3087=CARTESIAN_POINT('Ctrl Pts',(34.5000000372452,-60.2172867884052,-7.05428002190853));
#3088=CARTESIAN_POINT('Ctrl Pts',(34.5000000372452,-60.2430005757951,-7.0479293183566));
#3089=CARTESIAN_POINT('Ctrl Pts',(34.5000000372452,-60.268620515191,-7.04200860717099));
#3090=CARTESIAN_POINT('Ctrl Pts',(34.5000000372452,-60.2921904229066,-7.03656165376105));
#3091=CARTESIAN_POINT('Ctrl Pts',(34.5000000372452,-60.3156802360073,-7.03147829518313));
#3092=CARTESIAN_POINT('Ctrl Pts',(34.5000000372452,-60.3390267051343,-7.02675150242961));
#3093=CARTESIAN_POINT('Ctrl Pts',(34.5000000372452,-60.361009330587,-7.02230083735783));
#3094=CARTESIAN_POINT('Ctrl Pts',(34.5000000372452,-60.3828643688947,-7.01816603027083));
#3095=CARTESIAN_POINT('Ctrl Pts',(34.5000000372452,-60.4045766891647,-7.01436669723706));
#3096=CARTESIAN_POINT('Ctrl Pts',(34.5000000372452,-60.4251677007312,-7.01076357654475));
#3097=CARTESIAN_POINT('Ctrl Pts',(34.5000000372452,-60.4456301590724,-7.00746208136803));
#3098=CARTESIAN_POINT('Ctrl Pts',(34.5000000372452,-60.4659909792891,-7.00450509420071));
#3099=CARTESIAN_POINT('Ctrl Pts',(34.5000000372452,-60.4719255966434,-7.00364321402237));
#3100=CARTESIAN_POINT('Ctrl Pts',(34.5000000372452,-60.477851857968,-7.00281078322577));
#3101=CARTESIAN_POINT('Ctrl Pts',(34.5000000372452,-60.4837711453936,-7.00200932754965));
#3102=CARTESIAN_POINT('',(34.5000000372448,-60.9981784279813,-7.0513134753036));
#3103=CARTESIAN_POINT('Origin',(34.500000037247,-60.6000000745059,-8.49749949336064));
#3104=CARTESIAN_POINT('',(34.5000000372445,-61.7435533881903,-7.52678541663084));
#3105=CARTESIAN_POINT('Ctrl Pts',(34.5000000372448,-60.9981784279813,-7.05131347530361));
#3106=CARTESIAN_POINT('Ctrl Pts',(34.5000000372448,-61.0209227051038,-7.05923902920287));
#3107=CARTESIAN_POINT('Ctrl Pts',(34.5000000372448,-61.0441415345356,-7.06798672164433));
#3108=CARTESIAN_POINT('Ctrl Pts',(34.5000000372448,-61.0677695173682,-7.07754350243019));
#3109=CARTESIAN_POINT('Ctrl Pts',(34.5000000372448,-61.0924146405506,-7.08751168470639));
#3110=CARTESIAN_POINT('Ctrl Pts',(34.5000000372448,-61.1175047302072,-7.09836009173825));
#3111=CARTESIAN_POINT('Ctrl Pts',(34.5000000372448,-61.1429161525949,-7.11004323220917));
#3112=CARTESIAN_POINT('Ctrl Pts',(34.5000000372448,-61.1721153067452,-7.1234678179866));
#3113=CARTESIAN_POINT('Ctrl Pts',(34.5000000372448,-61.2017384357704,-7.13799460683873));
#3114=CARTESIAN_POINT('Ctrl Pts',(34.5000000372448,-61.2315373870374,-7.15351413141549));
#3115=CARTESIAN_POINT('Ctrl Pts',(34.5000000372448,-61.2653588296355,-7.17112860062679));
#3116=CARTESIAN_POINT('Ctrl Pts',(34.5000000372448,-61.2994055839101,-7.1900217029671));
#3117=CARTESIAN_POINT('Ctrl Pts',(34.5000000372448,-61.3332550693909,-7.20998620260295));
#3118=CARTESIAN_POINT('Ctrl Pts',(34.5000000372448,-61.3726354672559,-7.2332128463072));
#3119=CARTESIAN_POINT('Ctrl Pts',(34.5000000372448,-61.4117448650722,-7.25788848109164));
#3120=CARTESIAN_POINT('Ctrl Pts',(34.5000000372448,-61.4498810569797,-7.28363561041796));
#3121=CARTESIAN_POINT('Ctrl Pts',(34.5000000372448,-61.4805313021068,-7.30432870497453));
#3122=CARTESIAN_POINT('Ctrl Pts',(34.5000000372448,-61.510550669929,-7.32571214977812));
#3123=CARTESIAN_POINT('Ctrl Pts',(34.5000000372448,-61.5395968070053,-7.34758388027962));
#3124=CARTESIAN_POINT('Ctrl Pts',(34.5000000372448,-61.5659469754349,-7.36742554738481));
#3125=CARTESIAN_POINT('Ctrl Pts',(34.5000000372448,-61.5914953921381,-7.3876684933804));
#3126=CARTESIAN_POINT('Ctrl Pts',(34.5000000372448,-61.6160243493781,-7.40816954007215));
#3127=CARTESIAN_POINT('Ctrl Pts',(34.5000000372448,-61.639292037955,-7.42761643156686));
#3128=CARTESIAN_POINT('Ctrl Pts',(34.5000000372448,-61.661641732486,-7.44729516222257));
#3129=CARTESIAN_POINT('Ctrl Pts',(34.5000000372448,-61.6829335613985,-7.46709733111214));
#3130=CARTESIAN_POINT('Ctrl Pts',(34.5000000372448,-61.7024543490095,-7.48525236770935));
#3131=CARTESIAN_POINT('Ctrl Pts',(34.5000000372448,-61.7210857951802,-7.50351100847965));
#3132=CARTESIAN_POINT('Ctrl Pts',(34.5000000372448,-61.738764954832,-7.5218052565712));
#3133=CARTESIAN_POINT('Ctrl Pts',(34.5000000372448,-61.7403689127535,-7.52346501895364));
#3134=CARTESIAN_POINT('Ctrl Pts',(34.5000000372448,-61.7419650659786,-7.52512508670403));
#3135=CARTESIAN_POINT('Ctrl Pts',(34.5000000372448,-61.7435533881903,-7.52678541663084));
#3136=CARTESIAN_POINT('',(34.5000000372444,-62.0205220142524,-8.01571383697492));
#3137=CARTESIAN_POINT('Origin',(34.500000037247,-60.6000000745059,-8.49749949336064));
#3138=CARTESIAN_POINT('',(34.5000000372443,-62.1000000745066,-8.49749949345457));
#3139=CARTESIAN_POINT('Ctrl Pts',(34.5000000372444,-62.0205220142524,-8.01571383697493));
#3140=CARTESIAN_POINT('Ctrl Pts',(34.5000000372444,-62.0266821828358,-8.03633692718631));
#3141=CARTESIAN_POINT('Ctrl Pts',(34.5000000372444,-62.0324920971149,-8.05701245717382));
#3142=CARTESIAN_POINT('Ctrl Pts',(34.5000000372444,-62.0380062307513,-8.07777985434517));
#3143=CARTESIAN_POINT('Ctrl Pts',(34.5000000372444,-62.0439259221209,-8.10007466798461));
#3144=CARTESIAN_POINT('Ctrl Pts',(34.5000000372444,-62.0495041640453,-8.12247554731905));
#3145=CARTESIAN_POINT('Ctrl Pts',(34.5000000372444,-62.0547432412284,-8.14502535546244));
#3146=CARTESIAN_POINT('Ctrl Pts',(34.5000000372444,-62.0604552472873,-8.16961072350405));
#3147=CARTESIAN_POINT('Ctrl Pts',(34.5000000372444,-62.0657632386384,-8.19437349659884));
#3148=CARTESIAN_POINT('Ctrl Pts',(34.5000000372444,-62.0706076576258,-8.21935803504514));
#3149=CARTESIAN_POINT('Ctrl Pts',(34.5000000372444,-62.0764405379709,-8.24944045021442));
#3150=CARTESIAN_POINT('Ctrl Pts',(34.5000000372444,-62.0816001055318,-8.27984575853783));
#3151=CARTESIAN_POINT('Ctrl Pts',(34.5000000372444,-62.0859097366392,-8.31062073543446));
#3152=CARTESIAN_POINT('Ctrl Pts',(34.5000000372444,-62.0901702872516,-8.3410452296416));
#3153=CARTESIAN_POINT('Ctrl Pts',(34.5000000372444,-62.0935957563747,-8.37183147486912));
#3154=CARTESIAN_POINT('Ctrl Pts',(34.5000000372444,-62.09599973427,-8.40298430010358));
#3155=CARTESIAN_POINT('Ctrl Pts',(34.5000000372444,-62.0980124356153,-8.42906662531348));
#3156=CARTESIAN_POINT('Ctrl Pts',(34.5000000372444,-62.0993072689517,-8.4554054970692));
#3157=CARTESIAN_POINT('Ctrl Pts',(34.5000000372444,-62.0998021417477,-8.48197692724744));
#3158=CARTESIAN_POINT('Ctrl Pts',(34.5000000372444,-62.0998983468407,-8.48714251107813));
#3159=CARTESIAN_POINT('Ctrl Pts',(34.5000000372444,-62.0999644551489,-8.4923167995915));
#3160=CARTESIAN_POINT('Ctrl Pts',(34.5000000372444,-62.1000000745066,-8.49749949345457));
#3161=CARTESIAN_POINT('',(34.5000000372443,-62.0908914961449,-8.66255332967609));
#3162=CARTESIAN_POINT('Origin',(34.500000037247,-60.6000000745059,-8.49749949336064));
#3163=CARTESIAN_POINT('',(34.5000000372444,-61.9991011600254,-9.0383471174645));
#3164=CARTESIAN_POINT('Ctrl Pts',(34.5000000372444,-62.0908914961449,-8.66255332967609));
#3165=CARTESIAN_POINT('Ctrl Pts',(34.5000000372444,-62.085925094835,-8.70535007122369));
#3166=CARTESIAN_POINT('Ctrl Pts',(34.5000000372444,-62.0789574027937,-8.74836558697174));
#3167=CARTESIAN_POINT('Ctrl Pts',(34.5000000372444,-62.0701594831456,-8.79126905455571));
#3168=CARTESIAN_POINT('Ctrl Pts',(34.5000000372444,-62.063037413776,-8.82600015969764));
#3169=CARTESIAN_POINT('Ctrl Pts',(34.5000000372443,-62.0547206106148,-8.86065554132499));
#3170=CARTESIAN_POINT('Ctrl Pts',(34.5000000372443,-62.0452953661008,-8.89507284122882));
#3171=CARTESIAN_POINT('Ctrl Pts',(34.5000000372443,-62.0376724124899,-8.92290888093992));
#3172=CARTESIAN_POINT('Ctrl Pts',(34.5000000372444,-62.0293251475821,-8.95058894975988));
#3173=CARTESIAN_POINT('Ctrl Pts',(34.5000000372444,-62.0202702538651,-8.97804827132496));
#3174=CARTESIAN_POINT('Ctrl Pts',(34.5000000372444,-62.0136011843894,-8.99827248698069));
#3175=CARTESIAN_POINT('Ctrl Pts',(34.5000000372444,-62.0065477341347,-9.01837734283321));
#3176=CARTESIAN_POINT('Ctrl Pts',(34.5000000372444,-61.9991011600254,-9.0383471174645));
#3177=CARTESIAN_POINT('',(34.5000000372445,-61.6628416030045,-9.55597381298247));
#3178=CARTESIAN_POINT('Origin',(34.500000037247,-60.6000000745059,-8.49749949336064));
#3179=CARTESIAN_POINT('',(34.5000000372448,-60.8344868037757,-9.97905812324891));
#3180=CARTESIAN_POINT('Ctrl Pts',(34.5000000372445,-61.6628416030044,-9.55597381298247));
#3181=CARTESIAN_POINT('Ctrl Pts',(34.5000000372445,-61.6407167659575,-9.57731233203742));
#3182=CARTESIAN_POINT('Ctrl Pts',(34.5000000372445,-61.6174515968941,-9.59841480878056));
#3183=CARTESIAN_POINT('Ctrl Pts',(34.5000000372445,-61.5930468469508,-9.61919219786443));
#3184=CARTESIAN_POINT('Ctrl Pts',(34.5000000372445,-61.5662963257442,-9.64196669826276));
#3185=CARTESIAN_POINT('Ctrl Pts',(34.5000000372445,-61.5381766721653,-9.66435044209829));
#3186=CARTESIAN_POINT('Ctrl Pts',(34.5000000372445,-61.5087370692084,-9.68618291175089));
#3187=CARTESIAN_POINT('Ctrl Pts',(34.5000000372445,-61.4771733171045,-9.70959065474719));
#3188=CARTESIAN_POINT('Ctrl Pts',(34.5000000372445,-61.4440925957318,-9.73236419575649));
#3189=CARTESIAN_POINT('Ctrl Pts',(34.5000000372445,-61.4096045307172,-9.75426447107187));
#3190=CARTESIAN_POINT('Ctrl Pts',(34.5000000372445,-61.371039257464,-9.77875381547255));
#3191=CARTESIAN_POINT('Ctrl Pts',(34.5000000372445,-61.3307146277903,-9.80215038759016));
#3192=CARTESIAN_POINT('Ctrl Pts',(34.5000000372445,-61.2888385446959,-9.82407963097245));
#3193=CARTESIAN_POINT('Ctrl Pts',(34.5000000372445,-61.2310537121952,-9.85433980723716));
#3194=CARTESIAN_POINT('Ctrl Pts',(34.5000000372445,-61.1703160829549,-9.88180145114363));
#3195=CARTESIAN_POINT('Ctrl Pts',(34.5000000372445,-61.1072641014314,-9.90544501659664));
#3196=CARTESIAN_POINT('Ctrl Pts',(34.5000000372445,-61.06299664728,-9.92204466064236));
#3197=CARTESIAN_POINT('Ctrl Pts',(34.5000000372445,-61.0175910130725,-9.93676103855778));
#3198=CARTESIAN_POINT('Ctrl Pts',(34.5000000372445,-60.9712693596489,-9.94926275174406));
#3199=CARTESIAN_POINT('Ctrl Pts',(34.5000000372445,-60.9264710707105,-9.96135332533444));
#3200=CARTESIAN_POINT('Ctrl Pts',(34.5000000372445,-60.880817281461,-9.97137118779948));
#3201=CARTESIAN_POINT('Ctrl Pts',(34.5000000372445,-60.8344868037757,-9.97905812324891));
#3202=CARTESIAN_POINT('',(34.5000000372449,-60.633900446432,-9.99711636602621));
#3203=CARTESIAN_POINT('Origin',(34.500000037247,-60.6000000745059,-8.49749949336064));
#3204=CARTESIAN_POINT('Ctrl Pts',(34.5000000372449,-60.633900446432,-9.99711636602621));
#3205=CARTESIAN_POINT('Ctrl Pts',(34.5000000372449,-60.5854953637364,-9.99780428798129));
#3206=CARTESIAN_POINT('Ctrl Pts',(34.5000000372449,-60.5365983578855,-9.9958409456298));
#3207=CARTESIAN_POINT('Ctrl Pts',(34.5000000372449,-60.4873080561259,-9.99109186015727));
#3208=CARTESIAN_POINT('Ctrl Pts',(34.5000000372449,-60.4361225562775,-9.98616017369855));
#3209=CARTESIAN_POINT('Ctrl Pts',(34.5000000372449,-60.3845128247166,-9.97822464336292));
#3210=CARTESIAN_POINT('Ctrl Pts',(34.5000000372449,-60.3325570477261,-9.96718272670537));
#3211=CARTESIAN_POINT('Ctrl Pts',(34.5000000372449,-60.2776577991415,-9.95551524788883));
#3212=CARTESIAN_POINT('Ctrl Pts',(34.5000000372449,-60.2223719857635,-9.94037981422606));
#3213=CARTESIAN_POINT('Ctrl Pts',(34.5000000372449,-60.1667584452456,-9.92170388804185));
#3214=CARTESIAN_POINT('Ctrl Pts',(34.5000000372449,-60.1043584808694,-9.90074897098867));
#3215=CARTESIAN_POINT('Ctrl Pts',(34.5000000372449,-60.0415458435869,-9.87533705930421));
#3216=CARTESIAN_POINT('Ctrl Pts',(34.5000000372449,-59.9783647689369,-9.84541996348515));
#3217=CARTESIAN_POINT('Ctrl Pts',(34.5000000372449,-59.9050113690281,-9.81068613368118));
#3218=CARTESIAN_POINT('Ctrl Pts',(34.5000000372449,-59.8311608465218,-9.76988083055689));
#3219=CARTESIAN_POINT('Ctrl Pts',(34.5000000372449,-59.7568362881852,-9.7229873984443));
#3220=CARTESIAN_POINT('Ctrl Pts',(34.5000000372449,-59.7047738830953,-9.69013977831252));
#3221=CARTESIAN_POINT('Ctrl Pts',(34.5000000372449,-59.6524777999124,-9.65430633732172));
#3222=CARTESIAN_POINT('Ctrl Pts',(34.5000000372449,-59.5999489227398,-9.61548772847367));
#3223=CARTESIAN_POINT('Origin',(39.50000003725,-47.5000001490116,-17.));
#3224=CARTESIAN_POINT('',(43.0000006407499,-68.0000003427267,-17.));
#3225=CARTESIAN_POINT('',(43.0000006407499,-41.9999999552965,-17.));
#3226=CARTESIAN_POINT('',(43.0000006407499,-57.7500002458692,-17.));
#3227=CARTESIAN_POINT('',(36.0000005364418,-41.9999999552965,-17.));
#3228=CARTESIAN_POINT('',(41.250000339,-41.9999999552965,-17.));
#3229=CARTESIAN_POINT('',(36.0000005364418,-68.0000003427267,-17.));
#3230=CARTESIAN_POINT('',(36.0000005364418,-44.7500000521541,-17.));
#3231=CARTESIAN_POINT('',(37.7500002868459,-68.0000003427267,-17.));
#3232=CARTESIAN_POINT('',(61.4750008940697,-45.,-17.));
#3233=CARTESIAN_POINT('Origin',(60.0000008940697,-45.,-17.));
#3234=CARTESIAN_POINT('',(61.4750008940697,-65.0000002980233,-17.));
#3235=CARTESIAN_POINT('Origin',(60.0000008940697,-65.0000002980233,-17.));
#3236=CARTESIAN_POINT('Origin',(43.0000006407499,-41.9999999552965,-17.));
#3237=CARTESIAN_POINT('',(43.0000006407499,-41.9999999552965,5.99999999999999));
#3238=CARTESIAN_POINT('',(43.0000006407499,-41.9999999552965,-17.));
#3239=CARTESIAN_POINT('',(36.0000005364418,-41.9999999552965,5.99999999999999));
#3240=CARTESIAN_POINT('',(41.2499998789281,-41.9999999552965,5.99999999999999));
#3241=CARTESIAN_POINT('',(36.0000005364418,-41.9999999552965,-17.));
#3242=CARTESIAN_POINT('Origin',(43.0000006407499,-68.0000003427267,-17.));
#3243=CARTESIAN_POINT('',(43.0000006407499,-68.0000003427267,6.));
#3244=CARTESIAN_POINT('',(43.0000006407499,-68.0000003427267,-17.));
#3245=CARTESIAN_POINT('',(43.0000006407499,-61.5000001527369,6.));
#3246=CARTESIAN_POINT('',(43.0000006407499,-51.4981784279808,1.19868652469413));
#3247=CARTESIAN_POINT('',(43.0000006407499,-52.2435533881893,0.723214583368139));
#3248=CARTESIAN_POINT('Ctrl Pts',(43.0000006407499,-51.4981784279813,1.19868652469606));
#3249=CARTESIAN_POINT('Ctrl Pts',(43.0000006407499,-51.6333674908149,1.1515780499661));
#3250=CARTESIAN_POINT('Ctrl Pts',(43.0000006407499,-51.7716289788708,1.0801961785044));
#3251=CARTESIAN_POINT('Ctrl Pts',(43.0000006407499,-51.8925141302287,1.00383203137008));
#3252=CARTESIAN_POINT('Ctrl Pts',(43.0000006407499,-52.0039651780783,0.933427485231406));
#3253=CARTESIAN_POINT('Ctrl Pts',(43.0000006407499,-52.1336522175999,0.838098201549588));
#3254=CARTESIAN_POINT('Ctrl Pts',(43.0000006407499,-52.2435533881903,0.723214583368831));
#3255=CARTESIAN_POINT('',(43.0000006407499,-52.5205220142519,0.234286163024566));
#3256=CARTESIAN_POINT('Origin',(43.0000006407501,-51.1000000745061,-0.247499493363095));
#3257=CARTESIAN_POINT('',(43.0000006407499,-52.6000000745061,-0.247499493363095));
#3258=CARTESIAN_POINT('Ctrl Pts',(43.0000006407499,-52.5205220142524,0.234286163024744));
#3259=CARTESIAN_POINT('Ctrl Pts',(43.0000006407499,-52.5425331049316,0.160597155559793));
#3260=CARTESIAN_POINT('Ctrl Pts',(43.00000064075,-52.5625395632549,0.0777738673037071));
#3261=CARTESIAN_POINT('Ctrl Pts',(43.0000006407499,-52.5762785936586,5.67469427920422E-5));
#3262=CARTESIAN_POINT('Ctrl Pts',(43.0000006407499,-52.5907612154312,-0.0818666222007862));
#3263=CARTESIAN_POINT('Ctrl Pts',(43.0000006407499,-52.5994233006383,-0.163577643562101));
#3264=CARTESIAN_POINT('Ctrl Pts',(43.0000006407499,-52.6000000745066,-0.247499493454897));
#3265=CARTESIAN_POINT('',(43.0000006407499,-52.5908914961456,-0.412553329676499));
#3266=CARTESIAN_POINT('Origin',(43.0000006407501,-51.1000000745061,-0.247499493363095));
#3267=CARTESIAN_POINT('',(43.0000006407499,-52.4991011600262,-0.788347117464987));
#3268=CARTESIAN_POINT('Ctrl Pts',(43.0000006407499,-52.5908914961448,-0.41255332967641));
#3269=CARTESIAN_POINT('Ctrl Pts',(43.0000006407499,-52.5834905954723,-0.47632877059217));
#3270=CARTESIAN_POINT('Ctrl Pts',(43.0000006407501,-52.5717286153924,-0.5398656352906));
#3271=CARTESIAN_POINT('Ctrl Pts',(43.0000006407501,-52.5564611496896,-0.602068548789015));
#3272=CARTESIAN_POINT('Ctrl Pts',(43.0000006407501,-52.5410319182602,-0.664930530379744));
#3273=CARTESIAN_POINT('Ctrl Pts',(43.0000006407499,-52.5217009080766,-0.727740472223499));
#3274=CARTESIAN_POINT('Ctrl Pts',(43.0000006407499,-52.4991011600254,-0.788347117464825));
#3275=CARTESIAN_POINT('',(43.0000006407499,-52.1628416030056,-1.30597381298396));
#3276=CARTESIAN_POINT('Origin',(43.0000006407501,-51.1000000745061,-0.247499493363095));
#3277=CARTESIAN_POINT('',(43.0000006407499,-51.334486803776,-1.72905812325133));
#3278=CARTESIAN_POINT('Ctrl Pts',(43.0000006407499,-52.1628416030045,-1.3059738129828));
#3279=CARTESIAN_POINT('Ctrl Pts',(43.0000006407499,-52.0562973992744,-1.4087314295321));
#3280=CARTESIAN_POINT('Ctrl Pts',(43.0000006407499,-51.9320868418966,-1.49754443316425));
#3281=CARTESIAN_POINT('Ctrl Pts',(43.0000006407499,-51.8015846522817,-1.56733421110507));
#3282=CARTESIAN_POINT('Ctrl Pts',(43.0000006407499,-51.6726327948765,-1.63629490456102));
#3283=CARTESIAN_POINT('Ctrl Pts',(43.0000006407499,-51.5144610192042,-1.69919764596349));
#3284=CARTESIAN_POINT('Ctrl Pts',(43.0000006407499,-51.3344868037757,-1.72905812324923));
#3285=CARTESIAN_POINT('',(43.0000006407499,-51.133900446432,-1.74711636602868));
#3286=CARTESIAN_POINT('Origin',(43.0000006407501,-51.1000000745061,-0.247499493363095));
#3287=CARTESIAN_POINT('',(43.0000006407499,-50.0999489227388,-1.36548772847509));
#3288=CARTESIAN_POINT('Ctrl Pts',(43.0000006407499,-51.133900446432,-1.74711636602653));
#3289=CARTESIAN_POINT('Ctrl Pts',(43.0000006407499,-50.9594728086189,-1.74959529168769));
#3290=CARTESIAN_POINT('Ctrl Pts',(43.0000006407499,-50.7906064487448,-1.71754102982023));
#3291=CARTESIAN_POINT('Ctrl Pts',(43.0000006407499,-50.6267045306696,-1.65766151761258));
#3292=CARTESIAN_POINT('Ctrl Pts',(43.0000006407499,-50.4378730648245,-1.5886743074747));
#3293=CARTESIAN_POINT('Ctrl Pts',(43.0000006407499,-50.2612894871651,-1.48471769490117));
#3294=CARTESIAN_POINT('Ctrl Pts',(43.0000006407499,-50.0999489227398,-1.365487728474));
#3295=CARTESIAN_POINT('',(43.0000006407499,-50.5023215757684,1.12828406960989));
#3296=CARTESIAN_POINT('Origin',(43.0000006407501,-51.1000000745061,-0.247499493363095));
#3297=CARTESIAN_POINT('',(43.0000006407499,-50.9837711453937,1.2479906724479));
#3298=CARTESIAN_POINT('Ctrl Pts',(43.0000006407499,-50.5023215757676,1.12828406961175));
#3299=CARTESIAN_POINT('Ctrl Pts',(43.0000006407499,-50.5806265847945,1.1585054357018));
#3300=CARTESIAN_POINT('Ctrl Pts',(43.0000006407499,-50.6635272138536,1.18272780791774));
#3301=CARTESIAN_POINT('Ctrl Pts',(43.0000006407499,-50.7438057603089,1.20212671081207));
#3302=CARTESIAN_POINT('Ctrl Pts',(43.0000006407499,-50.82050637768,1.22066102532091));
#3303=CARTESIAN_POINT('Ctrl Pts',(43.0000006407499,-50.9056729047322,1.23741637967245));
#3304=CARTESIAN_POINT('Ctrl Pts',(43.0000006407499,-50.9837711453936,1.24799067245003));
#3305=CARTESIAN_POINT('Origin',(43.0000006407501,-51.1000000745061,-0.247499493363095));
#3306=CARTESIAN_POINT('Origin',(39.4999991171062,-54.9999999627471,6.));
#3307=CARTESIAN_POINT('',(36.0000005364418,-68.0000003427267,6.));
#3308=CARTESIAN_POINT('',(36.0000005364418,-48.4999999590218,6.));
#3309=CARTESIAN_POINT('',(37.749999826774,-68.0000003427267,6.));
#3310=CARTESIAN_POINT('Origin',(39.4999991171062,-54.9999999627471,11.));
#3311=CARTESIAN_POINT('Origin',(36.0000005364418,-41.9999999552965,-17.));
#3312=CARTESIAN_POINT('',(36.0000005364418,-68.0000003427267,-17.));
#3313=CARTESIAN_POINT('',(36.0000005364418,-59.5999489227398,-7.37951125824761));
#3314=CARTESIAN_POINT('',(36.0000005364418,-59.5999489227398,-9.61548772847368));
#3315=CARTESIAN_POINT('',(36.0000005364418,-59.5999489227398,-13.3077438642368));
#3316=CARTESIAN_POINT('',(36.0000005364418,-60.633900446432,-9.99711636602621));
#3317=CARTESIAN_POINT('Ctrl Pts',(36.0000005364418,-59.5999489227398,-9.61548772847368));
#3318=CARTESIAN_POINT('Ctrl Pts',(36.0000005364418,-59.6891038328143,-9.68137281430358));
#3319=CARTESIAN_POINT('Ctrl Pts',(36.0000005364418,-59.7775900958056,-9.73865730982215));
#3320=CARTESIAN_POINT('Ctrl Pts',(36.0000005364418,-59.8653961498912,-9.78734265556782));
#3321=CARTESIAN_POINT('Ctrl Pts',(36.0000005364418,-59.9312506904555,-9.82385666487708));
#3322=CARTESIAN_POINT('Ctrl Pts',(36.0000005364418,-59.9967230081657,-9.85553230485217));
#3323=CARTESIAN_POINT('Ctrl Pts',(36.0000005364418,-60.061783741933,-9.88239712548895));
#3324=CARTESIAN_POINT('Ctrl Pts',(36.0000005364418,-60.1187146669741,-9.90590499269785));
#3325=CARTESIAN_POINT('Ctrl Pts',(36.0000005364418,-60.1753305376173,-9.92572888436435));
#3326=CARTESIAN_POINT('Ctrl Pts',(36.0000005364418,-60.2315875692631,-9.94191957040763));
#3327=CARTESIAN_POINT('Ctrl Pts',(36.0000005364418,-60.2848256128152,-9.95724139638198));
#3328=CARTESIAN_POINT('Ctrl Pts',(36.0000005364418,-60.3377425542147,-9.96930904087585));
#3329=CARTESIAN_POINT('Ctrl Pts',(36.0000005364418,-60.3902755412623,-9.978202130481));
#3330=CARTESIAN_POINT('Ctrl Pts',(36.0000005364418,-60.4400036002282,-9.98662038554565));
#3331=CARTESIAN_POINT('Ctrl Pts',(36.0000005364418,-60.4893876855443,-9.99219385798839));
#3332=CARTESIAN_POINT('Ctrl Pts',(36.0000005364418,-60.5383483408295,-9.99502838407386));
#3333=CARTESIAN_POINT('Ctrl Pts',(36.0000005364418,-60.5703906049432,-9.99688343754361));
#3334=CARTESIAN_POINT('Ctrl Pts',(36.0000005364418,-60.6022509884577,-9.99756616087821));
#3335=CARTESIAN_POINT('Ctrl Pts',(36.0000005364418,-60.633900446432,-9.99711636602621));
#3336=CARTESIAN_POINT('',(36.0000005364418,-60.8344868037757,-9.97905812324892));
#3337=CARTESIAN_POINT('Origin',(36.0000005364418,-60.6000000745059,-8.49749949336065));
#3338=CARTESIAN_POINT('',(36.0000005364418,-61.6628416030045,-9.55597381298248));
#3339=CARTESIAN_POINT('Ctrl Pts',(36.0000005364418,-60.8344868037757,-9.97905812324892));
#3340=CARTESIAN_POINT('Ctrl Pts',(36.0000005364418,-60.8815681682467,-9.97124660418758));
#3341=CARTESIAN_POINT('Ctrl Pts',(36.0000005364418,-60.9279508151293,-9.96102785104564));
#3342=CARTESIAN_POINT('Ctrl Pts',(36.0000005364418,-60.9734468456748,-9.94867326025159));
#3343=CARTESIAN_POINT('Ctrl Pts',(36.0000005364418,-61.0279043637486,-9.93388514921434));
#3344=CARTESIAN_POINT('Ctrl Pts',(36.0000005364418,-61.0810899681373,-9.91603784040071));
#3345=CARTESIAN_POINT('Ctrl Pts',(36.0000005364418,-61.1326404049283,-9.8956757794706));
#3346=CARTESIAN_POINT('Ctrl Pts',(36.0000005364418,-61.1855988365224,-9.87475757046971));
#3347=CARTESIAN_POINT('Ctrl Pts',(36.0000005364418,-61.2368280878524,-9.8511890455759));
#3348=CARTESIAN_POINT('Ctrl Pts',(36.0000005364418,-61.2859397576327,-9.82559399943118));
#3349=CARTESIAN_POINT('Ctrl Pts',(36.0000005364418,-61.3252731526779,-9.80509500060432));
#3350=CARTESIAN_POINT('Ctrl Pts',(36.0000005364418,-61.3632475240437,-9.78329768822824));
#3351=CARTESIAN_POINT('Ctrl Pts',(36.0000005364418,-61.3996893786881,-9.76051222280115));
#3352=CARTESIAN_POINT('Ctrl Pts',(36.0000005364418,-61.4334016920531,-9.73943341772552));
#3353=CARTESIAN_POINT('Ctrl Pts',(36.0000005364418,-61.4658020001908,-9.7175096363494));
#3354=CARTESIAN_POINT('Ctrl Pts',(36.0000005364418,-61.4967858601957,-9.69496256274228));
#3355=CARTESIAN_POINT('Ctrl Pts',(36.0000005364418,-61.5272757606025,-9.67277494542676));
#3356=CARTESIAN_POINT('Ctrl Pts',(36.0000005364418,-61.5563933714781,-9.64998449895422));
#3357=CARTESIAN_POINT('Ctrl Pts',(36.0000005364418,-61.584080273683,-9.62676823934682));
#3358=CARTESIAN_POINT('Ctrl Pts',(36.0000005364418,-61.6087668714052,-9.60606782088537));
#3359=CARTESIAN_POINT('Ctrl Pts',(36.0000005364418,-61.6323161046504,-9.58502893017932));
#3360=CARTESIAN_POINT('Ctrl Pts',(36.0000005364418,-61.6547225275625,-9.56374496155918));
#3361=CARTESIAN_POINT('Ctrl Pts',(36.0000005364418,-61.6574457092605,-9.56115819819962));
#3362=CARTESIAN_POINT('Ctrl Pts',(36.0000005364418,-61.6601520578282,-9.55856777156715));
#3363=CARTESIAN_POINT('Ctrl Pts',(36.0000005364418,-61.6628416030045,-9.55597381298248));
#3364=CARTESIAN_POINT('',(36.0000005364418,-61.9991011600254,-9.03834711746451));
#3365=CARTESIAN_POINT('Origin',(36.0000005364418,-60.6000000745059,-8.49749949336065));
#3366=CARTESIAN_POINT('',(36.0000005364418,-62.0908914961449,-8.6625533296761));
#3367=CARTESIAN_POINT('Ctrl Pts',(36.0000005364418,-61.9991011600254,-9.03834711746451));
#3368=CARTESIAN_POINT('Ctrl Pts',(36.0000005364418,-62.0089451831113,-9.01194800834332));
#3369=CARTESIAN_POINT('Ctrl Pts',(36.0000005364418,-62.0181037805628,-8.98531180981815));
#3370=CARTESIAN_POINT('Ctrl Pts',(36.0000005364418,-62.0265917403254,-8.95847835221749));
#3371=CARTESIAN_POINT('Ctrl Pts',(36.0000005364418,-62.0360118009218,-8.92869819259354));
#3372=CARTESIAN_POINT('Ctrl Pts',(36.0000005364418,-62.044605263053,-8.89867530126125));
#3373=CARTESIAN_POINT('Ctrl Pts',(36.0000005364418,-62.0523390709862,-8.8684996742878));
#3374=CARTESIAN_POINT('Ctrl Pts',(36.0000005364418,-62.0639170183982,-8.82332505587952));
#3375=CARTESIAN_POINT('Ctrl Pts',(36.0000005364418,-62.0735653790024,-8.77780848819954));
#3376=CARTESIAN_POINT('Ctrl Pts',(36.0000005364418,-62.0810718083352,-8.73233337878739));
#3377=CARTESIAN_POINT('Ctrl Pts',(36.0000005364418,-62.0849160985126,-8.70904407455513));
#3378=CARTESIAN_POINT('Ctrl Pts',(36.0000005364418,-62.0881976797136,-8.68576663009063));
#3379=CARTESIAN_POINT('Ctrl Pts',(36.0000005364418,-62.0908914961449,-8.6625533296761));
#3380=CARTESIAN_POINT('',(36.0000005364418,-62.1000000745066,-8.49749949345458));
#3381=CARTESIAN_POINT('Origin',(36.0000005364418,-60.6000000745059,-8.49749949336065));
#3382=CARTESIAN_POINT('',(36.0000005364418,-62.0205220142524,-8.01571383697493));
#3383=CARTESIAN_POINT('Ctrl Pts',(36.0000005364418,-62.1000000745066,-8.49749949345458));
#3384=CARTESIAN_POINT('Ctrl Pts',(36.0000005364418,-62.099811802394,-8.47010549237825));
#3385=CARTESIAN_POINT('Ctrl Pts',(36.0000005364418,-62.0987673555232,-8.4429488486134));
#3386=CARTESIAN_POINT('Ctrl Pts',(36.0000005364418,-62.0969470521096,-8.4160610149165));
#3387=CARTESIAN_POINT('Ctrl Pts',(36.0000005364418,-62.0948178156631,-8.38460990899248));
#3388=CARTESIAN_POINT('Ctrl Pts',(36.0000005364418,-62.0916297082758,-8.35352709868529));
#3389=CARTESIAN_POINT('Ctrl Pts',(36.0000005364418,-62.0875695794476,-8.32281393953194));
#3390=CARTESIAN_POINT('Ctrl Pts',(36.0000005364418,-62.0838298314356,-8.29452432588925));
#3391=CARTESIAN_POINT('Ctrl Pts',(36.0000005364418,-62.0793535762083,-8.26654744524135));
#3392=CARTESIAN_POINT('Ctrl Pts',(36.0000005364418,-62.0742828289742,-8.23885244662821));
#3393=CARTESIAN_POINT('Ctrl Pts',(36.0000005364418,-62.0697238850527,-8.21395277410327));
#3394=CARTESIAN_POINT('Ctrl Pts',(36.0000005364418,-62.0646857454904,-8.18928033933567));
#3395=CARTESIAN_POINT('Ctrl Pts',(36.0000005364418,-62.0592390926285,-8.16479547872828));
#3396=CARTESIAN_POINT('Ctrl Pts',(36.0000005364418,-62.0542056337333,-8.14216808855883));
#3397=CARTESIAN_POINT('Ctrl Pts',(36.0000005364418,-62.0488240099151,-8.11970056336685));
#3398=CARTESIAN_POINT('Ctrl Pts',(36.0000005364418,-62.0431075666039,-8.09735225556176));
#3399=CARTESIAN_POINT('Ctrl Pts',(36.0000005364418,-62.0378751076164,-8.07689607369031));
#3400=CARTESIAN_POINT('Ctrl Pts',(36.0000005364418,-62.032362528228,-8.05653960530693));
#3401=CARTESIAN_POINT('Ctrl Pts',(36.0000005364418,-62.0265354095658,-8.03624675148022));
#3402=CARTESIAN_POINT('Ctrl Pts',(36.0000005364418,-62.0245681283348,-8.02939572393641));
#3403=CARTESIAN_POINT('Ctrl Pts',(36.0000005364418,-62.022564564606,-8.02255191285427));
#3404=CARTESIAN_POINT('Ctrl Pts',(36.0000005364418,-62.0205220142524,-8.01571383697494));
#3405=CARTESIAN_POINT('',(36.0000005364418,-61.7435533881903,-7.52678541663085));
#3406=CARTESIAN_POINT('Origin',(36.0000005364418,-60.6000000745059,-8.49749949336065));
#3407=CARTESIAN_POINT('',(36.0000005364418,-60.9981784279813,-7.05131347530361));
#3408=CARTESIAN_POINT('Ctrl Pts',(36.0000005364418,-61.7435533881903,-7.52678541663085));
#3409=CARTESIAN_POINT('Ctrl Pts',(36.0000005364418,-61.7259193015176,-7.50835187611997));
#3410=CARTESIAN_POINT('Ctrl Pts',(36.0000005364418,-61.7073156558956,-7.489949081498));
#3411=CARTESIAN_POINT('Ctrl Pts',(36.0000005364418,-61.6878024124674,-7.47164494028785));
#3412=CARTESIAN_POINT('Ctrl Pts',(36.0000005364418,-61.6670390637512,-7.45216815426323));
#3413=CARTESIAN_POINT('Ctrl Pts',(36.0000005364418,-61.6452461999945,-7.43280330802856));
#3414=CARTESIAN_POINT('Ctrl Pts',(36.0000005364418,-61.6225522238644,-7.41365183748838));
#3415=CARTESIAN_POINT('Ctrl Pts',(36.0000005364418,-61.5965924853513,-7.39174438660743));
#3416=CARTESIAN_POINT('Ctrl Pts',(36.0000005364418,-61.5694537003983,-7.37011642829857));
#3417=CARTESIAN_POINT('Ctrl Pts',(36.0000005364418,-61.541396555309,-7.34894065256004));
#3418=CARTESIAN_POINT('Ctrl Pts',(36.0000005364418,-61.5085394220632,-7.32414214641093));
#3419=CARTESIAN_POINT('Ctrl Pts',(36.0000005364418,-61.4744238693804,-7.29996484023355));
#3420=CARTESIAN_POINT('Ctrl Pts',(36.0000005364418,-61.4395497193065,-7.2767025106334));
#3421=CARTESIAN_POINT('Ctrl Pts',(36.0000005364418,-61.4029894010823,-7.2523154453998));
#3422=CARTESIAN_POINT('Ctrl Pts',(36.0000005364418,-61.3655999947029,-7.22893644632767));
#3423=CARTESIAN_POINT('Ctrl Pts',(36.0000005364418,-61.3279922182476,-7.20689171160217));
#3424=CARTESIAN_POINT('Ctrl Pts',(36.0000005364418,-61.2973084315609,-7.18890564590944));
#3425=CARTESIAN_POINT('Ctrl Pts',(36.0000005364418,-61.2664809884581,-7.17180803269978));
#3426=CARTESIAN_POINT('Ctrl Pts',(36.0000005364418,-61.2358240782852,-7.15575288219931));
#3427=CARTESIAN_POINT('Ctrl Pts',(36.0000005364418,-61.2078844741272,-7.141120796084));
#3428=CARTESIAN_POINT('Ctrl Pts',(36.0000005364418,-61.1800872594496,-7.12735476820867));
#3429=CARTESIAN_POINT('Ctrl Pts',(36.0000005364418,-61.1526400004895,-7.11454727219305));
#3430=CARTESIAN_POINT('Ctrl Pts',(36.0000005364418,-61.12605292045,-7.10214115462162));
#3431=CARTESIAN_POINT('Ctrl Pts',(36.0000005364418,-61.0997952355941,-7.09063490170663));
#3432=CARTESIAN_POINT('Ctrl Pts',(36.0000005364418,-61.0740125334903,-7.08008352759644));
#3433=CARTESIAN_POINT('Ctrl Pts',(36.0000005364418,-61.0503488359558,-7.07039933993793));
#3434=CARTESIAN_POINT('Ctrl Pts',(36.0000005364418,-61.0270852078702,-7.06151940312837));
#3435=CARTESIAN_POINT('Ctrl Pts',(36.0000005364418,-61.0042907107657,-7.05345912402584));
#3436=CARTESIAN_POINT('Ctrl Pts',(36.0000005364418,-61.0022495401731,-7.05273735312661));
#3437=CARTESIAN_POINT('Ctrl Pts',(36.0000005364418,-61.0002121018547,-7.05202213673131));
#3438=CARTESIAN_POINT('Ctrl Pts',(36.0000005364418,-60.9981784279813,-7.05131347530362));
#3439=CARTESIAN_POINT('',(36.0000005364418,-60.4837711453936,-7.00200932754965));
#3440=CARTESIAN_POINT('Origin',(36.0000005364418,-60.6000000745059,-8.49749949336065));
#3441=CARTESIAN_POINT('',(36.0000005364418,-60.0023215757676,-7.12171593038794));
#3442=CARTESIAN_POINT('Ctrl Pts',(36.0000005364418,-60.4837711453936,-7.00200932754966));
#3443=CARTESIAN_POINT('Ctrl Pts',(36.0000005364418,-60.4631873631751,-7.00479631657533));
#3444=CARTESIAN_POINT('Ctrl Pts',(36.0000005364418,-60.4425155962963,-7.00795550243137));
#3445=CARTESIAN_POINT('Ctrl Pts',(36.0000005364418,-60.4217148620801,-7.01143381763651));
#3446=CARTESIAN_POINT('Ctrl Pts',(36.0000005364418,-60.3999405529237,-7.01507493481215));
#3447=CARTESIAN_POINT('Ctrl Pts',(36.0000005364418,-60.3780251642298,-7.01906587518331));
#3448=CARTESIAN_POINT('Ctrl Pts',(36.0000005364418,-60.3559723555547,-7.02337887355847));
#3449=CARTESIAN_POINT('Ctrl Pts',(36.0000005364418,-60.3323383503879,-7.02800111589434));
#3450=CARTESIAN_POINT('Ctrl Pts',(36.0000005364418,-60.3085469902593,-7.03299349444747));
#3451=CARTESIAN_POINT('Ctrl Pts',(36.0000005364418,-60.2846545345137,-7.03835651363568));
#3452=CARTESIAN_POINT('Ctrl Pts',(36.0000005364418,-60.2579828998725,-7.04434336111105));
#3453=CARTESIAN_POINT('Ctrl Pts',(36.0000005364418,-60.2311860085882,-7.05079241707595));
#3454=CARTESIAN_POINT('Ctrl Pts',(36.0000005364418,-60.2043949329502,-7.05774176045593));
#3455=CARTESIAN_POINT('Ctrl Pts',(36.0000005364418,-60.165676843189,-7.06778485482074));
#3456=CARTESIAN_POINT('Ctrl Pts',(36.0000005364418,-60.1269731566412,-7.0788729705292));
#3457=CARTESIAN_POINT('Ctrl Pts',(36.0000005364418,-60.0887733756789,-7.09120015842499));
#3458=CARTESIAN_POINT('Ctrl Pts',(36.0000005364418,-60.0595915077653,-7.10061723778666));
#3459=CARTESIAN_POINT('Ctrl Pts',(36.0000005364418,-60.0307078258967,-7.11076042105671));
#3460=CARTESIAN_POINT('Ctrl Pts',(36.0000005364418,-60.0023215757676,-7.12171593038794));
#3461=CARTESIAN_POINT('Origin',(36.0000005364418,-60.6000000745059,-8.49749949336065));
#3462=CARTESIAN_POINT('',(36.0000005364418,-52.2435533881893,0.723214583368197));
#3463=CARTESIAN_POINT('',(36.0000005364418,-51.4981784279808,1.19868652469418));
#3464=CARTESIAN_POINT('Ctrl Pts',(36.0000005364418,-52.2435533881903,0.723214583368889));
#3465=CARTESIAN_POINT('Ctrl Pts',(36.0000005364418,-52.1336522175999,0.838098201549647));
#3466=CARTESIAN_POINT('Ctrl Pts',(36.0000005364418,-52.0039651780783,0.933427485231464));
#3467=CARTESIAN_POINT('Ctrl Pts',(36.0000005364418,-51.8925141302287,1.00383203137014));
#3468=CARTESIAN_POINT('Ctrl Pts',(36.0000005364418,-51.7716289788708,1.08019617850446));
#3469=CARTESIAN_POINT('Ctrl Pts',(36.0000005364418,-51.6333674908149,1.15157804996616));
#3470=CARTESIAN_POINT('Ctrl Pts',(36.0000005364418,-51.4981784279813,1.19868652469612));
#3471=CARTESIAN_POINT('',(36.0000005364418,-50.9837711453937,1.24799067244795));
#3472=CARTESIAN_POINT('Origin',(36.0000005364419,-51.1000000745061,-0.247499493363037));
#3473=CARTESIAN_POINT('',(36.0000005364418,-50.5023215757684,1.12828406960995));
#3474=CARTESIAN_POINT('Ctrl Pts',(36.0000005364418,-50.9837711453936,1.24799067245009));
#3475=CARTESIAN_POINT('Ctrl Pts',(36.0000005364418,-50.9056729047322,1.23741637967251));
#3476=CARTESIAN_POINT('Ctrl Pts',(36.0000005364418,-50.82050637768,1.22066102532096));
#3477=CARTESIAN_POINT('Ctrl Pts',(36.0000005364418,-50.7438057603089,1.20212671081213));
#3478=CARTESIAN_POINT('Ctrl Pts',(36.0000005364418,-50.6635272138536,1.18272780791779));
#3479=CARTESIAN_POINT('Ctrl Pts',(36.0000005364418,-50.5806265847945,1.15850543570185));
#3480=CARTESIAN_POINT('Ctrl Pts',(36.0000005364418,-50.5023215757676,1.12828406961181));
#3481=CARTESIAN_POINT('',(36.0000005364418,-50.0999489227388,-1.36548772847504));
#3482=CARTESIAN_POINT('Origin',(36.0000005364419,-51.1000000745061,-0.247499493363037));
#3483=CARTESIAN_POINT('',(36.0000005364418,-51.133900446432,-1.74711636602861));
#3484=CARTESIAN_POINT('Ctrl Pts',(36.0000005364418,-50.0999489227398,-1.36548772847394));
#3485=CARTESIAN_POINT('Ctrl Pts',(36.0000005364418,-50.2612894871651,-1.48471769490111));
#3486=CARTESIAN_POINT('Ctrl Pts',(36.0000005364418,-50.4378730648245,-1.58867430747464));
#3487=CARTESIAN_POINT('Ctrl Pts',(36.0000005364418,-50.6267045306696,-1.65766151761252));
#3488=CARTESIAN_POINT('Ctrl Pts',(36.0000005364418,-50.7906064487448,-1.71754102982017));
#3489=CARTESIAN_POINT('Ctrl Pts',(36.0000005364418,-50.9594728086189,-1.74959529168763));
#3490=CARTESIAN_POINT('Ctrl Pts',(36.0000005364418,-51.133900446432,-1.74711636602647));
#3491=CARTESIAN_POINT('',(36.0000005364418,-51.334486803776,-1.72905812325127));
#3492=CARTESIAN_POINT('Origin',(36.0000005364419,-51.1000000745061,-0.247499493363037));
#3493=CARTESIAN_POINT('',(36.0000005364418,-52.1628416030056,-1.3059738129839));
#3494=CARTESIAN_POINT('Ctrl Pts',(36.0000005364418,-51.3344868037757,-1.72905812324918));
#3495=CARTESIAN_POINT('Ctrl Pts',(36.0000005364418,-51.5144610192042,-1.69919764596343));
#3496=CARTESIAN_POINT('Ctrl Pts',(36.0000005364418,-51.6726327948765,-1.63629490456096));
#3497=CARTESIAN_POINT('Ctrl Pts',(36.0000005364418,-51.8015846522817,-1.56733421110501));
#3498=CARTESIAN_POINT('Ctrl Pts',(36.0000005364418,-51.9320868418966,-1.49754443316419));
#3499=CARTESIAN_POINT('Ctrl Pts',(36.0000005364418,-52.0562973992744,-1.40873142953204));
#3500=CARTESIAN_POINT('Ctrl Pts',(36.0000005364418,-52.1628416030045,-1.30597381298274));
#3501=CARTESIAN_POINT('',(36.0000005364418,-52.4991011600262,-0.788347117464929));
#3502=CARTESIAN_POINT('Origin',(36.0000005364419,-51.1000000745061,-0.247499493363037));
#3503=CARTESIAN_POINT('',(36.0000005364418,-52.5908914961456,-0.412553329676442));
#3504=CARTESIAN_POINT('Ctrl Pts',(36.0000005364418,-52.4991011600254,-0.788347117464766));
#3505=CARTESIAN_POINT('Ctrl Pts',(36.0000005364418,-52.5217009080766,-0.72774047222344));
#3506=CARTESIAN_POINT('Ctrl Pts',(36.000000536442,-52.5410319182602,-0.664930530379685));
#3507=CARTESIAN_POINT('Ctrl Pts',(36.000000536442,-52.5564611496896,-0.602068548788956));
#3508=CARTESIAN_POINT('Ctrl Pts',(36.000000536442,-52.5717286153924,-0.539865635290541));
#3509=CARTESIAN_POINT('Ctrl Pts',(36.0000005364418,-52.5834905954723,-0.476328770592112));
#3510=CARTESIAN_POINT('Ctrl Pts',(36.0000005364418,-52.5908914961448,-0.412553329676351));
#3511=CARTESIAN_POINT('',(36.0000005364418,-52.6000000745061,-0.247499493363037));
#3512=CARTESIAN_POINT('Origin',(36.0000005364419,-51.1000000745061,-0.247499493363037));
#3513=CARTESIAN_POINT('',(36.0000005364418,-52.5205220142519,0.234286163024624));
#3514=CARTESIAN_POINT('Ctrl Pts',(36.0000005364418,-52.6000000745066,-0.247499493454839));
#3515=CARTESIAN_POINT('Ctrl Pts',(36.0000005364418,-52.5994233006383,-0.163577643562042));
#3516=CARTESIAN_POINT('Ctrl Pts',(36.0000005364418,-52.5907612154312,-0.0818666222007275));
#3517=CARTESIAN_POINT('Ctrl Pts',(36.0000005364418,-52.5762785936586,5.6746942850788E-5));
#3518=CARTESIAN_POINT('Ctrl Pts',(36.0000005364418,-52.5625395632549,0.0777738673037659));
#3519=CARTESIAN_POINT('Ctrl Pts',(36.0000005364418,-52.5425331049316,0.160597155559852));
#3520=CARTESIAN_POINT('Ctrl Pts',(36.0000005364418,-52.5205220142524,0.234286163024802));
#3521=CARTESIAN_POINT('Origin',(36.0000005364419,-51.1000000745061,-0.247499493363037));
#3522=CARTESIAN_POINT('Origin',(36.0000005364418,-68.0000003427267,-17.));
#3523=CARTESIAN_POINT('Ctrl Pts',(18.6035328366247,-52.1628416030045,-1.30597381298259));
#3524=CARTESIAN_POINT('Ctrl Pts',(104.603532836625,-52.1628416030045,-1.30597381298331));
#3525=CARTESIAN_POINT('Ctrl Pts',(18.6035328366247,-52.0562973992744,-1.4087314295319));
#3526=CARTESIAN_POINT('Ctrl Pts',(104.603532836625,-52.0562973992744,-1.40873142953262));
#3527=CARTESIAN_POINT('Ctrl Pts',(18.6035328366247,-51.9320868418966,-1.49754443316405));
#3528=CARTESIAN_POINT('Ctrl Pts',(104.603532836625,-51.9320868418966,-1.49754443316477));
#3529=CARTESIAN_POINT('Ctrl Pts',(18.6035328366247,-51.6726327948765,-1.63629490456081));
#3530=CARTESIAN_POINT('Ctrl Pts',(104.603532836625,-51.6726327948765,-1.63629490456153));
#3531=CARTESIAN_POINT('Ctrl Pts',(18.6035328366247,-51.5144610192042,-1.69919764596328));
#3532=CARTESIAN_POINT('Ctrl Pts',(104.603532836625,-51.5144610192042,-1.699197645964));
#3533=CARTESIAN_POINT('Ctrl Pts',(18.6035328366247,-51.3344868037757,-1.72905812324903));
#3534=CARTESIAN_POINT('Ctrl Pts',(104.603532836625,-51.3344868037757,-1.72905812324975));
#3535=CARTESIAN_POINT('',(18.6035328366238,-51.334486803776,-1.72905812325112));
#3536=CARTESIAN_POINT('',(18.6035328366238,-52.1628416030056,-1.30597381298376));
#3537=CARTESIAN_POINT('Ctrl Pts',(18.6035328366247,-52.1628416030045,-1.30597381298259));
#3538=CARTESIAN_POINT('Ctrl Pts',(104.603532836625,-52.1628416030045,-1.30597381298331));
#3539=CARTESIAN_POINT('Ctrl Pts',(18.6035328366247,-52.0562973992744,-1.4087314295319));
#3540=CARTESIAN_POINT('Ctrl Pts',(104.603532836625,-52.0562973992744,-1.40873142953262));
#3541=CARTESIAN_POINT('Ctrl Pts',(18.6035328366247,-51.9320868418966,-1.49754443316405));
#3542=CARTESIAN_POINT('Ctrl Pts',(104.603532836625,-51.9320868418966,-1.49754443316477));
#3543=CARTESIAN_POINT('Ctrl Pts',(18.6035328366247,-51.6726327948765,-1.63629490456081));
#3544=CARTESIAN_POINT('Ctrl Pts',(104.603532836625,-51.6726327948765,-1.63629490456153));
#3545=CARTESIAN_POINT('Ctrl Pts',(18.6035328366247,-51.5144610192042,-1.69919764596328));
#3546=CARTESIAN_POINT('Ctrl Pts',(104.603532836625,-51.5144610192042,-1.699197645964));
#3547=CARTESIAN_POINT('Ctrl Pts',(18.6035328366247,-51.3344868037757,-1.72905812324903));
#3548=CARTESIAN_POINT('Ctrl Pts',(104.603532836625,-51.3344868037757,-1.72905812324975));
#3549=CARTESIAN_POINT('',(18.6035328366238,-51.334486803776,-1.72905812325112));
#3550=CARTESIAN_POINT('',(18.6035328366238,-52.1628416030056,-1.30597381298376));
#3551=CARTESIAN_POINT('Origin',(18.6035328366238,-51.1000000745061,-0.24749949336289));
#3552=CARTESIAN_POINT('',(18.6035328366238,-52.4991011600262,-0.788347117464783));
#3553=CARTESIAN_POINT('Origin',(18.6035328366238,-51.1000000745061,-0.24749949336289));
#3554=CARTESIAN_POINT('',(18.6035328366238,-52.4991011600262,-0.788347117464783));
#3555=CARTESIAN_POINT('Origin',(18.6035328366238,-51.1000000745061,-0.24749949336289));
#3556=CARTESIAN_POINT('',(18.6035328366238,-51.133900446432,-1.74711636602847));
#3557=CARTESIAN_POINT('Ctrl Pts',(18.6035328366247,-52.5908914961448,-0.412553329676205));
#3558=CARTESIAN_POINT('Ctrl Pts',(104.603532836625,-52.5908914961448,-0.412553329676927));
#3559=CARTESIAN_POINT('Ctrl Pts',(18.6035328366247,-52.5834905954723,-0.476328770591966));
#3560=CARTESIAN_POINT('Ctrl Pts',(104.603532836625,-52.5834905954723,-0.476328770592687));
#3561=CARTESIAN_POINT('Ctrl Pts',(18.6035328366249,-52.5717286153924,-0.539865635290395));
#3562=CARTESIAN_POINT('Ctrl Pts',(104.603532836625,-52.5717286153924,-0.539865635291117));
#3563=CARTESIAN_POINT('Ctrl Pts',(18.6035328366249,-52.5410319182602,-0.664930530379539));
#3564=CARTESIAN_POINT('Ctrl Pts',(104.603532836625,-52.5410319182602,-0.664930530380261));
#3565=CARTESIAN_POINT('Ctrl Pts',(18.6035328366247,-52.5217009080766,-0.727740472223294));
#3566=CARTESIAN_POINT('Ctrl Pts',(104.603532836625,-52.5217009080766,-0.727740472224015));
#3567=CARTESIAN_POINT('Ctrl Pts',(18.6035328366247,-52.4991011600254,-0.78834711746462));
#3568=CARTESIAN_POINT('Ctrl Pts',(104.603532836625,-52.4991011600254,-0.788347117465342));
#3569=CARTESIAN_POINT('',(18.6035328366238,-52.5908914961456,-0.412553329676295));
#3570=CARTESIAN_POINT('Ctrl Pts',(18.6035328366247,-52.5908914961448,-0.412553329676205));
#3571=CARTESIAN_POINT('Ctrl Pts',(104.603532836625,-52.5908914961448,-0.412553329676927));
#3572=CARTESIAN_POINT('Ctrl Pts',(18.6035328366247,-52.5834905954723,-0.476328770591966));
#3573=CARTESIAN_POINT('Ctrl Pts',(104.603532836625,-52.5834905954723,-0.476328770592687));
#3574=CARTESIAN_POINT('Ctrl Pts',(18.6035328366249,-52.5717286153924,-0.539865635290395));
#3575=CARTESIAN_POINT('Ctrl Pts',(104.603532836625,-52.5717286153924,-0.539865635291117));
#3576=CARTESIAN_POINT('Ctrl Pts',(18.6035328366249,-52.5410319182602,-0.664930530379539));
#3577=CARTESIAN_POINT('Ctrl Pts',(104.603532836625,-52.5410319182602,-0.664930530380261));
#3578=CARTESIAN_POINT('Ctrl Pts',(18.6035328366247,-52.5217009080766,-0.727740472223294));
#3579=CARTESIAN_POINT('Ctrl Pts',(104.603532836625,-52.5217009080766,-0.727740472224015));
#3580=CARTESIAN_POINT('Ctrl Pts',(18.6035328366247,-52.4991011600254,-0.78834711746462));
#3581=CARTESIAN_POINT('Ctrl Pts',(104.603532836625,-52.4991011600254,-0.788347117465342));
#3582=CARTESIAN_POINT('',(18.6035328366238,-52.5908914961456,-0.412553329676295));
#3583=CARTESIAN_POINT('Ctrl Pts',(18.6035328366247,-51.133900446432,-1.74711636602632));
#3584=CARTESIAN_POINT('Ctrl Pts',(104.603532836625,-51.133900446432,-1.74711636602705));
#3585=CARTESIAN_POINT('Ctrl Pts',(18.6035328366247,-50.9594728086189,-1.74959529168749));
#3586=CARTESIAN_POINT('Ctrl Pts',(104.603532836625,-50.9594728086189,-1.74959529168821));
#3587=CARTESIAN_POINT('Ctrl Pts',(18.6035328366247,-50.7906064487448,-1.71754102982002));
#3588=CARTESIAN_POINT('Ctrl Pts',(104.603532836625,-50.7906064487448,-1.71754102982075));
#3589=CARTESIAN_POINT('Ctrl Pts',(18.6035328366247,-50.4378730648245,-1.58867430747449));
#3590=CARTESIAN_POINT('Ctrl Pts',(104.603532836625,-50.4378730648245,-1.58867430747521));
#3591=CARTESIAN_POINT('Ctrl Pts',(18.6035328366247,-50.2612894871651,-1.48471769490097));
#3592=CARTESIAN_POINT('Ctrl Pts',(104.603532836625,-50.2612894871651,-1.48471769490169));
#3593=CARTESIAN_POINT('Ctrl Pts',(18.6035328366247,-50.0999489227398,-1.3654877284738));
#3594=CARTESIAN_POINT('Ctrl Pts',(104.603532836625,-50.0999489227398,-1.36548772847452));
#3595=CARTESIAN_POINT('',(18.6035328366238,-50.0999489227388,-1.36548772847489));
#3596=CARTESIAN_POINT('Origin',(18.6035328366238,-51.1000000745061,-0.24749949336289));
#3597=CARTESIAN_POINT('',(18.6035328366238,-52.6000000745061,-0.24749949336289));
#3598=CARTESIAN_POINT('Origin',(18.6035328366238,-51.1000000745061,-0.24749949336289));
#3599=CARTESIAN_POINT('',(18.6035328366238,-52.6000000745061,-0.24749949336289));
#3600=CARTESIAN_POINT('Origin',(18.6035328366238,-51.1000000745061,-0.24749949336289));
#3601=CARTESIAN_POINT('',(18.6035328366238,-50.5023215757684,1.12828406961009));
#3602=CARTESIAN_POINT('Ctrl Pts',(18.6035328366247,-52.5205220142524,0.234286163024948));
#3603=CARTESIAN_POINT('Ctrl Pts',(104.603532836625,-52.5205220142524,0.234286163024227));
#3604=CARTESIAN_POINT('Ctrl Pts',(18.6035328366247,-52.5425331049316,0.160597155559998));
#3605=CARTESIAN_POINT('Ctrl Pts',(104.603532836625,-52.5425331049315,0.160597155559277));
#3606=CARTESIAN_POINT('Ctrl Pts',(18.6035328366247,-52.5625395632549,0.0777738673039119));
#3607=CARTESIAN_POINT('Ctrl Pts',(104.603532836625,-52.5625395632549,0.0777738673031902));
#3608=CARTESIAN_POINT('Ctrl Pts',(18.6035328366247,-52.5907612154312,-0.0818666222005815));
#3609=CARTESIAN_POINT('Ctrl Pts',(104.603532836625,-52.5907612154312,-0.0818666222013031));
#3610=CARTESIAN_POINT('Ctrl Pts',(18.6035328366247,-52.5994233006383,-0.163577643561896));
#3611=CARTESIAN_POINT('Ctrl Pts',(104.603532836625,-52.5994233006382,-0.163577643562618));
#3612=CARTESIAN_POINT('Ctrl Pts',(18.6035328366247,-52.6000000745066,-0.247499493454693));
#3613=CARTESIAN_POINT('Ctrl Pts',(104.603532836625,-52.6000000745066,-0.247499493455414));
#3614=CARTESIAN_POINT('',(18.6035328366238,-52.5205220142519,0.234286163024771));
#3615=CARTESIAN_POINT('Ctrl Pts',(18.6035328366247,-52.5205220142524,0.234286163024948));
#3616=CARTESIAN_POINT('Ctrl Pts',(104.603532836625,-52.5205220142524,0.234286163024227));
#3617=CARTESIAN_POINT('Ctrl Pts',(18.6035328366247,-52.5425331049316,0.160597155559998));
#3618=CARTESIAN_POINT('Ctrl Pts',(104.603532836625,-52.5425331049315,0.160597155559277));
#3619=CARTESIAN_POINT('Ctrl Pts',(18.6035328366247,-52.5625395632549,0.0777738673039119));
#3620=CARTESIAN_POINT('Ctrl Pts',(104.603532836625,-52.5625395632549,0.0777738673031902));
#3621=CARTESIAN_POINT('Ctrl Pts',(18.6035328366247,-52.5907612154312,-0.0818666222005815));
#3622=CARTESIAN_POINT('Ctrl Pts',(104.603532836625,-52.5907612154312,-0.0818666222013031));
#3623=CARTESIAN_POINT('Ctrl Pts',(18.6035328366247,-52.5994233006383,-0.163577643561896));
#3624=CARTESIAN_POINT('Ctrl Pts',(104.603532836625,-52.5994233006382,-0.163577643562618));
#3625=CARTESIAN_POINT('Ctrl Pts',(18.6035328366247,-52.6000000745066,-0.247499493454693));
#3626=CARTESIAN_POINT('Ctrl Pts',(104.603532836625,-52.6000000745066,-0.247499493455414));
#3627=CARTESIAN_POINT('',(18.6035328366238,-52.5205220142519,0.234286163024771));
#3628=CARTESIAN_POINT('Ctrl Pts',(18.6035328366247,-50.5023215757676,1.12828406961196));
#3629=CARTESIAN_POINT('Ctrl Pts',(104.603532836625,-50.5023215757676,1.12828406961123));
#3630=CARTESIAN_POINT('Ctrl Pts',(18.6035328366247,-50.5806265847945,1.158505435702));
#3631=CARTESIAN_POINT('Ctrl Pts',(104.603532836625,-50.5806265847945,1.15850543570128));
#3632=CARTESIAN_POINT('Ctrl Pts',(18.6035328366247,-50.6635272138536,1.18272780791794));
#3633=CARTESIAN_POINT('Ctrl Pts',(104.603532836625,-50.6635272138536,1.18272780791722));
#3634=CARTESIAN_POINT('Ctrl Pts',(18.6035328366247,-50.82050637768,1.22066102532111));
#3635=CARTESIAN_POINT('Ctrl Pts',(104.603532836625,-50.82050637768,1.22066102532039));
#3636=CARTESIAN_POINT('Ctrl Pts',(18.6035328366247,-50.9056729047322,1.23741637967265));
#3637=CARTESIAN_POINT('Ctrl Pts',(104.603532836625,-50.9056729047322,1.23741637967193));
#3638=CARTESIAN_POINT('Ctrl Pts',(18.6035328366247,-50.9837711453936,1.24799067245023));
#3639=CARTESIAN_POINT('Ctrl Pts',(104.603532836625,-50.9837711453936,1.24799067244951));
#3640=CARTESIAN_POINT('',(18.6035328366238,-50.9837711453937,1.2479906724481));
#3641=CARTESIAN_POINT('Origin',(18.6035328366238,-51.1000000745061,-0.24749949336289));
#3642=CARTESIAN_POINT('',(18.6035328366238,-52.2435533881893,0.723214583368343));
#3643=CARTESIAN_POINT('Origin',(18.6035328366238,-51.1000000745061,-0.24749949336289));
#3644=CARTESIAN_POINT('',(18.6035328366238,-52.2435533881893,0.723214583368343));
#3645=CARTESIAN_POINT('Origin',(18.6035328366238,-51.1000000745061,-0.24749949336289));
#3646=CARTESIAN_POINT('',(18.6035328366238,-51.4981784279808,1.19868652469433));
#3647=CARTESIAN_POINT('Ctrl Pts',(18.6035328366247,-51.4981784279813,1.19868652469627));
#3648=CARTESIAN_POINT('Ctrl Pts',(104.603532836625,-51.4981784279813,1.19868652469555));
#3649=CARTESIAN_POINT('Ctrl Pts',(18.6035328366247,-51.6333674908149,1.15157804996631));
#3650=CARTESIAN_POINT('Ctrl Pts',(104.603532836625,-51.6333674908149,1.15157804996559));
#3651=CARTESIAN_POINT('Ctrl Pts',(18.6035328366247,-51.7716289788708,1.08019617850461));
#3652=CARTESIAN_POINT('Ctrl Pts',(104.603532836625,-51.7716289788708,1.08019617850388));
#3653=CARTESIAN_POINT('Ctrl Pts',(18.6035328366247,-52.0039651780783,0.93342748523161));
#3654=CARTESIAN_POINT('Ctrl Pts',(104.603532836625,-52.0039651780783,0.933427485230889));
#3655=CARTESIAN_POINT('Ctrl Pts',(18.6035328366247,-52.1336522175999,0.838098201549793));
#3656=CARTESIAN_POINT('Ctrl Pts',(104.603532836625,-52.1336522175999,0.838098201549071));
#3657=CARTESIAN_POINT('Ctrl Pts',(18.6035328366247,-52.2435533881903,0.723214583369035));
#3658=CARTESIAN_POINT('Ctrl Pts',(104.603532836625,-52.2435533881903,0.723214583368314));
#3659=CARTESIAN_POINT('Ctrl Pts',(18.6035328366247,-51.4981784279813,1.19868652469627));
#3660=CARTESIAN_POINT('Ctrl Pts',(104.603532836625,-51.4981784279813,1.19868652469555));
#3661=CARTESIAN_POINT('Ctrl Pts',(18.6035328366247,-51.6333674908149,1.15157804996631));
#3662=CARTESIAN_POINT('Ctrl Pts',(104.603532836625,-51.6333674908149,1.15157804996559));
#3663=CARTESIAN_POINT('Ctrl Pts',(18.6035328366247,-51.7716289788708,1.08019617850461));
#3664=CARTESIAN_POINT('Ctrl Pts',(104.603532836625,-51.7716289788708,1.08019617850388));
#3665=CARTESIAN_POINT('Ctrl Pts',(18.6035328366247,-52.0039651780783,0.93342748523161));
#3666=CARTESIAN_POINT('Ctrl Pts',(104.603532836625,-52.0039651780783,0.933427485230889));
#3667=CARTESIAN_POINT('Ctrl Pts',(18.6035328366247,-52.1336522175999,0.838098201549793));
#3668=CARTESIAN_POINT('Ctrl Pts',(104.603532836625,-52.1336522175999,0.838098201549071));
#3669=CARTESIAN_POINT('Ctrl Pts',(18.6035328366247,-52.2435533881903,0.723214583369035));
#3670=CARTESIAN_POINT('Ctrl Pts',(104.603532836625,-52.2435533881903,0.723214583368314));
#3671=CARTESIAN_POINT('',(18.6035328366238,-51.4981784279808,1.19868652469433));
#3672=CARTESIAN_POINT('Origin',(18.6035328366238,-51.1000000745061,-0.24749949336289));
#3673=CARTESIAN_POINT('',(18.6035328366238,-50.9837711453937,1.2479906724481));
#3674=CARTESIAN_POINT('Ctrl Pts',(18.6035328366247,-50.5023215757676,1.12828406961196));
#3675=CARTESIAN_POINT('Ctrl Pts',(104.603532836625,-50.5023215757676,1.12828406961123));
#3676=CARTESIAN_POINT('Ctrl Pts',(18.6035328366247,-50.5806265847945,1.158505435702));
#3677=CARTESIAN_POINT('Ctrl Pts',(104.603532836625,-50.5806265847945,1.15850543570128));
#3678=CARTESIAN_POINT('Ctrl Pts',(18.6035328366247,-50.6635272138536,1.18272780791794));
#3679=CARTESIAN_POINT('Ctrl Pts',(104.603532836625,-50.6635272138536,1.18272780791722));
#3680=CARTESIAN_POINT('Ctrl Pts',(18.6035328366247,-50.82050637768,1.22066102532111));
#3681=CARTESIAN_POINT('Ctrl Pts',(104.603532836625,-50.82050637768,1.22066102532039));
#3682=CARTESIAN_POINT('Ctrl Pts',(18.6035328366247,-50.9056729047322,1.23741637967265));
#3683=CARTESIAN_POINT('Ctrl Pts',(104.603532836625,-50.9056729047322,1.23741637967193));
#3684=CARTESIAN_POINT('Ctrl Pts',(18.6035328366247,-50.9837711453936,1.24799067245023));
#3685=CARTESIAN_POINT('Ctrl Pts',(104.603532836625,-50.9837711453936,1.24799067244951));
#3686=CARTESIAN_POINT('',(18.6035328366238,-50.5023215757684,1.12828406961009));
#3687=CARTESIAN_POINT('Origin',(18.6035328366238,-51.1000000745061,-0.24749949336289));
#3688=CARTESIAN_POINT('',(18.6035328366238,-50.0999489227388,-1.36548772847489));
#3689=CARTESIAN_POINT('Ctrl Pts',(18.6035328366247,-51.133900446432,-1.74711636602632));
#3690=CARTESIAN_POINT('Ctrl Pts',(104.603532836625,-51.133900446432,-1.74711636602705));
#3691=CARTESIAN_POINT('Ctrl Pts',(18.6035328366247,-50.9594728086189,-1.74959529168749));
#3692=CARTESIAN_POINT('Ctrl Pts',(104.603532836625,-50.9594728086189,-1.74959529168821));
#3693=CARTESIAN_POINT('Ctrl Pts',(18.6035328366247,-50.7906064487448,-1.71754102982002));
#3694=CARTESIAN_POINT('Ctrl Pts',(104.603532836625,-50.7906064487448,-1.71754102982075));
#3695=CARTESIAN_POINT('Ctrl Pts',(18.6035328366247,-50.4378730648245,-1.58867430747449));
#3696=CARTESIAN_POINT('Ctrl Pts',(104.603532836625,-50.4378730648245,-1.58867430747521));
#3697=CARTESIAN_POINT('Ctrl Pts',(18.6035328366247,-50.2612894871651,-1.48471769490097));
#3698=CARTESIAN_POINT('Ctrl Pts',(104.603532836625,-50.2612894871651,-1.48471769490169));
#3699=CARTESIAN_POINT('Ctrl Pts',(18.6035328366247,-50.0999489227398,-1.3654877284738));
#3700=CARTESIAN_POINT('Ctrl Pts',(104.603532836625,-50.0999489227398,-1.36548772847452));
#3701=CARTESIAN_POINT('',(18.6035328366238,-51.133900446432,-1.74711636602847));
#3702=CARTESIAN_POINT('Origin',(18.6035328366238,-51.1000000745061,-0.24749949336289));
#3703=CARTESIAN_POINT('Origin',(60.0000008940697,-65.0000002980233,-17.));
#3704=CARTESIAN_POINT('',(61.4750008940697,-65.0000002980233,-17.));
#3705=CARTESIAN_POINT('Origin',(60.0000008940697,-45.,-17.));
#3706=CARTESIAN_POINT('',(61.4750008940697,-45.,-17.));
#3707=CARTESIAN_POINT('Ctrl Pts',(31.0999999254942,-62.0205220142524,-8.01571383697492));
#3708=CARTESIAN_POINT('Ctrl Pts',(42.5999999254942,-62.0205220142524,-8.01571383697497));
#3709=CARTESIAN_POINT('Ctrl Pts',(31.0999999254942,-62.0218759626109,-8.02024660239552));
#3710=CARTESIAN_POINT('Ctrl Pts',(42.5999999254942,-62.021875962611,-8.02024660239557));
#3711=CARTESIAN_POINT('Ctrl Pts',(31.0999999254942,-62.0292993326154,-8.04537550950508));
#3712=CARTESIAN_POINT('Ctrl Pts',(42.5999999254942,-62.0292993326155,-8.04537550950512));
#3713=CARTESIAN_POINT('Ctrl Pts',(31.0999999254942,-62.0420306392881,-8.09122700911763));
#3714=CARTESIAN_POINT('Ctrl Pts',(42.5999999254942,-62.0420306392881,-8.09122700911768));
#3715=CARTESIAN_POINT('Ctrl Pts',(31.0999999254942,-62.0587438377131,-8.15823303462968));
#3716=CARTESIAN_POINT('Ctrl Pts',(42.5999999254942,-62.0587438377131,-8.15823303462973));
#3717=CARTESIAN_POINT('Ctrl Pts',(31.0999999254942,-62.0774737864528,-8.2475146465675));
#3718=CARTESIAN_POINT('Ctrl Pts',(42.5999999254942,-62.0774737864528,-8.24751464656755));
#3719=CARTESIAN_POINT('Ctrl Pts',(31.0999999254942,-62.0912709086612,-8.33993785414147));
#3720=CARTESIAN_POINT('Ctrl Pts',(42.5999999254942,-62.0912709086612,-8.33993785414152));
#3721=CARTESIAN_POINT('Ctrl Pts',(31.0999999254942,-62.0975989575972,-8.41232755149362));
#3722=CARTESIAN_POINT('Ctrl Pts',(42.5999999254942,-62.0975989575972,-8.41232755149367));
#3723=CARTESIAN_POINT('Ctrl Pts',(31.0999999254942,-62.0996089884137,-8.46323235272138));
#3724=CARTESIAN_POINT('Ctrl Pts',(42.5999999254942,-62.0996089884138,-8.46323235272143));
#3725=CARTESIAN_POINT('Ctrl Pts',(31.0999999254942,-62.0999605638106,-8.49175060142017));
#3726=CARTESIAN_POINT('Ctrl Pts',(42.5999999254942,-62.0999605638106,-8.49175060142022));
#3727=CARTESIAN_POINT('Ctrl Pts',(31.0999999254942,-62.1000000745066,-8.49749949345456));
#3728=CARTESIAN_POINT('Ctrl Pts',(42.5999999254942,-62.1000000745066,-8.49749949345461));
#3729=CARTESIAN_POINT('',(31.0999999254942,-62.1000000745066,-8.49749949345456));
#3730=CARTESIAN_POINT('',(31.0999999254942,-62.0205220142524,-8.01571383697491));
#3731=CARTESIAN_POINT('Origin',(31.0999999254942,-60.6000000745059,-8.49749949336062));
#3732=CARTESIAN_POINT('',(31.0999999254942,-61.7435533881903,-7.52678541663083));
#3733=CARTESIAN_POINT('Ctrl Pts',(31.0999999254942,-60.9981784279813,-7.0513134753036));
#3734=CARTESIAN_POINT('Ctrl Pts',(42.5999999254942,-60.9981784279813,-7.05131347530365));
#3735=CARTESIAN_POINT('Ctrl Pts',(31.0999999254942,-61.0114495359201,-7.05593797406017));
#3736=CARTESIAN_POINT('Ctrl Pts',(42.5999999254942,-61.0114495359202,-7.05593797406022));
#3737=CARTESIAN_POINT('Ctrl Pts',(31.0999999254942,-61.0515134649637,-7.07045490405074));
#3738=CARTESIAN_POINT('Ctrl Pts',(42.5999999254942,-61.0515134649637,-7.07045490405079));
#3739=CARTESIAN_POINT('Ctrl Pts',(31.0999999254942,-61.1201650910224,-7.09809299771786));
#3740=CARTESIAN_POINT('Ctrl Pts',(42.5999999254942,-61.1201650910224,-7.09809299771791));
#3741=CARTESIAN_POINT('Ctrl Pts',(31.0999999254942,-61.2201236306951,-7.14472159481901));
#3742=CARTESIAN_POINT('Ctrl Pts',(42.5999999254942,-61.2201236306951,-7.14472159481906));
#3743=CARTESIAN_POINT('Ctrl Pts',(31.0999999254942,-61.3518888068306,-7.21745662208511));
#3744=CARTESIAN_POINT('Ctrl Pts',(42.5999999254942,-61.3518888068306,-7.21745662208516));
#3745=CARTESIAN_POINT('Ctrl Pts',(31.0999999254942,-61.4948977128295,-7.31080647175092));
#3746=CARTESIAN_POINT('Ctrl Pts',(42.5999999254942,-61.4948977128296,-7.31080647175097));
#3747=CARTESIAN_POINT('Ctrl Pts',(31.0999999254942,-61.6024926712404,-7.39373516844885));
#3748=CARTESIAN_POINT('Ctrl Pts',(42.5999999254942,-61.6024926712405,-7.3937351684489));
#3749=CARTESIAN_POINT('Ctrl Pts',(31.0999999254942,-61.6752547981677,-7.45825838794311));
#3750=CARTESIAN_POINT('Ctrl Pts',(42.5999999254942,-61.6752547981677,-7.45825838794316));
#3751=CARTESIAN_POINT('Ctrl Pts',(31.0999999254942,-61.7199409132082,-7.50220243996442));
#3752=CARTESIAN_POINT('Ctrl Pts',(42.5999999254942,-61.7199409132082,-7.50220243996447));
#3753=CARTESIAN_POINT('Ctrl Pts',(31.0999999254942,-61.7419160043429,-7.5250738008243));
#3754=CARTESIAN_POINT('Ctrl Pts',(42.5999999254942,-61.741916004343,-7.52507380082435));
#3755=CARTESIAN_POINT('Ctrl Pts',(31.0999999254942,-61.7435533881903,-7.52678541663083));
#3756=CARTESIAN_POINT('Ctrl Pts',(42.5999999254942,-61.7435533881904,-7.52678541663088));
#3757=CARTESIAN_POINT('',(31.0999999254942,-60.9981784279813,-7.05131347530358));
#3758=CARTESIAN_POINT('Origin',(31.0999999254942,-60.6000000745059,-8.49749949336062));
#3759=CARTESIAN_POINT('',(31.0999999254942,-60.4837711453935,-7.00200932754963));
#3760=CARTESIAN_POINT('Ctrl Pts',(31.0999999254942,-60.0023215757676,-7.12171593038792));
#3761=CARTESIAN_POINT('Ctrl Pts',(42.5999999254942,-60.0023215757676,-7.12171593038796));
#3762=CARTESIAN_POINT('Ctrl Pts',(31.0999999254942,-60.0140182174526,-7.11720167906761));
#3763=CARTESIAN_POINT('Ctrl Pts',(42.5999999254942,-60.0140182174526,-7.11720167906766));
#3764=CARTESIAN_POINT('Ctrl Pts',(31.0999999254942,-60.0467655691408,-7.10495735808544));
#3765=CARTESIAN_POINT('Ctrl Pts',(42.5999999254942,-60.0467655691408,-7.10495735808549));
#3766=CARTESIAN_POINT('Ctrl Pts',(31.0999999254942,-60.1013091908977,-7.08629464255754));
#3767=CARTESIAN_POINT('Ctrl Pts',(42.5999999254942,-60.1013091908978,-7.08629464255759));
#3768=CARTESIAN_POINT('Ctrl Pts',(31.0999999254942,-60.1785052162221,-7.06337702872682));
#3769=CARTESIAN_POINT('Ctrl Pts',(42.5999999254942,-60.1785052162222,-7.06337702872687));
#3770=CARTESIAN_POINT('Ctrl Pts',(31.0999999254942,-60.2766240921541,-7.03902445912584));
#3771=CARTESIAN_POINT('Ctrl Pts',(42.5999999254942,-60.2766240921541,-7.03902445912589));
#3772=CARTESIAN_POINT('Ctrl Pts',(31.0999999254942,-60.3614168469904,-7.02157674507744));
#3773=CARTESIAN_POINT('Ctrl Pts',(42.5999999254942,-60.3614168469905,-7.02157674507749));
#3774=CARTESIAN_POINT('Ctrl Pts',(31.0999999254942,-60.4235867513405,-7.01072444930318));
#3775=CARTESIAN_POINT('Ctrl Pts',(42.5999999254942,-60.4235867513405,-7.01072444930323));
#3776=CARTESIAN_POINT('Ctrl Pts',(31.0999999254942,-60.4641994990221,-7.00465927609032));
#3777=CARTESIAN_POINT('Ctrl Pts',(42.5999999254942,-60.4641994990222,-7.00465927609037));
#3778=CARTESIAN_POINT('Ctrl Pts',(31.0999999254942,-60.4837711453936,-7.00200932754964));
#3779=CARTESIAN_POINT('Ctrl Pts',(42.5999999254942,-60.4837711453936,-7.00200932754969));
#3780=CARTESIAN_POINT('',(31.0999999254942,-60.0023215757676,-7.12171593038792));
#3781=CARTESIAN_POINT('Origin',(31.0999999254942,-60.6000000745059,-8.49749949336062));
#3782=CARTESIAN_POINT('',(31.0999999254942,-59.5999489227398,-7.37951125824759));
#3783=CARTESIAN_POINT('Origin',(31.0999999254942,-59.5999489227398,-9.61548772847366));
#3784=CARTESIAN_POINT('',(31.0999999254942,-59.5999489227398,-9.61548772847366));
#3785=CARTESIAN_POINT('Ctrl Pts',(31.0999999254942,-60.633900446432,-9.99711636602619));
#3786=CARTESIAN_POINT('Ctrl Pts',(42.5999999254942,-60.633900446432,-9.99711636602624));
#3787=CARTESIAN_POINT('Ctrl Pts',(31.0999999254942,-60.6190511609092,-9.99732740067296));
#3788=CARTESIAN_POINT('Ctrl Pts',(42.5999999254942,-60.6190511609093,-9.99732740067301));
#3789=CARTESIAN_POINT('Ctrl Pts',(31.0999999254942,-60.5675531151118,-9.99733922710059));
#3790=CARTESIAN_POINT('Ctrl Pts',(42.5999999254942,-60.5675531151119,-9.99733922710064));
#3791=CARTESIAN_POINT('Ctrl Pts',(31.0999999254942,-60.478682544329,-9.99306609409017));
#3792=CARTESIAN_POINT('Ctrl Pts',(42.5999999254942,-60.478682544329,-9.99306609409022));
#3793=CARTESIAN_POINT('Ctrl Pts',(31.0999999254942,-60.3512809921019,-9.97628662751926));
#3794=CARTESIAN_POINT('Ctrl Pts',(42.5999999254942,-60.3512809921019,-9.97628662751931));
#3795=CARTESIAN_POINT('Ctrl Pts',(31.0999999254942,-60.1841131269389,-9.93417812408082));
#3796=CARTESIAN_POINT('Ctrl Pts',(42.5999999254942,-60.1841131269389,-9.93417812408087));
#3797=CARTESIAN_POINT('Ctrl Pts',(31.0999999254942,-59.991846270941,-9.85851642057089));
#3798=CARTESIAN_POINT('Ctrl Pts',(42.5999999254942,-59.991846270941,-9.85851642057094));
#3799=CARTESIAN_POINT('Ctrl Pts',(31.0999999254942,-59.8361899438337,-9.77543204310615));
#3800=CARTESIAN_POINT('Ctrl Pts',(42.5999999254942,-59.8361899438338,-9.7754320431062));
#3801=CARTESIAN_POINT('Ctrl Pts',(31.0999999254942,-59.7184551442478,-9.70040207969729));
#3802=CARTESIAN_POINT('Ctrl Pts',(42.5999999254942,-59.7184551442479,-9.70040207969733));
#3803=CARTESIAN_POINT('Ctrl Pts',(31.0999999254942,-59.6395244665496,-9.64473388102425));
#3804=CARTESIAN_POINT('Ctrl Pts',(42.5999999254942,-59.6395244665496,-9.6447338810243));
#3805=CARTESIAN_POINT('Ctrl Pts',(31.0999999254942,-59.5999489227398,-9.61548772847366));
#3806=CARTESIAN_POINT('Ctrl Pts',(42.5999999254942,-59.5999489227398,-9.61548772847371));
#3807=CARTESIAN_POINT('',(31.0999999254942,-60.6339004464319,-9.99711636602619));
#3808=CARTESIAN_POINT('Origin',(31.0999999254942,-60.6000000745059,-8.49749949336062));
#3809=CARTESIAN_POINT('',(31.0999999254942,-60.8344868037757,-9.97905812324889));
#3810=CARTESIAN_POINT('Ctrl Pts',(31.0999999254942,-61.6628416030044,-9.55597381298246));
#3811=CARTESIAN_POINT('Ctrl Pts',(42.5999999254942,-61.6628416030045,-9.5559738129825));
#3812=CARTESIAN_POINT('Ctrl Pts',(31.0999999254942,-61.658233875647,-9.5604177814423));
#3813=CARTESIAN_POINT('Ctrl Pts',(42.5999999254942,-61.6582338756471,-9.56041778144234));
#3814=CARTESIAN_POINT('Ctrl Pts',(31.0999999254942,-61.6326610060295,-9.58481622111877));
#3815=CARTESIAN_POINT('Ctrl Pts',(42.5999999254942,-61.6326610060295,-9.58481622111881));
#3816=CARTESIAN_POINT('Ctrl Pts',(31.0999999254942,-61.583898588167,-9.62868606637891));
#3817=CARTESIAN_POINT('Ctrl Pts',(42.5999999254942,-61.583898588167,-9.62868606637896));
#3818=CARTESIAN_POINT('Ctrl Pts',(31.0999999254942,-61.5071788615042,-9.69074411928409));
#3819=CARTESIAN_POINT('Ctrl Pts',(42.5999999254942,-61.5071788615042,-9.69074411928413));
#3820=CARTESIAN_POINT('Ctrl Pts',(31.0999999254942,-61.3955291488309,-9.76780903395899));
#3821=CARTESIAN_POINT('Ctrl Pts',(42.5999999254942,-61.3955291488309,-9.76780903395904));
#3822=CARTESIAN_POINT('Ctrl Pts',(31.0999999254942,-61.2485571378735,-9.84939589431209));
#3823=CARTESIAN_POINT('Ctrl Pts',(42.5999999254942,-61.2485571378735,-9.84939589431214));
#3824=CARTESIAN_POINT('Ctrl Pts',(31.0999999254942,-61.1057775371997,-9.91028894520464));
#3825=CARTESIAN_POINT('Ctrl Pts',(42.5999999254942,-61.1057775371997,-9.91028894520469));
#3826=CARTESIAN_POINT('Ctrl Pts',(31.0999999254942,-60.9888691204481,-9.94698726133495));
#3827=CARTESIAN_POINT('Ctrl Pts',(42.5999999254942,-60.9888691204482,-9.946987261335));
#3828=CARTESIAN_POINT('Ctrl Pts',(31.0999999254942,-60.9031568337309,-9.9668353058826));
#3829=CARTESIAN_POINT('Ctrl Pts',(42.5999999254942,-60.9031568337309,-9.96683530588265));
#3830=CARTESIAN_POINT('Ctrl Pts',(31.0999999254942,-60.8513016065183,-9.97626829008216));
#3831=CARTESIAN_POINT('Ctrl Pts',(42.5999999254942,-60.8513016065184,-9.9762682900822));
#3832=CARTESIAN_POINT('Ctrl Pts',(31.0999999254942,-60.8344868037757,-9.9790581232489));
#3833=CARTESIAN_POINT('Ctrl Pts',(42.5999999254942,-60.8344868037757,-9.97905812324894));
#3834=CARTESIAN_POINT('',(31.0999999254942,-61.6628416030044,-9.55597381298245));
#3835=CARTESIAN_POINT('Origin',(31.0999999254942,-60.6000000745059,-8.49749949336062));
#3836=CARTESIAN_POINT('',(31.0999999254942,-61.9991011600254,-9.03834711746449));
#3837=CARTESIAN_POINT('Ctrl Pts',(31.0999999254942,-62.0908914961448,-8.66255332967608));
#3838=CARTESIAN_POINT('Ctrl Pts',(42.5999999254942,-62.0908914961449,-8.66255332967613));
#3839=CARTESIAN_POINT('Ctrl Pts',(31.0999999254942,-62.0900206185347,-8.67005790324425));
#3840=CARTESIAN_POINT('Ctrl Pts',(42.5999999254942,-62.0900206185348,-8.6700579032443));
#3841=CARTESIAN_POINT('Ctrl Pts',(31.0999999254942,-62.0862265707323,-8.70096205007388));
#3842=CARTESIAN_POINT('Ctrl Pts',(42.5999999254942,-62.0862265707324,-8.70096205007393));
#3843=CARTESIAN_POINT('Ctrl Pts',(31.0999999254942,-62.0780487740375,-8.75540224260959));
#3844=CARTESIAN_POINT('Ctrl Pts',(42.5999999254942,-62.0780487740376,-8.75540224260963));
#3845=CARTESIAN_POINT('Ctrl Pts',(31.0999999254942,-62.0630522371249,-8.83142030493222));
#3846=CARTESIAN_POINT('Ctrl Pts',(42.5999999254942,-62.0630522371249,-8.83142030493227));
#3847=CARTESIAN_POINT('Ctrl Pts',(31.0999999254942,-62.0434102563474,-8.90695754845273));
#3848=CARTESIAN_POINT('Ctrl Pts',(42.5999999254942,-62.0434102563474,-8.90695754845278));
#3849=CARTESIAN_POINT('Ctrl Pts',(31.0999999254942,-62.0222412217847,-8.97405640776525));
#3850=CARTESIAN_POINT('Ctrl Pts',(42.5999999254942,-62.0222412217848,-8.9740564077653));
#3851=CARTESIAN_POINT('Ctrl Pts',(31.0999999254942,-62.0068234348183,-9.01763798531963));
#3852=CARTESIAN_POINT('Ctrl Pts',(42.5999999254942,-62.0068234348183,-9.01763798531968));
#3853=CARTESIAN_POINT('Ctrl Pts',(31.0999999254942,-61.9991011600254,-9.03834711746449));
#3854=CARTESIAN_POINT('Ctrl Pts',(42.5999999254942,-61.9991011600254,-9.03834711746454));
#3855=CARTESIAN_POINT('',(31.0999999254942,-62.0908914961448,-8.66255332967608));
#3856=CARTESIAN_POINT('Origin',(31.0999999254942,-60.6000000745059,-8.49749949336062));
#3857=CARTESIAN_POINT('Origin',(-33.8975693494281,-103.650023088834,70.7475481797464));
#3858=CARTESIAN_POINT('',(-32.9258017730302,-102.756446686316,70.7475481797464));
#3859=CARTESIAN_POINT('',(-33.4147301933738,-102.479478060254,70.7475481797464));
#3860=CARTESIAN_POINT('Origin',(-33.8965158497614,-103.9,70.7475481797464));
#3861=CARTESIAN_POINT('',(-33.8965158497614,-102.4,70.7475481797464));
#3862=CARTESIAN_POINT('Ctrl Pts',(-33.4147301933736,-102.479478060253,70.7475481797473));
#3863=CARTESIAN_POINT('Ctrl Pts',(-33.4884192008386,-102.457466969574,70.7475481797473));
#3864=CARTESIAN_POINT('Ctrl Pts',(-33.5712424890946,-102.437460511251,70.7475481797473));
#3865=CARTESIAN_POINT('Ctrl Pts',(-33.7308829785991,-102.409238859075,70.7475481797472));
#3866=CARTESIAN_POINT('Ctrl Pts',(-33.8125939999604,-102.400576773867,70.7475481797473));
#3867=CARTESIAN_POINT('Ctrl Pts',(-33.8965158498532,-102.399999999999,70.7475481797473));
#3868=CARTESIAN_POINT('',(-34.0615696860748,-102.40910857836,70.7475481797464));
#3869=CARTESIAN_POINT('Origin',(-33.8965158497614,-103.9,70.7475481797464));
#3870=CARTESIAN_POINT('',(-34.4373634738633,-102.50089891448,70.7475481797464));
#3871=CARTESIAN_POINT('Ctrl Pts',(-34.0615696860748,-102.409108578361,70.7475481797472));
#3872=CARTESIAN_POINT('Ctrl Pts',(-34.1253451269905,-102.416509479033,70.7475481797472));
#3873=CARTESIAN_POINT('Ctrl Pts',(-34.1888819916889,-102.428271459113,70.7475481797475));
#3874=CARTESIAN_POINT('Ctrl Pts',(-34.3139468867781,-102.458968156246,70.7475481797475));
#3875=CARTESIAN_POINT('Ctrl Pts',(-34.3767568286219,-102.478299166429,70.7475481797472));
#3876=CARTESIAN_POINT('Ctrl Pts',(-34.4373634738632,-102.50089891448,70.7475481797472));
#3877=CARTESIAN_POINT('',(-34.9549901693823,-102.8371584715,70.7475481797464));
#3878=CARTESIAN_POINT('Origin',(-33.8965158497614,-103.9,70.7475481797464));
#3879=CARTESIAN_POINT('',(-35.3780744796497,-103.66551327073,70.7475481797464));
#3880=CARTESIAN_POINT('Ctrl Pts',(-34.9549901693811,-102.837158471501,70.7475481797472));
#3881=CARTESIAN_POINT('Ctrl Pts',(-35.0577477859305,-102.943702675231,70.7475481797472));
#3882=CARTESIAN_POINT('Ctrl Pts',(-35.1465607895626,-103.067913232609,70.7475481797472));
#3883=CARTESIAN_POINT('Ctrl Pts',(-35.2853112609594,-103.327367279629,70.7475481797472));
#3884=CARTESIAN_POINT('Ctrl Pts',(-35.3482140023618,-103.485539055302,70.7475481797472));
#3885=CARTESIAN_POINT('Ctrl Pts',(-35.3780744796476,-103.66551327073,70.7475481797472));
#3886=CARTESIAN_POINT('',(-35.396132722427,-103.866099628074,70.7475481797464));
#3887=CARTESIAN_POINT('Origin',(-33.8965158497614,-103.9,70.7475481797464));
#3888=CARTESIAN_POINT('',(-35.0145040848734,-104.900051151767,70.7475481797464));
#3889=CARTESIAN_POINT('Ctrl Pts',(-35.3961327224249,-103.866099628074,70.7475481797472));
#3890=CARTESIAN_POINT('Ctrl Pts',(-35.3986116480861,-104.040527265887,70.7475481797472));
#3891=CARTESIAN_POINT('Ctrl Pts',(-35.3665573862186,-104.209393625761,70.7475481797472));
#3892=CARTESIAN_POINT('Ctrl Pts',(-35.237690663873,-104.562127009681,70.7475481797472));
#3893=CARTESIAN_POINT('Ctrl Pts',(-35.1337340512995,-104.738710587341,70.7475481797472));
#3894=CARTESIAN_POINT('Ctrl Pts',(-35.0145040848723,-104.900051151766,70.7475481797472));
#3895=CARTESIAN_POINT('',(-32.7785276146486,-104.900051151766,70.7475481797464));
#3896=CARTESIAN_POINT('',(-32.7785276146461,-104.900051151766,70.7475481797464));
#3897=CARTESIAN_POINT('',(-32.5207322867885,-104.497678498737,70.7475481797464));
#3898=CARTESIAN_POINT('Origin',(-33.8965158497614,-103.9,70.7475481797464));
#3899=CARTESIAN_POINT('',(-32.4010256839505,-104.016228929112,70.7475481797464));
#3900=CARTESIAN_POINT('Ctrl Pts',(-32.5207322867866,-104.497678498738,70.7475481797473));
#3901=CARTESIAN_POINT('Ctrl Pts',(-32.4905109206966,-104.419373489711,70.7475481797473));
#3902=CARTESIAN_POINT('Ctrl Pts',(-32.4662885484806,-104.336472860652,70.7475481797473));
#3903=CARTESIAN_POINT('Ctrl Pts',(-32.4283553310774,-104.179493696826,70.7475481797473));
#3904=CARTESIAN_POINT('Ctrl Pts',(-32.4115999767259,-104.094327169774,70.7475481797473));
#3905=CARTESIAN_POINT('Ctrl Pts',(-32.4010256839483,-104.016228929112,70.7475481797473));
#3906=CARTESIAN_POINT('',(-32.4503298317042,-103.501821646525,70.7475481797464));
#3907=CARTESIAN_POINT('Origin',(-33.8965158497614,-103.9,70.7475481797464));
#3908=CARTESIAN_POINT('Ctrl Pts',(-32.4503298317023,-103.501821646524,70.7475481797473));
#3909=CARTESIAN_POINT('Ctrl Pts',(-32.4974383064322,-103.366632583691,70.7475481797473));
#3910=CARTESIAN_POINT('Ctrl Pts',(-32.5688201778939,-103.228371095635,70.7475481797473));
#3911=CARTESIAN_POINT('Ctrl Pts',(-32.7155888711669,-102.996034896428,70.7475481797473));
#3912=CARTESIAN_POINT('Ctrl Pts',(-32.8109181548487,-102.866347856906,70.7475481797473));
#3913=CARTESIAN_POINT('Ctrl Pts',(-32.9258017730295,-102.756446686315,70.7475481797473));
#3914=CARTESIAN_POINT('Ctrl Pts',(-33.8965158498532,-102.399999999999,70.7475805299597));
#3915=CARTESIAN_POINT('Ctrl Pts',(-33.8965158498523,-102.399999999999,-35.2524518202528));
#3916=CARTESIAN_POINT('Ctrl Pts',(-33.8125939999604,-102.400576773867,70.7475805299597));
#3917=CARTESIAN_POINT('Ctrl Pts',(-33.8125939999595,-102.400576773867,-35.2524518202528));
#3918=CARTESIAN_POINT('Ctrl Pts',(-33.7308829785991,-102.409238859075,70.7475805299597));
#3919=CARTESIAN_POINT('Ctrl Pts',(-33.7308829785982,-102.409238859075,-35.2524518202528));
#3920=CARTESIAN_POINT('Ctrl Pts',(-33.5712424890946,-102.437460511251,70.7475805299597));
#3921=CARTESIAN_POINT('Ctrl Pts',(-33.5712424890937,-102.437460511251,-35.2524518202527));
#3922=CARTESIAN_POINT('Ctrl Pts',(-33.4884192008386,-102.457466969574,70.7475805299597));
#3923=CARTESIAN_POINT('Ctrl Pts',(-33.4884192008377,-102.457466969574,-35.2524518202528));
#3924=CARTESIAN_POINT('Ctrl Pts',(-33.4147301933736,-102.479478060253,70.7475805299597));
#3925=CARTESIAN_POINT('Ctrl Pts',(-33.4147301933727,-102.479478060253,-35.2524518202528));
#3926=CARTESIAN_POINT('',(-33.4147301933729,-102.479478060254,-35.2524518202536));
#3927=CARTESIAN_POINT('',(-33.4147301933737,-102.479478060254,64.7475481797464));
#3928=CARTESIAN_POINT('',(-33.8965158497605,-102.4,-35.2524518202536));
#3929=CARTESIAN_POINT('Ctrl Pts',(-33.8965158498523,-102.399999999999,-35.2524518202528));
#3930=CARTESIAN_POINT('Ctrl Pts',(-33.8125939999595,-102.400576773867,-35.2524518202528));
#3931=CARTESIAN_POINT('Ctrl Pts',(-33.7308829785982,-102.409238859075,-35.2524518202528));
#3932=CARTESIAN_POINT('Ctrl Pts',(-33.5712424890937,-102.437460511251,-35.2524518202527));
#3933=CARTESIAN_POINT('Ctrl Pts',(-33.4884192008377,-102.457466969574,-35.2524518202528));
#3934=CARTESIAN_POINT('Ctrl Pts',(-33.4147301933727,-102.479478060253,-35.2524518202528));
#3935=CARTESIAN_POINT('',(-33.8965158497614,-102.4,64.7475481797464));
#3936=CARTESIAN_POINT('Origin',(-33.8965158497614,-103.9,64.7475481797464));
#3937=CARTESIAN_POINT('',(-34.0615696860739,-102.40910857836,-35.2524518202536));
#3938=CARTESIAN_POINT('Origin',(-33.8965158497605,-103.9,-35.2524518202536));
#3939=CARTESIAN_POINT('',(-34.0615696860748,-102.40910857836,64.7475481797464));
#3940=CARTESIAN_POINT('Ctrl Pts',(-34.4373634738632,-102.50089891448,70.7475513504858));
#3941=CARTESIAN_POINT('Ctrl Pts',(-34.4373634738623,-102.50089891448,-35.2524518202528));
#3942=CARTESIAN_POINT('Ctrl Pts',(-34.3767568286219,-102.478299166429,70.7475513504858));
#3943=CARTESIAN_POINT('Ctrl Pts',(-34.3767568286209,-102.478299166429,-35.2524518202528));
#3944=CARTESIAN_POINT('Ctrl Pts',(-34.3139468867781,-102.458968156246,70.747551350486));
#3945=CARTESIAN_POINT('Ctrl Pts',(-34.3139468867772,-102.458968156246,-35.2524518202525));
#3946=CARTESIAN_POINT('Ctrl Pts',(-34.1888819916889,-102.428271459113,70.747551350486));
#3947=CARTESIAN_POINT('Ctrl Pts',(-34.188881991688,-102.428271459113,-35.2524518202525));
#3948=CARTESIAN_POINT('Ctrl Pts',(-34.1253451269905,-102.416509479033,70.7475513504858));
#3949=CARTESIAN_POINT('Ctrl Pts',(-34.1253451269896,-102.416509479033,-35.2524518202528));
#3950=CARTESIAN_POINT('Ctrl Pts',(-34.0615696860748,-102.409108578361,70.7475513504858));
#3951=CARTESIAN_POINT('Ctrl Pts',(-34.0615696860738,-102.409108578361,-35.2524518202528));
#3952=CARTESIAN_POINT('',(-34.4373634738624,-102.50089891448,-35.2524518202536));
#3953=CARTESIAN_POINT('Ctrl Pts',(-34.4373634738623,-102.50089891448,-35.2524518202528));
#3954=CARTESIAN_POINT('Ctrl Pts',(-34.3767568286209,-102.478299166429,-35.2524518202528));
#3955=CARTESIAN_POINT('Ctrl Pts',(-34.3139468867772,-102.458968156246,-35.2524518202525));
#3956=CARTESIAN_POINT('Ctrl Pts',(-34.188881991688,-102.428271459113,-35.2524518202525));
#3957=CARTESIAN_POINT('Ctrl Pts',(-34.1253451269896,-102.416509479033,-35.2524518202528));
#3958=CARTESIAN_POINT('Ctrl Pts',(-34.0615696860738,-102.409108578361,-35.2524518202528));
#3959=CARTESIAN_POINT('',(-34.4373634738633,-102.50089891448,64.7475481797464));
#3960=CARTESIAN_POINT('Origin',(-33.8965158497614,-103.9,64.7475481797464));
#3961=CARTESIAN_POINT('',(-34.9549901693814,-102.8371584715,-35.2524518202536));
#3962=CARTESIAN_POINT('Origin',(-33.8965158497605,-103.9,-35.2524518202536));
#3963=CARTESIAN_POINT('',(-34.9549901693822,-102.8371584715,64.7475481797464));
#3964=CARTESIAN_POINT('Ctrl Pts',(-35.3780744796476,-103.66551327073,70.7476241619172));
#3965=CARTESIAN_POINT('Ctrl Pts',(-35.3780744796467,-103.66551327073,-35.2524518202528));
#3966=CARTESIAN_POINT('Ctrl Pts',(-35.3482140023618,-103.485539055302,70.7476241619172));
#3967=CARTESIAN_POINT('Ctrl Pts',(-35.3482140023609,-103.485539055302,-35.2524518202528));
#3968=CARTESIAN_POINT('Ctrl Pts',(-35.2853112609594,-103.327367279629,70.7476241619172));
#3969=CARTESIAN_POINT('Ctrl Pts',(-35.2853112609584,-103.327367279629,-35.2524518202528));
#3970=CARTESIAN_POINT('Ctrl Pts',(-35.1465607895626,-103.067913232609,70.7476241619172));
#3971=CARTESIAN_POINT('Ctrl Pts',(-35.1465607895617,-103.067913232609,-35.2524518202528));
#3972=CARTESIAN_POINT('Ctrl Pts',(-35.0577477859305,-102.943702675231,70.7476241619172));
#3973=CARTESIAN_POINT('Ctrl Pts',(-35.0577477859296,-102.943702675231,-35.2524518202528));
#3974=CARTESIAN_POINT('Ctrl Pts',(-34.9549901693811,-102.837158471501,70.7476241619172));
#3975=CARTESIAN_POINT('Ctrl Pts',(-34.9549901693802,-102.837158471501,-35.2524518202528));
#3976=CARTESIAN_POINT('',(-35.3780744796488,-103.66551327073,-35.2524518202536));
#3977=CARTESIAN_POINT('Ctrl Pts',(-35.3780744796467,-103.66551327073,-35.2524518202528));
#3978=CARTESIAN_POINT('Ctrl Pts',(-35.3482140023609,-103.485539055302,-35.2524518202528));
#3979=CARTESIAN_POINT('Ctrl Pts',(-35.2853112609584,-103.327367279629,-35.2524518202528));
#3980=CARTESIAN_POINT('Ctrl Pts',(-35.1465607895617,-103.067913232609,-35.2524518202528));
#3981=CARTESIAN_POINT('Ctrl Pts',(-35.0577477859296,-102.943702675231,-35.2524518202528));
#3982=CARTESIAN_POINT('Ctrl Pts',(-34.9549901693802,-102.837158471501,-35.2524518202528));
#3983=CARTESIAN_POINT('',(-35.3780744796496,-103.66551327073,64.7475481797464));
#3984=CARTESIAN_POINT('Origin',(-33.8965158497614,-103.9,64.7475481797464));
#3985=CARTESIAN_POINT('',(-35.3961327224261,-103.866099628074,-35.2524518202536));
#3986=CARTESIAN_POINT('Origin',(-33.8965158497605,-103.9,-35.2524518202536));
#3987=CARTESIAN_POINT('',(-35.396132722427,-103.866099628074,64.7475481797464));
#3988=CARTESIAN_POINT('Ctrl Pts',(-35.0145040848723,-104.900051151766,70.7475705817648));
#3989=CARTESIAN_POINT('Ctrl Pts',(-35.0145040848714,-104.900051151766,-35.2524518202528));
#3990=CARTESIAN_POINT('Ctrl Pts',(-35.1337340512995,-104.738710587341,70.7475705817648));
#3991=CARTESIAN_POINT('Ctrl Pts',(-35.1337340512986,-104.738710587341,-35.2524518202528));
#3992=CARTESIAN_POINT('Ctrl Pts',(-35.237690663873,-104.562127009681,70.7475705817648));
#3993=CARTESIAN_POINT('Ctrl Pts',(-35.2376906638721,-104.562127009681,-35.2524518202528));
#3994=CARTESIAN_POINT('Ctrl Pts',(-35.3665573862186,-104.209393625761,70.7475705817648));
#3995=CARTESIAN_POINT('Ctrl Pts',(-35.3665573862177,-104.209393625761,-35.2524518202528));
#3996=CARTESIAN_POINT('Ctrl Pts',(-35.3986116480861,-104.040527265887,70.7475705817648));
#3997=CARTESIAN_POINT('Ctrl Pts',(-35.3986116480851,-104.040527265887,-35.2524518202528));
#3998=CARTESIAN_POINT('Ctrl Pts',(-35.3961327224249,-103.866099628074,70.7475705817648));
#3999=CARTESIAN_POINT('Ctrl Pts',(-35.396132722424,-103.866099628074,-35.2524518202528));
#4000=CARTESIAN_POINT('',(-35.0145040848724,-104.900051151767,-35.2524518202536));
#4001=CARTESIAN_POINT('Ctrl Pts',(-35.0145040848714,-104.900051151766,-35.2524518202528));
#4002=CARTESIAN_POINT('Ctrl Pts',(-35.1337340512986,-104.738710587341,-35.2524518202528));
#4003=CARTESIAN_POINT('Ctrl Pts',(-35.2376906638721,-104.562127009681,-35.2524518202528));
#4004=CARTESIAN_POINT('Ctrl Pts',(-35.3665573862177,-104.209393625761,-35.2524518202528));
#4005=CARTESIAN_POINT('Ctrl Pts',(-35.3986116480851,-104.040527265887,-35.2524518202528));
#4006=CARTESIAN_POINT('Ctrl Pts',(-35.396132722424,-103.866099628074,-35.2524518202528));
#4007=CARTESIAN_POINT('',(-35.0145040848733,-104.900051151767,64.7475481797464));
#4008=CARTESIAN_POINT('Origin',(-32.7785276146485,-104.900051151766,64.7475481797464));
#4009=CARTESIAN_POINT('',(-32.7785276146477,-104.900051151766,-35.2524518202536));
#4010=CARTESIAN_POINT('',(-32.7785276146452,-104.900051151766,-35.2524518202536));
#4011=CARTESIAN_POINT('',(-32.7785276146485,-104.900051151766,64.7475481797464));
#4012=CARTESIAN_POINT('Origin',(-33.8965158497614,-103.9,64.7475481797464));
#4013=CARTESIAN_POINT('',(-32.5207322867875,-104.497678498737,-35.2524518202536));
#4014=CARTESIAN_POINT('Origin',(-33.8965158497605,-103.9,-35.2524518202536));
#4015=CARTESIAN_POINT('',(-32.5207322867884,-104.497678498737,64.7475481797464));
#4016=CARTESIAN_POINT('Ctrl Pts',(-32.4010256839483,-104.016228929112,70.7475825985378));
#4017=CARTESIAN_POINT('Ctrl Pts',(-32.4010256839474,-104.016228929112,-35.2524518202527));
#4018=CARTESIAN_POINT('Ctrl Pts',(-32.4115999767259,-104.094327169774,70.7475825985378));
#4019=CARTESIAN_POINT('Ctrl Pts',(-32.411599976725,-104.094327169774,-35.2524518202527));
#4020=CARTESIAN_POINT('Ctrl Pts',(-32.4283553310774,-104.179493696826,70.7475825985378));
#4021=CARTESIAN_POINT('Ctrl Pts',(-32.4283553310765,-104.179493696826,-35.2524518202527));
#4022=CARTESIAN_POINT('Ctrl Pts',(-32.4662885484806,-104.336472860652,70.7475825985378));
#4023=CARTESIAN_POINT('Ctrl Pts',(-32.4662885484797,-104.336472860652,-35.2524518202527));
#4024=CARTESIAN_POINT('Ctrl Pts',(-32.4905109206966,-104.419373489711,70.7475825985378));
#4025=CARTESIAN_POINT('Ctrl Pts',(-32.4905109206956,-104.419373489711,-35.2524518202527));
#4026=CARTESIAN_POINT('Ctrl Pts',(-32.5207322867866,-104.497678498738,70.7475825985378));
#4027=CARTESIAN_POINT('Ctrl Pts',(-32.5207322867857,-104.497678498738,-35.2524518202527));
#4028=CARTESIAN_POINT('',(-32.4010256839495,-104.016228929112,-35.2524518202536));
#4029=CARTESIAN_POINT('Ctrl Pts',(-32.4010256839474,-104.016228929112,-35.2524518202527));
#4030=CARTESIAN_POINT('Ctrl Pts',(-32.411599976725,-104.094327169774,-35.2524518202527));
#4031=CARTESIAN_POINT('Ctrl Pts',(-32.4283553310765,-104.179493696826,-35.2524518202527));
#4032=CARTESIAN_POINT('Ctrl Pts',(-32.4662885484797,-104.336472860652,-35.2524518202527));
#4033=CARTESIAN_POINT('Ctrl Pts',(-32.4905109206956,-104.419373489711,-35.2524518202527));
#4034=CARTESIAN_POINT('Ctrl Pts',(-32.5207322867857,-104.497678498738,-35.2524518202527));
#4035=CARTESIAN_POINT('',(-32.4010256839504,-104.016228929112,64.7475481797464));
#4036=CARTESIAN_POINT('Origin',(-33.8965158497614,-103.9,64.7475481797464));
#4037=CARTESIAN_POINT('',(-32.4503298317033,-103.501821646525,-35.2524518202536));
#4038=CARTESIAN_POINT('Origin',(-33.8965158497605,-103.9,-35.2524518202536));
#4039=CARTESIAN_POINT('',(-32.4503298317042,-103.501821646525,64.7475481797464));
#4040=CARTESIAN_POINT('Ctrl Pts',(-32.9258017730295,-102.756446686315,70.7476455525177));
#4041=CARTESIAN_POINT('Ctrl Pts',(-32.9258017730286,-102.756446686315,-35.2524518202527));
#4042=CARTESIAN_POINT('Ctrl Pts',(-32.8109181548487,-102.866347856906,70.7476455525177));
#4043=CARTESIAN_POINT('Ctrl Pts',(-32.8109181548478,-102.866347856906,-35.2524518202527));
#4044=CARTESIAN_POINT('Ctrl Pts',(-32.7155888711669,-102.996034896427,70.7476455525177));
#4045=CARTESIAN_POINT('Ctrl Pts',(-32.715588871166,-102.996034896427,-35.2524518202528));
#4046=CARTESIAN_POINT('Ctrl Pts',(-32.5688201778939,-103.228371095635,70.7476455525177));
#4047=CARTESIAN_POINT('Ctrl Pts',(-32.568820177893,-103.228371095635,-35.2524518202528));
#4048=CARTESIAN_POINT('Ctrl Pts',(-32.4974383064322,-103.366632583691,70.7476455525177));
#4049=CARTESIAN_POINT('Ctrl Pts',(-32.4974383064313,-103.366632583691,-35.2524518202527));
#4050=CARTESIAN_POINT('Ctrl Pts',(-32.4503298317023,-103.501821646524,70.7476455525177));
#4051=CARTESIAN_POINT('Ctrl Pts',(-32.4503298317014,-103.501821646524,-35.2524518202527));
#4052=CARTESIAN_POINT('',(-32.9258017730293,-102.756446686316,-35.2524518202536));
#4053=CARTESIAN_POINT('Ctrl Pts',(-32.9258017730286,-102.756446686315,-35.2524518202527));
#4054=CARTESIAN_POINT('Ctrl Pts',(-32.8109181548478,-102.866347856906,-35.2524518202527));
#4055=CARTESIAN_POINT('Ctrl Pts',(-32.715588871166,-102.996034896427,-35.2524518202528));
#4056=CARTESIAN_POINT('Ctrl Pts',(-32.568820177893,-103.228371095635,-35.2524518202528));
#4057=CARTESIAN_POINT('Ctrl Pts',(-32.4974383064313,-103.366632583691,-35.2524518202527));
#4058=CARTESIAN_POINT('Ctrl Pts',(-32.4503298317014,-103.501821646524,-35.2524518202527));
#4059=CARTESIAN_POINT('',(-32.9258017730302,-102.756446686316,64.7475481797464));
#4060=CARTESIAN_POINT('Origin',(-33.8965158497614,-103.9,64.7475481797464));
#4061=CARTESIAN_POINT('Origin',(-33.8965158497605,-103.9,-35.2524518202536));
#4062=CARTESIAN_POINT('Origin',(-33.8975693494272,-103.650023088834,-35.2524518202536));
#4063=CARTESIAN_POINT('Origin',(17.0000002533197,-72.4999995157123,-16.9999992623925));
#4064=CARTESIAN_POINT('',(18.5000002533197,-72.4999995157123,-16.9999992623925));
#4065=CARTESIAN_POINT('Origin',(17.0000002533197,-72.4999995157123,-16.9999992623925));
#4066=CARTESIAN_POINT('',(18.5000002533197,-72.4999995157123,-9.74999926239252));
#4067=CARTESIAN_POINT('',(18.5000002533197,-72.4999995157123,-16.9999992623925));
#4068=CARTESIAN_POINT('Origin',(17.0000002533197,-72.4999995157123,-9.74999926239252));
#4069=CARTESIAN_POINT('Origin',(17.0000002458692,-49.4999991729856,-16.9999992623925));
#4070=CARTESIAN_POINT('',(18.5000002458692,-49.4999991729856,-16.9999992623925));
#4071=CARTESIAN_POINT('Origin',(17.0000002458692,-49.4999991729856,-16.9999992623925));
#4072=CARTESIAN_POINT('',(18.5000002458692,-49.4999991729856,-9.74999937973917));
#4073=CARTESIAN_POINT('',(18.5000002458692,-49.4999991729856,-16.9999992623925));
#4074=CARTESIAN_POINT('Origin',(17.0000002458692,-49.4999991729856,-9.74999937973917));
#4075=CARTESIAN_POINT('Origin',(13.2999999254942,-61.0500001683816,-9.25000000558794));
#4076=CARTESIAN_POINT('',(13.2999999254942,-68.500000320372,-3.49999951943755));
#4077=CARTESIAN_POINT('',(13.299999859184,-68.500000320372,-9.74999926239252));
#4078=CARTESIAN_POINT('',(13.2999999254942,-68.500000320372,-6.37499976251275));
#4079=CARTESIAN_POINT('',(13.2999999254942,-53.6000000163913,-3.49999951943755));
#4080=CARTESIAN_POINT('',(13.2999999254942,-57.3250000923865,-3.49999951943756));
#4081=CARTESIAN_POINT('',(13.2999999254942,-53.6000000163913,-9.74999937973917));
#4082=CARTESIAN_POINT('',(13.2999999254942,-53.6000000163913,-12.1249996339902));
#4083=CARTESIAN_POINT('',(13.2999999254942,-46.1000000163913,-9.74999937973917));
#4084=CARTESIAN_POINT('',(13.2999999254942,-57.3250000923865,-9.74999937973917));
#4085=CARTESIAN_POINT('',(13.2999999254942,-46.1000000163913,-16.9999992623925));
#4086=CARTESIAN_POINT('',(13.2999999254942,-46.1000000163913,-10.8124996633269));
#4087=CARTESIAN_POINT('',(13.2999999254942,-54.5999999940395,-16.9999992623925));
#4088=CARTESIAN_POINT('',(13.2999999254942,-57.8250000812106,-16.9999992623925));
#4089=CARTESIAN_POINT('',(13.2999999254942,-54.5999999940395,-4.50000033527613));
#4090=CARTESIAN_POINT('',(13.2999999254942,-54.5999999940395,-6.87500017043203));
#4091=CARTESIAN_POINT('',(13.2999999254942,-67.500000320375,-4.50000033527612));
#4092=CARTESIAN_POINT('',(13.2999999254942,-64.2750002443783,-4.50000033527612));
#4093=CARTESIAN_POINT('',(13.2999999254942,-67.500000320372,-16.9999980330436));
#4094=CARTESIAN_POINT('',(13.2999999254942,-67.500000320375,-12.1250002486631));
#4095=CARTESIAN_POINT('',(13.299999859184,-76.000000320372,-16.9999992623925));
#4096=CARTESIAN_POINT('',(13.2999999254942,-64.7750002443768,-16.9999992623925));
#4097=CARTESIAN_POINT('',(13.299999859184,-76.000000320372,-9.74999926239252));
#4098=CARTESIAN_POINT('',(13.2999999254942,-76.000000320372,-10.8124996339902));
#4099=CARTESIAN_POINT('',(13.2999999254942,-64.7750002443768,-9.74999926239252));
#4100=CARTESIAN_POINT('Origin',(3.29999992549419,-54.5999999940395,-16.9999992623925));
#4101=CARTESIAN_POINT('',(31.2999992333353,-46.1000000163913,-16.9999992623925));
#4102=CARTESIAN_POINT('',(3.29999992549419,-46.1000000163913,-16.9999992623925));
#4103=CARTESIAN_POINT('',(31.2999999254942,-54.5999999940395,-16.9999992623925));
#4104=CARTESIAN_POINT('',(31.2999999254942,-54.5999999940395,-16.9999992623925));
#4105=CARTESIAN_POINT('',(3.29999992549419,-54.5999999940395,-16.9999992623925));
#4106=CARTESIAN_POINT('',(25.5000004470348,-49.5000000521541,-16.9999992623925));
#4107=CARTESIAN_POINT('Origin',(27.0000004470348,-49.5000000521541,-16.9999992623925));
#4108=CARTESIAN_POINT('Origin',(17.2999995794147,-46.1000000163913,-12.3749993210658));
#4109=CARTESIAN_POINT('',(31.2999992333353,-46.1000000163913,-9.74999937973917));
#4110=CARTESIAN_POINT('',(31.2999992333353,-46.1000000163913,-9.74999937973917));
#4111=CARTESIAN_POINT('',(31.2999992333353,-46.1000000163913,-14.9999992623925));
#4112=CARTESIAN_POINT('Origin',(3.29999992549419,-53.6000000163913,-9.74999937973917));
#4113=CARTESIAN_POINT('',(31.2999992333353,-53.6000000163913,-9.74999937973917));
#4114=CARTESIAN_POINT('',(3.29999992549419,-53.6000000163913,-9.74999937973917));
#4115=CARTESIAN_POINT('',(31.2999992333353,-53.6000000163913,-9.74999937973917));
#4116=CARTESIAN_POINT('',(25.5000004470348,-49.5000000521541,-9.74999937973917));
#4117=CARTESIAN_POINT('Origin',(27.0000004470348,-49.5000000521541,-9.74999937973917));
#4118=CARTESIAN_POINT('Origin',(3.29999992549419,-53.6000000163913,-14.9999992623925));
#4119=CARTESIAN_POINT('',(31.2999999254942,-53.6000000163913,-3.49999951943755));
#4120=CARTESIAN_POINT('',(3.29999992549419,-53.6000000163913,-3.49999951943755));
#4121=CARTESIAN_POINT('',(31.2999999254942,-53.6000000163913,-4.50000033527613));
#4122=CARTESIAN_POINT('Origin',(3.29999992549419,-53.6000000163913,-3.49999951943755));
#4123=CARTESIAN_POINT('',(31.2999999254942,-68.500000320372,-3.49999951943755));
#4124=CARTESIAN_POINT('',(3.29999992549419,-68.500000320372,-3.49999951943755));
#4125=CARTESIAN_POINT('',(31.2999999254942,-53.6000000163913,-3.49999951943755));
#4126=CARTESIAN_POINT('Origin',(3.29999992549419,-68.500000320372,-3.49999951943755));
#4127=CARTESIAN_POINT('',(31.2999992333353,-68.500000320372,-9.74999926239252));
#4128=CARTESIAN_POINT('',(17.2999995794147,-68.500000320372,-9.74999926239251));
#4129=CARTESIAN_POINT('',(31.2999999254942,-68.500000320372,-3.49999951943755));
#4130=CARTESIAN_POINT('Origin',(3.29999985918403,-68.500000320372,-16.9999992623925));
#4131=CARTESIAN_POINT('',(31.2999999254942,-67.500000320372,-16.9999980330436));
#4132=CARTESIAN_POINT('',(3.29999992549419,-67.500000320372,-16.9999980330436));
#4133=CARTESIAN_POINT('',(31.2999992333353,-76.000000320372,-16.9999992623925));
#4134=CARTESIAN_POINT('',(31.2999999254942,-68.500000320372,-16.9999980330436));
#4135=CARTESIAN_POINT('',(31.2999992333353,-76.000000320372,-16.9999992623925));
#4136=CARTESIAN_POINT('',(25.5000004470348,-72.5000000521541,-16.9999992623925));
#4137=CARTESIAN_POINT('Origin',(27.0000004470348,-72.5000000521541,-16.9999992623925));
#4138=CARTESIAN_POINT('Origin',(27.0000004470348,-49.5000000521541,-9.74999937973917));
#4139=CARTESIAN_POINT('',(25.5000004470348,-49.5000000521541,-9.74999937973917));
#4140=CARTESIAN_POINT('Origin',(27.0000004470348,-72.5000000521541,-9.74999937973916));
#4141=CARTESIAN_POINT('',(25.5000004470348,-72.5000000521541,-9.74999937973916));
#4142=CARTESIAN_POINT('Origin',(27.0000004470348,-72.5000000521541,-9.74999926239252));
#4143=CARTESIAN_POINT('',(25.5000004470348,-72.5000000521541,-9.74999937973916));
#4144=CARTESIAN_POINT('Origin',(31.2999992333353,-68.500000320372,-9.74999926239252));
#4145=CARTESIAN_POINT('',(31.2999992333353,-76.000000320372,-9.74999926239252));
#4146=CARTESIAN_POINT('',(3.29999985918403,-76.000000320372,-9.74999926239252));
#4147=CARTESIAN_POINT('',(31.2999992333353,-68.500000320372,-9.74999926239252));
#4148=CARTESIAN_POINT('Origin',(17.2999995462596,-76.000000320372,-12.3749992623925));
#4149=CARTESIAN_POINT('',(31.2999992333353,-76.000000320372,-14.9999992623925));
#4150=CARTESIAN_POINT('Origin',(3.29999992549419,-54.5999999940395,-4.50000033527613));
#4151=CARTESIAN_POINT('',(31.2999999254942,-54.5999999940395,-4.50000033527613));
#4152=CARTESIAN_POINT('',(31.2999999254942,-54.5999999940395,-4.50000033527613));
#4153=CARTESIAN_POINT('',(3.29999992549419,-54.5999999940395,-4.50000033527613));
#4154=CARTESIAN_POINT('Origin',(3.29999992549419,-67.500000320375,-4.50000033527612));
#4155=CARTESIAN_POINT('',(31.2999999254942,-67.500000320375,-4.50000033527612));
#4156=CARTESIAN_POINT('',(31.2999999254942,-67.500000320375,-4.50000033527612));
#4157=CARTESIAN_POINT('',(3.29999992549419,-67.500000320375,-4.50000033527612));
#4158=CARTESIAN_POINT('Origin',(3.29999992549419,-67.500000320375,-15.0000004917383));
#4159=CARTESIAN_POINT('',(31.2999999254942,-67.500000320372,-14.9999980330436));
#4160=CARTESIAN_POINT('Origin',(31.2999999254942,-61.0500001683816,-9.25000000558794));
#4161=UNCERTAINTY_MEASURE_WITH_UNIT(LENGTH_MEASURE(0.01),#4165,
'DISTANCE_ACCURACY_VALUE',
'Maximum model space distance between geometric entities at asserted c
onnectivities');
#4162=UNCERTAINTY_MEASURE_WITH_UNIT(LENGTH_MEASURE(0.01),#4165,
'DISTANCE_ACCURACY_VALUE',
'Maximum model space distance between geometric entities at asserted c
onnectivities');
#4163=(
GEOMETRIC_REPRESENTATION_CONTEXT(3)
GLOBAL_UNCERTAINTY_ASSIGNED_CONTEXT((#4161))
GLOBAL_UNIT_ASSIGNED_CONTEXT((#4165,#4166,#4167))
REPRESENTATION_CONTEXT('','3D')
);
#4164=(
GEOMETRIC_REPRESENTATION_CONTEXT(3)
GLOBAL_UNCERTAINTY_ASSIGNED_CONTEXT((#4162))
GLOBAL_UNIT_ASSIGNED_CONTEXT((#4165,#4166,#4167))
REPRESENTATION_CONTEXT('','3D')
);
#4165=(
LENGTH_UNIT()
NAMED_UNIT(*)
SI_UNIT(.MILLI.,.METRE.)
);
#4166=(
NAMED_UNIT(*)
PLANE_ANGLE_UNIT()
SI_UNIT($,.RADIAN.)
);
#4167=(
NAMED_UNIT(*)
SI_UNIT($,.STERADIAN.)
SOLID_ANGLE_UNIT()
);
#4168=SHAPE_DEFINITION_REPRESENTATION(#4169,#4170);
#4169=PRODUCT_DEFINITION_SHAPE('',$,#4172);
#4170=SHAPE_REPRESENTATION('',(#2033),#4163);
#4171=PRODUCT_DEFINITION_CONTEXT('part definition',#4176,'design');
#4172=PRODUCT_DEFINITION('DC motor','rear mount v3',#4173,#4171);
#4173=PRODUCT_DEFINITION_FORMATION('',$,#4178);
#4174=PRODUCT_RELATED_PRODUCT_CATEGORY('rear mount v3','rear mount v3',
(#4178));
#4175=APPLICATION_PROTOCOL_DEFINITION('international standard',
'automotive_design',2009,#4176);
#4176=APPLICATION_CONTEXT(
'Core Data for Automotive Mechanical Design Process');
#4177=PRODUCT_CONTEXT('part definition',#4176,'mechanical');
#4178=PRODUCT('DC motor','rear mount v3',$,(#4177));
#4179=PRESENTATION_STYLE_ASSIGNMENT((#4181));
#4180=PRESENTATION_STYLE_ASSIGNMENT((#4182));
#4181=SURFACE_STYLE_USAGE(.BOTH.,#4183);
#4182=SURFACE_STYLE_USAGE(.BOTH.,#4184);
#4183=SURFACE_SIDE_STYLE('',(#4185));
#4184=SURFACE_SIDE_STYLE('',(#4186));
#4185=SURFACE_STYLE_FILL_AREA(#4187);
#4186=SURFACE_STYLE_FILL_AREA(#4188);
#4187=FILL_AREA_STYLE('Steel - Satin',(#4189));
#4188=FILL_AREA_STYLE('Opaque(160,160,160)',(#4190));
#4189=FILL_AREA_STYLE_COLOUR('Steel - Satin',#4191);
#4190=FILL_AREA_STYLE_COLOUR('Opaque(160,160,160)',#4192);
#4191=COLOUR_RGB('Steel - Satin',0.627450980392157,0.627450980392157,0.627450980392157);
#4192=COLOUR_RGB('Opaque(160,160,160)',0.627450980392157,0.627450980392157,
0.627450980392157);
ENDSEC;
END-ISO-10303-21;
