ISO-10303-21;
HEADER;
/* Generated by software containing ST-Developer
 * from STEP Tools, Inc. (www.steptools.com) 
 */

FILE_DESCRIPTION(
/* description */ (''),
/* implementation_level */ '2;1');

FILE_NAME(
/* name */ 'WRO Base V2 Diff Bodies snapper.step',
/* time_stamp */ '2026-08-12T21:37:52+05:30',
/* author */ (''),
/* organization */ (''),
/* preprocessor_version */ 'ST-DEVELOPER v20.1',
/* originating_system */ 'Autodesk Translation Framework v15.8.0.0',
/* authorisation */ '');

FILE_SCHEMA (('AUTOMOTIVE_DESIGN { 1 0 10303 214 3 1 1 }'));
ENDSEC;

DATA;
#10=MECHANICAL_DESIGN_GEOMETRIC_PRESENTATION_REPRESENTATION('',(#13,#14,
#15,#16,#17,#18,#19,#20),#2405);
#11=SHAPE_REPRESENTATION_RELATIONSHIP('SRR','None',#2412,#12);
#12=ADVANCED_BREP_SHAPE_REPRESENTATION('',(#21,#22,#23,#24,#25,#26,#27,
#28),#2404);
#13=STYLED_ITEM('',(#2422),#21);
#14=STYLED_ITEM('',(#2422),#22);
#15=STYLED_ITEM('',(#2422),#23);
#16=STYLED_ITEM('',(#2422),#24);
#17=STYLED_ITEM('',(#2422),#25);
#18=STYLED_ITEM('',(#2422),#26);
#19=STYLED_ITEM('',(#2422),#27);
#20=STYLED_ITEM('',(#2422),#28);
#21=MANIFOLD_SOLID_BREP('Body1',#1446);
#22=MANIFOLD_SOLID_BREP('Body3',#1447);
#23=MANIFOLD_SOLID_BREP('Body4',#1448);
#24=MANIFOLD_SOLID_BREP('Body5',#1449);
#25=MANIFOLD_SOLID_BREP('Body6',#1450);
#26=MANIFOLD_SOLID_BREP('Body7',#1451);
#27=MANIFOLD_SOLID_BREP('Body9',#1452);
#28=MANIFOLD_SOLID_BREP('Body10',#1453);
#29=FACE_BOUND('',#225,.T.);
#30=FACE_BOUND('',#230,.T.);
#31=FACE_BOUND('',#237,.T.);
#32=FACE_BOUND('',#238,.T.);
#33=FACE_BOUND('',#239,.T.);
#34=FACE_BOUND('',#240,.T.);
#35=FACE_BOUND('',#243,.T.);
#36=FACE_BOUND('',#244,.T.);
#37=FACE_BOUND('',#245,.T.);
#38=FACE_BOUND('',#246,.T.);
#39=FACE_BOUND('',#256,.T.);
#40=FACE_BOUND('',#258,.T.);
#41=FACE_BOUND('',#268,.T.);
#42=FACE_BOUND('',#270,.T.);
#43=FACE_BOUND('',#280,.T.);
#44=FACE_BOUND('',#282,.T.);
#45=FACE_BOUND('',#292,.T.);
#46=FACE_BOUND('',#294,.T.);
#47=FACE_BOUND('',#298,.T.);
#48=FACE_BOUND('',#301,.T.);
#49=FACE_BOUND('',#310,.T.);
#50=FACE_BOUND('',#311,.T.);
#51=FACE_BOUND('',#318,.T.);
#52=FACE_BOUND('',#319,.T.);
#53=FACE_BOUND('',#320,.T.);
#54=FACE_BOUND('',#321,.T.);
#55=FACE_BOUND('',#324,.T.);
#56=FACE_BOUND('',#325,.T.);
#57=FACE_BOUND('',#326,.T.);
#58=FACE_BOUND('',#327,.T.);
#59=FACE_BOUND('',#337,.T.);
#60=PLANE('',#1470);
#61=PLANE('',#1474);
#62=PLANE('',#1475);
#63=PLANE('',#1476);
#64=PLANE('',#1477);
#65=PLANE('',#1478);
#66=PLANE('',#1479);
#67=PLANE('',#1480);
#68=PLANE('',#1493);
#69=PLANE('',#1494);
#70=PLANE('',#1495);
#71=PLANE('',#1496);
#72=PLANE('',#1500);
#73=PLANE('',#1504);
#74=PLANE('',#1505);
#75=PLANE('',#1506);
#76=PLANE('',#1507);
#77=PLANE('',#1508);
#78=PLANE('',#1509);
#79=PLANE('',#1510);
#80=PLANE('',#1514);
#81=PLANE('',#1518);
#82=PLANE('',#1519);
#83=PLANE('',#1520);
#84=PLANE('',#1521);
#85=PLANE('',#1522);
#86=PLANE('',#1523);
#87=PLANE('',#1524);
#88=PLANE('',#1528);
#89=PLANE('',#1532);
#90=PLANE('',#1533);
#91=PLANE('',#1534);
#92=PLANE('',#1535);
#93=PLANE('',#1536);
#94=PLANE('',#1537);
#95=PLANE('',#1538);
#96=PLANE('',#1542);
#97=PLANE('',#1546);
#98=PLANE('',#1547);
#99=PLANE('',#1548);
#100=PLANE('',#1549);
#101=PLANE('',#1550);
#102=PLANE('',#1551);
#103=PLANE('',#1552);
#104=PLANE('',#1556);
#105=PLANE('',#1557);
#106=PLANE('',#1558);
#107=PLANE('',#1559);
#108=PLANE('',#1560);
#109=PLANE('',#1561);
#110=PLANE('',#1565);
#111=PLANE('',#1569);
#112=PLANE('',#1570);
#113=PLANE('',#1571);
#114=PLANE('',#1584);
#115=PLANE('',#1585);
#116=PLANE('',#1586);
#117=PLANE('',#1587);
#118=PLANE('',#1588);
#119=PLANE('',#1589);
#120=PLANE('',#1590);
#121=PLANE('',#1591);
#122=PLANE('',#1592);
#123=PLANE('',#1593);
#124=PLANE('',#1594);
#125=PLANE('',#1595);
#126=PLANE('',#1596);
#127=PLANE('',#1597);
#128=PLANE('',#1598);
#129=FACE_OUTER_BOUND('',#219,.T.);
#130=FACE_OUTER_BOUND('',#220,.T.);
#131=FACE_OUTER_BOUND('',#221,.T.);
#132=FACE_OUTER_BOUND('',#222,.T.);
#133=FACE_OUTER_BOUND('',#223,.T.);
#134=FACE_OUTER_BOUND('',#224,.T.);
#135=FACE_OUTER_BOUND('',#226,.T.);
#136=FACE_OUTER_BOUND('',#227,.T.);
#137=FACE_OUTER_BOUND('',#228,.T.);
#138=FACE_OUTER_BOUND('',#229,.T.);
#139=FACE_OUTER_BOUND('',#231,.T.);
#140=FACE_OUTER_BOUND('',#232,.T.);
#141=FACE_OUTER_BOUND('',#233,.T.);
#142=FACE_OUTER_BOUND('',#234,.T.);
#143=FACE_OUTER_BOUND('',#235,.T.);
#144=FACE_OUTER_BOUND('',#236,.T.);
#145=FACE_OUTER_BOUND('',#241,.T.);
#146=FACE_OUTER_BOUND('',#242,.T.);
#147=FACE_OUTER_BOUND('',#247,.T.);
#148=FACE_OUTER_BOUND('',#248,.T.);
#149=FACE_OUTER_BOUND('',#249,.T.);
#150=FACE_OUTER_BOUND('',#250,.T.);
#151=FACE_OUTER_BOUND('',#251,.T.);
#152=FACE_OUTER_BOUND('',#252,.T.);
#153=FACE_OUTER_BOUND('',#253,.T.);
#154=FACE_OUTER_BOUND('',#254,.T.);
#155=FACE_OUTER_BOUND('',#255,.T.);
#156=FACE_OUTER_BOUND('',#257,.T.);
#157=FACE_OUTER_BOUND('',#259,.T.);
#158=FACE_OUTER_BOUND('',#260,.T.);
#159=FACE_OUTER_BOUND('',#261,.T.);
#160=FACE_OUTER_BOUND('',#262,.T.);
#161=FACE_OUTER_BOUND('',#263,.T.);
#162=FACE_OUTER_BOUND('',#264,.T.);
#163=FACE_OUTER_BOUND('',#265,.T.);
#164=FACE_OUTER_BOUND('',#266,.T.);
#165=FACE_OUTER_BOUND('',#267,.T.);
#166=FACE_OUTER_BOUND('',#269,.T.);
#167=FACE_OUTER_BOUND('',#271,.T.);
#168=FACE_OUTER_BOUND('',#272,.T.);
#169=FACE_OUTER_BOUND('',#273,.T.);
#170=FACE_OUTER_BOUND('',#274,.T.);
#171=FACE_OUTER_BOUND('',#275,.T.);
#172=FACE_OUTER_BOUND('',#276,.T.);
#173=FACE_OUTER_BOUND('',#277,.T.);
#174=FACE_OUTER_BOUND('',#278,.T.);
#175=FACE_OUTER_BOUND('',#279,.T.);
#176=FACE_OUTER_BOUND('',#281,.T.);
#177=FACE_OUTER_BOUND('',#283,.T.);
#178=FACE_OUTER_BOUND('',#284,.T.);
#179=FACE_OUTER_BOUND('',#285,.T.);
#180=FACE_OUTER_BOUND('',#286,.T.);
#181=FACE_OUTER_BOUND('',#287,.T.);
#182=FACE_OUTER_BOUND('',#288,.T.);
#183=FACE_OUTER_BOUND('',#289,.T.);
#184=FACE_OUTER_BOUND('',#290,.T.);
#185=FACE_OUTER_BOUND('',#291,.T.);
#186=FACE_OUTER_BOUND('',#293,.T.);
#187=FACE_OUTER_BOUND('',#295,.T.);
#188=FACE_OUTER_BOUND('',#296,.T.);
#189=FACE_OUTER_BOUND('',#297,.T.);
#190=FACE_OUTER_BOUND('',#299,.T.);
#191=FACE_OUTER_BOUND('',#300,.T.);
#192=FACE_OUTER_BOUND('',#302,.T.);
#193=FACE_OUTER_BOUND('',#303,.T.);
#194=FACE_OUTER_BOUND('',#304,.T.);
#195=FACE_OUTER_BOUND('',#305,.T.);
#196=FACE_OUTER_BOUND('',#306,.T.);
#197=FACE_OUTER_BOUND('',#307,.T.);
#198=FACE_OUTER_BOUND('',#308,.T.);
#199=FACE_OUTER_BOUND('',#309,.T.);
#200=FACE_OUTER_BOUND('',#312,.T.);
#201=FACE_OUTER_BOUND('',#313,.T.);
#202=FACE_OUTER_BOUND('',#314,.T.);
#203=FACE_OUTER_BOUND('',#315,.T.);
#204=FACE_OUTER_BOUND('',#316,.T.);
#205=FACE_OUTER_BOUND('',#317,.T.);
#206=FACE_OUTER_BOUND('',#322,.T.);
#207=FACE_OUTER_BOUND('',#323,.T.);
#208=FACE_OUTER_BOUND('',#328,.T.);
#209=FACE_OUTER_BOUND('',#329,.T.);
#210=FACE_OUTER_BOUND('',#330,.T.);
#211=FACE_OUTER_BOUND('',#331,.T.);
#212=FACE_OUTER_BOUND('',#332,.T.);
#213=FACE_OUTER_BOUND('',#333,.T.);
#214=FACE_OUTER_BOUND('',#334,.T.);
#215=FACE_OUTER_BOUND('',#335,.T.);
#216=FACE_OUTER_BOUND('',#336,.T.);
#217=FACE_OUTER_BOUND('',#338,.T.);
#218=FACE_OUTER_BOUND('',#339,.T.);
#219=EDGE_LOOP('',(#969,#970,#971,#972));
#220=EDGE_LOOP('',(#973));
#221=EDGE_LOOP('',(#974,#975,#976,#977));
#222=EDGE_LOOP('',(#978));
#223=EDGE_LOOP('',(#979,#980,#981,#982));
#224=EDGE_LOOP('',(#983,#984,#985,#986));
#225=EDGE_LOOP('',(#987));
#226=EDGE_LOOP('',(#988,#989,#990,#991));
#227=EDGE_LOOP('',(#992,#993,#994,#995));
#228=EDGE_LOOP('',(#996,#997,#998,#999));
#229=EDGE_LOOP('',(#1000,#1001,#1002,#1003));
#230=EDGE_LOOP('',(#1004));
#231=EDGE_LOOP('',(#1005,#1006,#1007,#1008));
#232=EDGE_LOOP('',(#1009,#1010,#1011,#1012));
#233=EDGE_LOOP('',(#1013,#1014,#1015,#1016));
#234=EDGE_LOOP('',(#1017,#1018,#1019,#1020));
#235=EDGE_LOOP('',(#1021,#1022,#1023,#1024));
#236=EDGE_LOOP('',(#1025,#1026,#1027,#1028,#1029,#1030,#1031,#1032));
#237=EDGE_LOOP('',(#1033));
#238=EDGE_LOOP('',(#1034));
#239=EDGE_LOOP('',(#1035));
#240=EDGE_LOOP('',(#1036));
#241=EDGE_LOOP('',(#1037,#1038,#1039,#1040));
#242=EDGE_LOOP('',(#1041,#1042,#1043,#1044,#1045,#1046,#1047,#1048));
#243=EDGE_LOOP('',(#1049));
#244=EDGE_LOOP('',(#1050));
#245=EDGE_LOOP('',(#1051));
#246=EDGE_LOOP('',(#1052));
#247=EDGE_LOOP('',(#1053,#1054,#1055,#1056));
#248=EDGE_LOOP('',(#1057));
#249=EDGE_LOOP('',(#1058,#1059,#1060,#1061));
#250=EDGE_LOOP('',(#1062));
#251=EDGE_LOOP('',(#1063,#1064,#1065,#1066));
#252=EDGE_LOOP('',(#1067,#1068,#1069,#1070));
#253=EDGE_LOOP('',(#1071,#1072,#1073,#1074));
#254=EDGE_LOOP('',(#1075,#1076,#1077,#1078));
#255=EDGE_LOOP('',(#1079,#1080,#1081,#1082));
#256=EDGE_LOOP('',(#1083));
#257=EDGE_LOOP('',(#1084,#1085,#1086,#1087));
#258=EDGE_LOOP('',(#1088));
#259=EDGE_LOOP('',(#1089,#1090,#1091,#1092));
#260=EDGE_LOOP('',(#1093));
#261=EDGE_LOOP('',(#1094,#1095,#1096,#1097));
#262=EDGE_LOOP('',(#1098));
#263=EDGE_LOOP('',(#1099,#1100,#1101,#1102));
#264=EDGE_LOOP('',(#1103,#1104,#1105,#1106));
#265=EDGE_LOOP('',(#1107,#1108,#1109,#1110));
#266=EDGE_LOOP('',(#1111,#1112,#1113,#1114));
#267=EDGE_LOOP('',(#1115,#1116,#1117,#1118));
#268=EDGE_LOOP('',(#1119));
#269=EDGE_LOOP('',(#1120,#1121,#1122,#1123));
#270=EDGE_LOOP('',(#1124));
#271=EDGE_LOOP('',(#1125,#1126,#1127,#1128));
#272=EDGE_LOOP('',(#1129));
#273=EDGE_LOOP('',(#1130,#1131,#1132,#1133));
#274=EDGE_LOOP('',(#1134));
#275=EDGE_LOOP('',(#1135,#1136,#1137,#1138));
#276=EDGE_LOOP('',(#1139,#1140,#1141,#1142));
#277=EDGE_LOOP('',(#1143,#1144,#1145,#1146));
#278=EDGE_LOOP('',(#1147,#1148,#1149,#1150));
#279=EDGE_LOOP('',(#1151,#1152,#1153,#1154));
#280=EDGE_LOOP('',(#1155));
#281=EDGE_LOOP('',(#1156,#1157,#1158,#1159));
#282=EDGE_LOOP('',(#1160));
#283=EDGE_LOOP('',(#1161,#1162,#1163,#1164));
#284=EDGE_LOOP('',(#1165));
#285=EDGE_LOOP('',(#1166,#1167,#1168,#1169));
#286=EDGE_LOOP('',(#1170));
#287=EDGE_LOOP('',(#1171,#1172,#1173,#1174));
#288=EDGE_LOOP('',(#1175,#1176,#1177,#1178));
#289=EDGE_LOOP('',(#1179,#1180,#1181,#1182));
#290=EDGE_LOOP('',(#1183,#1184,#1185,#1186));
#291=EDGE_LOOP('',(#1187,#1188,#1189,#1190));
#292=EDGE_LOOP('',(#1191));
#293=EDGE_LOOP('',(#1192,#1193,#1194,#1195));
#294=EDGE_LOOP('',(#1196));
#295=EDGE_LOOP('',(#1197,#1198,#1199,#1200));
#296=EDGE_LOOP('',(#1201,#1202,#1203,#1204));
#297=EDGE_LOOP('',(#1205,#1206,#1207,#1208));
#298=EDGE_LOOP('',(#1209));
#299=EDGE_LOOP('',(#1210,#1211,#1212,#1213));
#300=EDGE_LOOP('',(#1214,#1215,#1216,#1217));
#301=EDGE_LOOP('',(#1218));
#302=EDGE_LOOP('',(#1219,#1220,#1221,#1222));
#303=EDGE_LOOP('',(#1223,#1224,#1225,#1226));
#304=EDGE_LOOP('',(#1227,#1228,#1229,#1230));
#305=EDGE_LOOP('',(#1231));
#306=EDGE_LOOP('',(#1232,#1233,#1234,#1235));
#307=EDGE_LOOP('',(#1236));
#308=EDGE_LOOP('',(#1237,#1238,#1239,#1240));
#309=EDGE_LOOP('',(#1241,#1242,#1243,#1244));
#310=EDGE_LOOP('',(#1245));
#311=EDGE_LOOP('',(#1246));
#312=EDGE_LOOP('',(#1247,#1248,#1249,#1250));
#313=EDGE_LOOP('',(#1251,#1252,#1253,#1254));
#314=EDGE_LOOP('',(#1255,#1256,#1257,#1258));
#315=EDGE_LOOP('',(#1259,#1260,#1261,#1262));
#316=EDGE_LOOP('',(#1263,#1264,#1265,#1266));
#317=EDGE_LOOP('',(#1267,#1268,#1269,#1270));
#318=EDGE_LOOP('',(#1271));
#319=EDGE_LOOP('',(#1272));
#320=EDGE_LOOP('',(#1273));
#321=EDGE_LOOP('',(#1274));
#322=EDGE_LOOP('',(#1275,#1276,#1277,#1278));
#323=EDGE_LOOP('',(#1279,#1280,#1281,#1282));
#324=EDGE_LOOP('',(#1283));
#325=EDGE_LOOP('',(#1284));
#326=EDGE_LOOP('',(#1285));
#327=EDGE_LOOP('',(#1286));
#328=EDGE_LOOP('',(#1287,#1288,#1289,#1290));
#329=EDGE_LOOP('',(#1291,#1292,#1293,#1294));
#330=EDGE_LOOP('',(#1295,#1296,#1297,#1298));
#331=EDGE_LOOP('',(#1299,#1300,#1301,#1302));
#332=EDGE_LOOP('',(#1303,#1304,#1305,#1306));
#333=EDGE_LOOP('',(#1307,#1308,#1309,#1310));
#334=EDGE_LOOP('',(#1311,#1312,#1313,#1314));
#335=EDGE_LOOP('',(#1315,#1316,#1317,#1318));
#336=EDGE_LOOP('',(#1319,#1320,#1321,#1322));
#337=EDGE_LOOP('',(#1323,#1324,#1325,#1326));
#338=EDGE_LOOP('',(#1327,#1328,#1329,#1330));
#339=EDGE_LOOP('',(#1331,#1332,#1333,#1334));
#340=LINE('',#2011,#481);
#341=LINE('',#2018,#482);
#342=LINE('',#2024,#483);
#343=LINE('',#2026,#484);
#344=LINE('',#2028,#485);
#345=LINE('',#2029,#486);
#346=LINE('',#2033,#487);
#347=LINE('',#2035,#488);
#348=LINE('',#2037,#489);
#349=LINE('',#2038,#490);
#350=LINE('',#2041,#491);
#351=LINE('',#2043,#492);
#352=LINE('',#2044,#493);
#353=LINE('',#2047,#494);
#354=LINE('',#2049,#495);
#355=LINE('',#2050,#496);
#356=LINE('',#2053,#497);
#357=LINE('',#2055,#498);
#358=LINE('',#2056,#499);
#359=LINE('',#2059,#500);
#360=LINE('',#2061,#501);
#361=LINE('',#2062,#502);
#362=LINE('',#2067,#503);
#363=LINE('',#2073,#504);
#364=LINE('',#2079,#505);
#365=LINE('',#2085,#506);
#366=LINE('',#2088,#507);
#367=LINE('',#2089,#508);
#368=LINE('',#2091,#509);
#369=LINE('',#2093,#510);
#370=LINE('',#2099,#511);
#371=LINE('',#2106,#512);
#372=LINE('',#2112,#513);
#373=LINE('',#2114,#514);
#374=LINE('',#2116,#515);
#375=LINE('',#2117,#516);
#376=LINE('',#2120,#517);
#377=LINE('',#2122,#518);
#378=LINE('',#2123,#519);
#379=LINE('',#2126,#520);
#380=LINE('',#2128,#521);
#381=LINE('',#2129,#522);
#382=LINE('',#2131,#523);
#383=LINE('',#2132,#524);
#384=LINE('',#2139,#525);
#385=LINE('',#2146,#526);
#386=LINE('',#2152,#527);
#387=LINE('',#2154,#528);
#388=LINE('',#2156,#529);
#389=LINE('',#2157,#530);
#390=LINE('',#2160,#531);
#391=LINE('',#2162,#532);
#392=LINE('',#2163,#533);
#393=LINE('',#2166,#534);
#394=LINE('',#2168,#535);
#395=LINE('',#2169,#536);
#396=LINE('',#2171,#537);
#397=LINE('',#2172,#538);
#398=LINE('',#2179,#539);
#399=LINE('',#2186,#540);
#400=LINE('',#2192,#541);
#401=LINE('',#2194,#542);
#402=LINE('',#2196,#543);
#403=LINE('',#2197,#544);
#404=LINE('',#2200,#545);
#405=LINE('',#2202,#546);
#406=LINE('',#2203,#547);
#407=LINE('',#2206,#548);
#408=LINE('',#2208,#549);
#409=LINE('',#2209,#550);
#410=LINE('',#2211,#551);
#411=LINE('',#2212,#552);
#412=LINE('',#2219,#553);
#413=LINE('',#2226,#554);
#414=LINE('',#2232,#555);
#415=LINE('',#2234,#556);
#416=LINE('',#2236,#557);
#417=LINE('',#2237,#558);
#418=LINE('',#2240,#559);
#419=LINE('',#2242,#560);
#420=LINE('',#2243,#561);
#421=LINE('',#2246,#562);
#422=LINE('',#2248,#563);
#423=LINE('',#2249,#564);
#424=LINE('',#2251,#565);
#425=LINE('',#2252,#566);
#426=LINE('',#2259,#567);
#427=LINE('',#2264,#568);
#428=LINE('',#2266,#569);
#429=LINE('',#2268,#570);
#430=LINE('',#2269,#571);
#431=LINE('',#2272,#572);
#432=LINE('',#2274,#573);
#433=LINE('',#2275,#574);
#434=LINE('',#2278,#575);
#435=LINE('',#2280,#576);
#436=LINE('',#2281,#577);
#437=LINE('',#2283,#578);
#438=LINE('',#2284,#579);
#439=LINE('',#2291,#580);
#440=LINE('',#2298,#581);
#441=LINE('',#2304,#582);
#442=LINE('',#2306,#583);
#443=LINE('',#2308,#584);
#444=LINE('',#2309,#585);
#445=LINE('',#2313,#586);
#446=LINE('',#2315,#587);
#447=LINE('',#2317,#588);
#448=LINE('',#2318,#589);
#449=LINE('',#2323,#590);
#450=LINE('',#2329,#591);
#451=LINE('',#2335,#592);
#452=LINE('',#2341,#593);
#453=LINE('',#2344,#594);
#454=LINE('',#2345,#595);
#455=LINE('',#2347,#596);
#456=LINE('',#2349,#597);
#457=LINE('',#2354,#598);
#458=LINE('',#2356,#599);
#459=LINE('',#2358,#600);
#460=LINE('',#2359,#601);
#461=LINE('',#2362,#602);
#462=LINE('',#2364,#603);
#463=LINE('',#2365,#604);
#464=LINE('',#2368,#605);
#465=LINE('',#2370,#606);
#466=LINE('',#2371,#607);
#467=LINE('',#2373,#608);
#468=LINE('',#2374,#609);
#469=LINE('',#2379,#610);
#470=LINE('',#2381,#611);
#471=LINE('',#2383,#612);
#472=LINE('',#2384,#613);
#473=LINE('',#2387,#614);
#474=LINE('',#2389,#615);
#475=LINE('',#2390,#616);
#476=LINE('',#2393,#617);
#477=LINE('',#2395,#618);
#478=LINE('',#2396,#619);
#479=LINE('',#2398,#620);
#480=LINE('',#2399,#621);
#481=VECTOR('',#1605,2.835);
#482=VECTOR('',#1614,2.835);
#483=VECTOR('',#1621,10.);
#484=VECTOR('',#1622,10.);
#485=VECTOR('',#1623,10.);
#486=VECTOR('',#1624,10.);
#487=VECTOR('',#1627,10.);
#488=VECTOR('',#1628,10.);
#489=VECTOR('',#1629,10.);
#490=VECTOR('',#1630,10.);
#491=VECTOR('',#1633,10.);
#492=VECTOR('',#1634,10.);
#493=VECTOR('',#1635,10.);
#494=VECTOR('',#1638,10.);
#495=VECTOR('',#1639,10.);
#496=VECTOR('',#1640,10.);
#497=VECTOR('',#1643,10.);
#498=VECTOR('',#1644,10.);
#499=VECTOR('',#1645,10.);
#500=VECTOR('',#1648,10.);
#501=VECTOR('',#1649,10.);
#502=VECTOR('',#1650,10.);
#503=VECTOR('',#1655,1.45);
#504=VECTOR('',#1662,1.45);
#505=VECTOR('',#1669,1.45);
#506=VECTOR('',#1676,1.45);
#507=VECTOR('',#1681,10.);
#508=VECTOR('',#1682,10.);
#509=VECTOR('',#1685,10.);
#510=VECTOR('',#1688,10.);
#511=VECTOR('',#1695,1.45);
#512=VECTOR('',#1704,1.45);
#513=VECTOR('',#1711,10.);
#514=VECTOR('',#1712,10.);
#515=VECTOR('',#1713,10.);
#516=VECTOR('',#1714,10.);
#517=VECTOR('',#1717,10.);
#518=VECTOR('',#1718,10.);
#519=VECTOR('',#1719,10.);
#520=VECTOR('',#1722,10.);
#521=VECTOR('',#1723,10.);
#522=VECTOR('',#1724,10.);
#523=VECTOR('',#1727,10.);
#524=VECTOR('',#1728,10.);
#525=VECTOR('',#1737,1.45);
#526=VECTOR('',#1746,1.45);
#527=VECTOR('',#1753,10.);
#528=VECTOR('',#1754,10.);
#529=VECTOR('',#1755,10.);
#530=VECTOR('',#1756,10.);
#531=VECTOR('',#1759,10.);
#532=VECTOR('',#1760,10.);
#533=VECTOR('',#1761,10.);
#534=VECTOR('',#1764,10.);
#535=VECTOR('',#1765,10.);
#536=VECTOR('',#1766,10.);
#537=VECTOR('',#1769,10.);
#538=VECTOR('',#1770,10.);
#539=VECTOR('',#1779,1.45);
#540=VECTOR('',#1788,1.45);
#541=VECTOR('',#1795,10.);
#542=VECTOR('',#1796,10.);
#543=VECTOR('',#1797,10.);
#544=VECTOR('',#1798,10.);
#545=VECTOR('',#1801,10.);
#546=VECTOR('',#1802,10.);
#547=VECTOR('',#1803,10.);
#548=VECTOR('',#1806,10.);
#549=VECTOR('',#1807,10.);
#550=VECTOR('',#1808,10.);
#551=VECTOR('',#1811,10.);
#552=VECTOR('',#1812,10.);
#553=VECTOR('',#1821,1.45000000000001);
#554=VECTOR('',#1830,1.45);
#555=VECTOR('',#1837,10.);
#556=VECTOR('',#1838,10.);
#557=VECTOR('',#1839,10.);
#558=VECTOR('',#1840,10.);
#559=VECTOR('',#1843,10.);
#560=VECTOR('',#1844,10.);
#561=VECTOR('',#1845,10.);
#562=VECTOR('',#1848,10.);
#563=VECTOR('',#1849,10.);
#564=VECTOR('',#1850,10.);
#565=VECTOR('',#1853,10.);
#566=VECTOR('',#1854,10.);
#567=VECTOR('',#1863,1.5);
#568=VECTOR('',#1868,10.);
#569=VECTOR('',#1869,10.);
#570=VECTOR('',#1870,10.);
#571=VECTOR('',#1871,10.);
#572=VECTOR('',#1874,10.);
#573=VECTOR('',#1875,10.);
#574=VECTOR('',#1876,10.);
#575=VECTOR('',#1879,10.);
#576=VECTOR('',#1880,10.);
#577=VECTOR('',#1881,10.);
#578=VECTOR('',#1884,10.);
#579=VECTOR('',#1885,10.);
#580=VECTOR('',#1894,2.835);
#581=VECTOR('',#1903,2.835);
#582=VECTOR('',#1910,10.);
#583=VECTOR('',#1911,10.);
#584=VECTOR('',#1912,10.);
#585=VECTOR('',#1913,10.);
#586=VECTOR('',#1916,10.);
#587=VECTOR('',#1917,10.);
#588=VECTOR('',#1918,10.);
#589=VECTOR('',#1919,10.);
#590=VECTOR('',#1924,1.45);
#591=VECTOR('',#1931,1.45);
#592=VECTOR('',#1938,1.45);
#593=VECTOR('',#1945,1.45000000000001);
#594=VECTOR('',#1950,10.);
#595=VECTOR('',#1951,10.);
#596=VECTOR('',#1954,10.);
#597=VECTOR('',#1957,10.);
#598=VECTOR('',#1962,10.);
#599=VECTOR('',#1963,10.);
#600=VECTOR('',#1964,10.);
#601=VECTOR('',#1965,10.);
#602=VECTOR('',#1968,10.);
#603=VECTOR('',#1969,10.);
#604=VECTOR('',#1970,10.);
#605=VECTOR('',#1973,10.);
#606=VECTOR('',#1974,10.);
#607=VECTOR('',#1975,10.);
#608=VECTOR('',#1978,10.);
#609=VECTOR('',#1979,10.);
#610=VECTOR('',#1984,10.);
#611=VECTOR('',#1985,10.);
#612=VECTOR('',#1986,10.);
#613=VECTOR('',#1987,10.);
#614=VECTOR('',#1990,10.);
#615=VECTOR('',#1991,10.);
#616=VECTOR('',#1992,10.);
#617=VECTOR('',#1995,10.);
#618=VECTOR('',#1996,10.);
#619=VECTOR('',#1997,10.);
#620=VECTOR('',#2000,10.);
#621=VECTOR('',#2001,10.);
#622=CIRCLE('',#1468,2.835);
#623=CIRCLE('',#1469,2.835);
#624=CIRCLE('',#1472,2.835);
#625=CIRCLE('',#1473,2.835);
#626=CIRCLE('',#1482,1.45);
#627=CIRCLE('',#1483,1.45);
#628=CIRCLE('',#1485,1.45);
#629=CIRCLE('',#1486,1.45);
#630=CIRCLE('',#1488,1.45);
#631=CIRCLE('',#1489,1.45);
#632=CIRCLE('',#1491,1.45);
#633=CIRCLE('',#1492,1.45);
#634=CIRCLE('',#1498,1.45);
#635=CIRCLE('',#1499,1.45);
#636=CIRCLE('',#1502,1.45);
#637=CIRCLE('',#1503,1.45);
#638=CIRCLE('',#1512,1.45);
#639=CIRCLE('',#1513,1.45);
#640=CIRCLE('',#1516,1.45);
#641=CIRCLE('',#1517,1.45);
#642=CIRCLE('',#1526,1.45);
#643=CIRCLE('',#1527,1.45);
#644=CIRCLE('',#1530,1.45);
#645=CIRCLE('',#1531,1.45);
#646=CIRCLE('',#1540,1.45000000000001);
#647=CIRCLE('',#1541,1.45000000000001);
#648=CIRCLE('',#1544,1.45);
#649=CIRCLE('',#1545,1.45);
#650=CIRCLE('',#1554,1.5);
#651=CIRCLE('',#1555,1.5);
#652=CIRCLE('',#1563,2.835);
#653=CIRCLE('',#1564,2.835);
#654=CIRCLE('',#1567,2.835);
#655=CIRCLE('',#1568,2.835);
#656=CIRCLE('',#1573,1.45);
#657=CIRCLE('',#1574,1.45);
#658=CIRCLE('',#1576,1.45);
#659=CIRCLE('',#1577,1.45);
#660=CIRCLE('',#1579,1.45);
#661=CIRCLE('',#1580,1.45);
#662=CIRCLE('',#1582,1.45000000000001);
#663=CIRCLE('',#1583,1.45000000000001);
#664=VERTEX_POINT('',#2008);
#665=VERTEX_POINT('',#2010);
#666=VERTEX_POINT('',#2015);
#667=VERTEX_POINT('',#2017);
#668=VERTEX_POINT('',#2022);
#669=VERTEX_POINT('',#2023);
#670=VERTEX_POINT('',#2025);
#671=VERTEX_POINT('',#2027);
#672=VERTEX_POINT('',#2031);
#673=VERTEX_POINT('',#2032);
#674=VERTEX_POINT('',#2034);
#675=VERTEX_POINT('',#2036);
#676=VERTEX_POINT('',#2040);
#677=VERTEX_POINT('',#2042);
#678=VERTEX_POINT('',#2046);
#679=VERTEX_POINT('',#2048);
#680=VERTEX_POINT('',#2052);
#681=VERTEX_POINT('',#2054);
#682=VERTEX_POINT('',#2058);
#683=VERTEX_POINT('',#2060);
#684=VERTEX_POINT('',#2064);
#685=VERTEX_POINT('',#2066);
#686=VERTEX_POINT('',#2070);
#687=VERTEX_POINT('',#2072);
#688=VERTEX_POINT('',#2076);
#689=VERTEX_POINT('',#2078);
#690=VERTEX_POINT('',#2082);
#691=VERTEX_POINT('',#2084);
#692=VERTEX_POINT('',#2096);
#693=VERTEX_POINT('',#2098);
#694=VERTEX_POINT('',#2103);
#695=VERTEX_POINT('',#2105);
#696=VERTEX_POINT('',#2110);
#697=VERTEX_POINT('',#2111);
#698=VERTEX_POINT('',#2113);
#699=VERTEX_POINT('',#2115);
#700=VERTEX_POINT('',#2119);
#701=VERTEX_POINT('',#2121);
#702=VERTEX_POINT('',#2125);
#703=VERTEX_POINT('',#2127);
#704=VERTEX_POINT('',#2136);
#705=VERTEX_POINT('',#2138);
#706=VERTEX_POINT('',#2143);
#707=VERTEX_POINT('',#2145);
#708=VERTEX_POINT('',#2150);
#709=VERTEX_POINT('',#2151);
#710=VERTEX_POINT('',#2153);
#711=VERTEX_POINT('',#2155);
#712=VERTEX_POINT('',#2159);
#713=VERTEX_POINT('',#2161);
#714=VERTEX_POINT('',#2165);
#715=VERTEX_POINT('',#2167);
#716=VERTEX_POINT('',#2176);
#717=VERTEX_POINT('',#2178);
#718=VERTEX_POINT('',#2183);
#719=VERTEX_POINT('',#2185);
#720=VERTEX_POINT('',#2190);
#721=VERTEX_POINT('',#2191);
#722=VERTEX_POINT('',#2193);
#723=VERTEX_POINT('',#2195);
#724=VERTEX_POINT('',#2199);
#725=VERTEX_POINT('',#2201);
#726=VERTEX_POINT('',#2205);
#727=VERTEX_POINT('',#2207);
#728=VERTEX_POINT('',#2216);
#729=VERTEX_POINT('',#2218);
#730=VERTEX_POINT('',#2223);
#731=VERTEX_POINT('',#2225);
#732=VERTEX_POINT('',#2230);
#733=VERTEX_POINT('',#2231);
#734=VERTEX_POINT('',#2233);
#735=VERTEX_POINT('',#2235);
#736=VERTEX_POINT('',#2239);
#737=VERTEX_POINT('',#2241);
#738=VERTEX_POINT('',#2245);
#739=VERTEX_POINT('',#2247);
#740=VERTEX_POINT('',#2256);
#741=VERTEX_POINT('',#2258);
#742=VERTEX_POINT('',#2262);
#743=VERTEX_POINT('',#2263);
#744=VERTEX_POINT('',#2265);
#745=VERTEX_POINT('',#2267);
#746=VERTEX_POINT('',#2271);
#747=VERTEX_POINT('',#2273);
#748=VERTEX_POINT('',#2277);
#749=VERTEX_POINT('',#2279);
#750=VERTEX_POINT('',#2288);
#751=VERTEX_POINT('',#2290);
#752=VERTEX_POINT('',#2295);
#753=VERTEX_POINT('',#2297);
#754=VERTEX_POINT('',#2302);
#755=VERTEX_POINT('',#2303);
#756=VERTEX_POINT('',#2305);
#757=VERTEX_POINT('',#2307);
#758=VERTEX_POINT('',#2311);
#759=VERTEX_POINT('',#2312);
#760=VERTEX_POINT('',#2314);
#761=VERTEX_POINT('',#2316);
#762=VERTEX_POINT('',#2320);
#763=VERTEX_POINT('',#2322);
#764=VERTEX_POINT('',#2326);
#765=VERTEX_POINT('',#2328);
#766=VERTEX_POINT('',#2332);
#767=VERTEX_POINT('',#2334);
#768=VERTEX_POINT('',#2338);
#769=VERTEX_POINT('',#2340);
#770=VERTEX_POINT('',#2352);
#771=VERTEX_POINT('',#2353);
#772=VERTEX_POINT('',#2355);
#773=VERTEX_POINT('',#2357);
#774=VERTEX_POINT('',#2361);
#775=VERTEX_POINT('',#2363);
#776=VERTEX_POINT('',#2367);
#777=VERTEX_POINT('',#2369);
#778=VERTEX_POINT('',#2377);
#779=VERTEX_POINT('',#2378);
#780=VERTEX_POINT('',#2380);
#781=VERTEX_POINT('',#2382);
#782=VERTEX_POINT('',#2386);
#783=VERTEX_POINT('',#2388);
#784=VERTEX_POINT('',#2392);
#785=VERTEX_POINT('',#2394);
#786=EDGE_CURVE('',#664,#664,#622,.T.);
#787=EDGE_CURVE('',#664,#665,#340,.T.);
#788=EDGE_CURVE('',#665,#665,#623,.T.);
#789=EDGE_CURVE('',#666,#666,#624,.T.);
#790=EDGE_CURVE('',#666,#667,#341,.T.);
#791=EDGE_CURVE('',#667,#667,#625,.T.);
#792=EDGE_CURVE('',#668,#669,#342,.T.);
#793=EDGE_CURVE('',#669,#670,#343,.T.);
#794=EDGE_CURVE('',#671,#670,#344,.T.);
#795=EDGE_CURVE('',#668,#671,#345,.T.);
#796=EDGE_CURVE('',#672,#673,#346,.T.);
#797=EDGE_CURVE('',#672,#674,#347,.T.);
#798=EDGE_CURVE('',#675,#674,#348,.T.);
#799=EDGE_CURVE('',#673,#675,#349,.T.);
#800=EDGE_CURVE('',#676,#672,#350,.T.);
#801=EDGE_CURVE('',#676,#677,#351,.T.);
#802=EDGE_CURVE('',#674,#677,#352,.T.);
#803=EDGE_CURVE('',#678,#676,#353,.T.);
#804=EDGE_CURVE('',#678,#679,#354,.T.);
#805=EDGE_CURVE('',#677,#679,#355,.T.);
#806=EDGE_CURVE('',#680,#678,#356,.T.);
#807=EDGE_CURVE('',#680,#681,#357,.T.);
#808=EDGE_CURVE('',#679,#681,#358,.T.);
#809=EDGE_CURVE('',#682,#680,#359,.T.);
#810=EDGE_CURVE('',#682,#683,#360,.T.);
#811=EDGE_CURVE('',#681,#683,#361,.T.);
#812=EDGE_CURVE('',#684,#684,#626,.T.);
#813=EDGE_CURVE('',#684,#685,#362,.T.);
#814=EDGE_CURVE('',#685,#685,#627,.T.);
#815=EDGE_CURVE('',#686,#686,#628,.T.);
#816=EDGE_CURVE('',#686,#687,#363,.T.);
#817=EDGE_CURVE('',#687,#687,#629,.T.);
#818=EDGE_CURVE('',#688,#688,#630,.T.);
#819=EDGE_CURVE('',#688,#689,#364,.T.);
#820=EDGE_CURVE('',#689,#689,#631,.T.);
#821=EDGE_CURVE('',#690,#690,#632,.T.);
#822=EDGE_CURVE('',#690,#691,#365,.T.);
#823=EDGE_CURVE('',#691,#691,#633,.T.);
#824=EDGE_CURVE('',#682,#668,#366,.T.);
#825=EDGE_CURVE('',#683,#671,#367,.T.);
#826=EDGE_CURVE('',#670,#675,#368,.T.);
#827=EDGE_CURVE('',#669,#673,#369,.T.);
#828=EDGE_CURVE('',#692,#692,#634,.T.);
#829=EDGE_CURVE('',#692,#693,#370,.T.);
#830=EDGE_CURVE('',#693,#693,#635,.T.);
#831=EDGE_CURVE('',#694,#694,#636,.T.);
#832=EDGE_CURVE('',#694,#695,#371,.T.);
#833=EDGE_CURVE('',#695,#695,#637,.T.);
#834=EDGE_CURVE('',#696,#697,#372,.T.);
#835=EDGE_CURVE('',#696,#698,#373,.T.);
#836=EDGE_CURVE('',#699,#698,#374,.T.);
#837=EDGE_CURVE('',#697,#699,#375,.T.);
#838=EDGE_CURVE('',#697,#700,#376,.T.);
#839=EDGE_CURVE('',#701,#699,#377,.T.);
#840=EDGE_CURVE('',#700,#701,#378,.T.);
#841=EDGE_CURVE('',#700,#702,#379,.T.);
#842=EDGE_CURVE('',#703,#701,#380,.T.);
#843=EDGE_CURVE('',#702,#703,#381,.T.);
#844=EDGE_CURVE('',#702,#696,#382,.T.);
#845=EDGE_CURVE('',#698,#703,#383,.T.);
#846=EDGE_CURVE('',#704,#704,#638,.T.);
#847=EDGE_CURVE('',#704,#705,#384,.T.);
#848=EDGE_CURVE('',#705,#705,#639,.T.);
#849=EDGE_CURVE('',#706,#706,#640,.T.);
#850=EDGE_CURVE('',#706,#707,#385,.T.);
#851=EDGE_CURVE('',#707,#707,#641,.T.);
#852=EDGE_CURVE('',#708,#709,#386,.T.);
#853=EDGE_CURVE('',#709,#710,#387,.T.);
#854=EDGE_CURVE('',#711,#710,#388,.T.);
#855=EDGE_CURVE('',#708,#711,#389,.T.);
#856=EDGE_CURVE('',#712,#708,#390,.T.);
#857=EDGE_CURVE('',#713,#711,#391,.T.);
#858=EDGE_CURVE('',#712,#713,#392,.T.);
#859=EDGE_CURVE('',#714,#712,#393,.T.);
#860=EDGE_CURVE('',#715,#713,#394,.T.);
#861=EDGE_CURVE('',#714,#715,#395,.T.);
#862=EDGE_CURVE('',#709,#714,#396,.T.);
#863=EDGE_CURVE('',#710,#715,#397,.T.);
#864=EDGE_CURVE('',#716,#716,#642,.T.);
#865=EDGE_CURVE('',#716,#717,#398,.T.);
#866=EDGE_CURVE('',#717,#717,#643,.T.);
#867=EDGE_CURVE('',#718,#718,#644,.T.);
#868=EDGE_CURVE('',#718,#719,#399,.T.);
#869=EDGE_CURVE('',#719,#719,#645,.T.);
#870=EDGE_CURVE('',#720,#721,#400,.T.);
#871=EDGE_CURVE('',#721,#722,#401,.T.);
#872=EDGE_CURVE('',#723,#722,#402,.T.);
#873=EDGE_CURVE('',#720,#723,#403,.T.);
#874=EDGE_CURVE('',#724,#720,#404,.T.);
#875=EDGE_CURVE('',#725,#723,#405,.T.);
#876=EDGE_CURVE('',#724,#725,#406,.T.);
#877=EDGE_CURVE('',#726,#724,#407,.T.);
#878=EDGE_CURVE('',#727,#725,#408,.T.);
#879=EDGE_CURVE('',#726,#727,#409,.T.);
#880=EDGE_CURVE('',#721,#726,#410,.T.);
#881=EDGE_CURVE('',#722,#727,#411,.T.);
#882=EDGE_CURVE('',#728,#728,#646,.T.);
#883=EDGE_CURVE('',#728,#729,#412,.T.);
#884=EDGE_CURVE('',#729,#729,#647,.T.);
#885=EDGE_CURVE('',#730,#730,#648,.T.);
#886=EDGE_CURVE('',#730,#731,#413,.T.);
#887=EDGE_CURVE('',#731,#731,#649,.T.);
#888=EDGE_CURVE('',#732,#733,#414,.T.);
#889=EDGE_CURVE('',#732,#734,#415,.T.);
#890=EDGE_CURVE('',#735,#734,#416,.T.);
#891=EDGE_CURVE('',#733,#735,#417,.T.);
#892=EDGE_CURVE('',#733,#736,#418,.T.);
#893=EDGE_CURVE('',#737,#735,#419,.T.);
#894=EDGE_CURVE('',#736,#737,#420,.T.);
#895=EDGE_CURVE('',#736,#738,#421,.T.);
#896=EDGE_CURVE('',#739,#737,#422,.T.);
#897=EDGE_CURVE('',#738,#739,#423,.T.);
#898=EDGE_CURVE('',#738,#732,#424,.T.);
#899=EDGE_CURVE('',#734,#739,#425,.T.);
#900=EDGE_CURVE('',#740,#740,#650,.T.);
#901=EDGE_CURVE('',#740,#741,#426,.T.);
#902=EDGE_CURVE('',#741,#741,#651,.T.);
#903=EDGE_CURVE('',#742,#743,#427,.T.);
#904=EDGE_CURVE('',#743,#744,#428,.T.);
#905=EDGE_CURVE('',#745,#744,#429,.T.);
#906=EDGE_CURVE('',#742,#745,#430,.T.);
#907=EDGE_CURVE('',#746,#742,#431,.T.);
#908=EDGE_CURVE('',#747,#745,#432,.T.);
#909=EDGE_CURVE('',#746,#747,#433,.T.);
#910=EDGE_CURVE('',#748,#746,#434,.T.);
#911=EDGE_CURVE('',#749,#747,#435,.T.);
#912=EDGE_CURVE('',#748,#749,#436,.T.);
#913=EDGE_CURVE('',#743,#748,#437,.T.);
#914=EDGE_CURVE('',#744,#749,#438,.T.);
#915=EDGE_CURVE('',#750,#750,#652,.T.);
#916=EDGE_CURVE('',#750,#751,#439,.T.);
#917=EDGE_CURVE('',#751,#751,#653,.T.);
#918=EDGE_CURVE('',#752,#752,#654,.T.);
#919=EDGE_CURVE('',#752,#753,#440,.T.);
#920=EDGE_CURVE('',#753,#753,#655,.T.);
#921=EDGE_CURVE('',#754,#755,#441,.T.);
#922=EDGE_CURVE('',#754,#756,#442,.T.);
#923=EDGE_CURVE('',#757,#756,#443,.T.);
#924=EDGE_CURVE('',#755,#757,#444,.T.);
#925=EDGE_CURVE('',#758,#759,#445,.T.);
#926=EDGE_CURVE('',#758,#760,#446,.T.);
#927=EDGE_CURVE('',#761,#760,#447,.T.);
#928=EDGE_CURVE('',#759,#761,#448,.T.);
#929=EDGE_CURVE('',#762,#762,#656,.T.);
#930=EDGE_CURVE('',#762,#763,#449,.T.);
#931=EDGE_CURVE('',#763,#763,#657,.T.);
#932=EDGE_CURVE('',#764,#764,#658,.T.);
#933=EDGE_CURVE('',#764,#765,#450,.T.);
#934=EDGE_CURVE('',#765,#765,#659,.T.);
#935=EDGE_CURVE('',#766,#766,#660,.T.);
#936=EDGE_CURVE('',#766,#767,#451,.T.);
#937=EDGE_CURVE('',#767,#767,#661,.T.);
#938=EDGE_CURVE('',#768,#768,#662,.T.);
#939=EDGE_CURVE('',#768,#769,#452,.T.);
#940=EDGE_CURVE('',#769,#769,#663,.T.);
#941=EDGE_CURVE('',#755,#758,#453,.T.);
#942=EDGE_CURVE('',#760,#757,#454,.T.);
#943=EDGE_CURVE('',#756,#761,#455,.T.);
#944=EDGE_CURVE('',#759,#754,#456,.T.);
#945=EDGE_CURVE('',#770,#771,#457,.T.);
#946=EDGE_CURVE('',#770,#772,#458,.T.);
#947=EDGE_CURVE('',#772,#773,#459,.T.);
#948=EDGE_CURVE('',#771,#773,#460,.T.);
#949=EDGE_CURVE('',#771,#774,#461,.T.);
#950=EDGE_CURVE('',#773,#775,#462,.T.);
#951=EDGE_CURVE('',#774,#775,#463,.T.);
#952=EDGE_CURVE('',#774,#776,#464,.T.);
#953=EDGE_CURVE('',#775,#777,#465,.T.);
#954=EDGE_CURVE('',#776,#777,#466,.T.);
#955=EDGE_CURVE('',#776,#770,#467,.T.);
#956=EDGE_CURVE('',#777,#772,#468,.T.);
#957=EDGE_CURVE('',#778,#779,#469,.T.);
#958=EDGE_CURVE('',#779,#780,#470,.T.);
#959=EDGE_CURVE('',#781,#780,#471,.T.);
#960=EDGE_CURVE('',#778,#781,#472,.T.);
#961=EDGE_CURVE('',#782,#778,#473,.T.);
#962=EDGE_CURVE('',#783,#781,#474,.T.);
#963=EDGE_CURVE('',#782,#783,#475,.T.);
#964=EDGE_CURVE('',#784,#782,#476,.T.);
#965=EDGE_CURVE('',#785,#783,#477,.T.);
#966=EDGE_CURVE('',#784,#785,#478,.T.);
#967=EDGE_CURVE('',#779,#784,#479,.T.);
#968=EDGE_CURVE('',#780,#785,#480,.T.);
#969=ORIENTED_EDGE('',*,*,#786,.F.);
#970=ORIENTED_EDGE('',*,*,#787,.T.);
#971=ORIENTED_EDGE('',*,*,#788,.T.);
#972=ORIENTED_EDGE('',*,*,#787,.F.);
#973=ORIENTED_EDGE('',*,*,#788,.F.);
#974=ORIENTED_EDGE('',*,*,#789,.F.);
#975=ORIENTED_EDGE('',*,*,#790,.T.);
#976=ORIENTED_EDGE('',*,*,#791,.T.);
#977=ORIENTED_EDGE('',*,*,#790,.F.);
#978=ORIENTED_EDGE('',*,*,#791,.F.);
#979=ORIENTED_EDGE('',*,*,#792,.T.);
#980=ORIENTED_EDGE('',*,*,#793,.T.);
#981=ORIENTED_EDGE('',*,*,#794,.F.);
#982=ORIENTED_EDGE('',*,*,#795,.F.);
#983=ORIENTED_EDGE('',*,*,#796,.F.);
#984=ORIENTED_EDGE('',*,*,#797,.T.);
#985=ORIENTED_EDGE('',*,*,#798,.F.);
#986=ORIENTED_EDGE('',*,*,#799,.F.);
#987=ORIENTED_EDGE('',*,*,#786,.T.);
#988=ORIENTED_EDGE('',*,*,#800,.F.);
#989=ORIENTED_EDGE('',*,*,#801,.T.);
#990=ORIENTED_EDGE('',*,*,#802,.F.);
#991=ORIENTED_EDGE('',*,*,#797,.F.);
#992=ORIENTED_EDGE('',*,*,#803,.F.);
#993=ORIENTED_EDGE('',*,*,#804,.T.);
#994=ORIENTED_EDGE('',*,*,#805,.F.);
#995=ORIENTED_EDGE('',*,*,#801,.F.);
#996=ORIENTED_EDGE('',*,*,#806,.F.);
#997=ORIENTED_EDGE('',*,*,#807,.T.);
#998=ORIENTED_EDGE('',*,*,#808,.F.);
#999=ORIENTED_EDGE('',*,*,#804,.F.);
#1000=ORIENTED_EDGE('',*,*,#809,.F.);
#1001=ORIENTED_EDGE('',*,*,#810,.T.);
#1002=ORIENTED_EDGE('',*,*,#811,.F.);
#1003=ORIENTED_EDGE('',*,*,#807,.F.);
#1004=ORIENTED_EDGE('',*,*,#789,.T.);
#1005=ORIENTED_EDGE('',*,*,#812,.F.);
#1006=ORIENTED_EDGE('',*,*,#813,.T.);
#1007=ORIENTED_EDGE('',*,*,#814,.F.);
#1008=ORIENTED_EDGE('',*,*,#813,.F.);
#1009=ORIENTED_EDGE('',*,*,#815,.F.);
#1010=ORIENTED_EDGE('',*,*,#816,.T.);
#1011=ORIENTED_EDGE('',*,*,#817,.F.);
#1012=ORIENTED_EDGE('',*,*,#816,.F.);
#1013=ORIENTED_EDGE('',*,*,#818,.F.);
#1014=ORIENTED_EDGE('',*,*,#819,.T.);
#1015=ORIENTED_EDGE('',*,*,#820,.F.);
#1016=ORIENTED_EDGE('',*,*,#819,.F.);
#1017=ORIENTED_EDGE('',*,*,#821,.F.);
#1018=ORIENTED_EDGE('',*,*,#822,.T.);
#1019=ORIENTED_EDGE('',*,*,#823,.F.);
#1020=ORIENTED_EDGE('',*,*,#822,.F.);
#1021=ORIENTED_EDGE('',*,*,#824,.T.);
#1022=ORIENTED_EDGE('',*,*,#795,.T.);
#1023=ORIENTED_EDGE('',*,*,#825,.F.);
#1024=ORIENTED_EDGE('',*,*,#810,.F.);
#1025=ORIENTED_EDGE('',*,*,#825,.T.);
#1026=ORIENTED_EDGE('',*,*,#794,.T.);
#1027=ORIENTED_EDGE('',*,*,#826,.T.);
#1028=ORIENTED_EDGE('',*,*,#798,.T.);
#1029=ORIENTED_EDGE('',*,*,#802,.T.);
#1030=ORIENTED_EDGE('',*,*,#805,.T.);
#1031=ORIENTED_EDGE('',*,*,#808,.T.);
#1032=ORIENTED_EDGE('',*,*,#811,.T.);
#1033=ORIENTED_EDGE('',*,*,#823,.T.);
#1034=ORIENTED_EDGE('',*,*,#820,.T.);
#1035=ORIENTED_EDGE('',*,*,#817,.T.);
#1036=ORIENTED_EDGE('',*,*,#814,.T.);
#1037=ORIENTED_EDGE('',*,*,#827,.T.);
#1038=ORIENTED_EDGE('',*,*,#799,.T.);
#1039=ORIENTED_EDGE('',*,*,#826,.F.);
#1040=ORIENTED_EDGE('',*,*,#793,.F.);
#1041=ORIENTED_EDGE('',*,*,#824,.F.);
#1042=ORIENTED_EDGE('',*,*,#809,.T.);
#1043=ORIENTED_EDGE('',*,*,#806,.T.);
#1044=ORIENTED_EDGE('',*,*,#803,.T.);
#1045=ORIENTED_EDGE('',*,*,#800,.T.);
#1046=ORIENTED_EDGE('',*,*,#796,.T.);
#1047=ORIENTED_EDGE('',*,*,#827,.F.);
#1048=ORIENTED_EDGE('',*,*,#792,.F.);
#1049=ORIENTED_EDGE('',*,*,#821,.T.);
#1050=ORIENTED_EDGE('',*,*,#818,.T.);
#1051=ORIENTED_EDGE('',*,*,#815,.T.);
#1052=ORIENTED_EDGE('',*,*,#812,.T.);
#1053=ORIENTED_EDGE('',*,*,#828,.F.);
#1054=ORIENTED_EDGE('',*,*,#829,.T.);
#1055=ORIENTED_EDGE('',*,*,#830,.T.);
#1056=ORIENTED_EDGE('',*,*,#829,.F.);
#1057=ORIENTED_EDGE('',*,*,#830,.F.);
#1058=ORIENTED_EDGE('',*,*,#831,.F.);
#1059=ORIENTED_EDGE('',*,*,#832,.T.);
#1060=ORIENTED_EDGE('',*,*,#833,.T.);
#1061=ORIENTED_EDGE('',*,*,#832,.F.);
#1062=ORIENTED_EDGE('',*,*,#833,.F.);
#1063=ORIENTED_EDGE('',*,*,#834,.F.);
#1064=ORIENTED_EDGE('',*,*,#835,.T.);
#1065=ORIENTED_EDGE('',*,*,#836,.F.);
#1066=ORIENTED_EDGE('',*,*,#837,.F.);
#1067=ORIENTED_EDGE('',*,*,#838,.F.);
#1068=ORIENTED_EDGE('',*,*,#837,.T.);
#1069=ORIENTED_EDGE('',*,*,#839,.F.);
#1070=ORIENTED_EDGE('',*,*,#840,.F.);
#1071=ORIENTED_EDGE('',*,*,#841,.F.);
#1072=ORIENTED_EDGE('',*,*,#840,.T.);
#1073=ORIENTED_EDGE('',*,*,#842,.F.);
#1074=ORIENTED_EDGE('',*,*,#843,.F.);
#1075=ORIENTED_EDGE('',*,*,#844,.F.);
#1076=ORIENTED_EDGE('',*,*,#843,.T.);
#1077=ORIENTED_EDGE('',*,*,#845,.F.);
#1078=ORIENTED_EDGE('',*,*,#835,.F.);
#1079=ORIENTED_EDGE('',*,*,#845,.T.);
#1080=ORIENTED_EDGE('',*,*,#842,.T.);
#1081=ORIENTED_EDGE('',*,*,#839,.T.);
#1082=ORIENTED_EDGE('',*,*,#836,.T.);
#1083=ORIENTED_EDGE('',*,*,#828,.T.);
#1084=ORIENTED_EDGE('',*,*,#844,.T.);
#1085=ORIENTED_EDGE('',*,*,#834,.T.);
#1086=ORIENTED_EDGE('',*,*,#838,.T.);
#1087=ORIENTED_EDGE('',*,*,#841,.T.);
#1088=ORIENTED_EDGE('',*,*,#831,.T.);
#1089=ORIENTED_EDGE('',*,*,#846,.F.);
#1090=ORIENTED_EDGE('',*,*,#847,.T.);
#1091=ORIENTED_EDGE('',*,*,#848,.T.);
#1092=ORIENTED_EDGE('',*,*,#847,.F.);
#1093=ORIENTED_EDGE('',*,*,#848,.F.);
#1094=ORIENTED_EDGE('',*,*,#849,.F.);
#1095=ORIENTED_EDGE('',*,*,#850,.T.);
#1096=ORIENTED_EDGE('',*,*,#851,.T.);
#1097=ORIENTED_EDGE('',*,*,#850,.F.);
#1098=ORIENTED_EDGE('',*,*,#851,.F.);
#1099=ORIENTED_EDGE('',*,*,#852,.T.);
#1100=ORIENTED_EDGE('',*,*,#853,.T.);
#1101=ORIENTED_EDGE('',*,*,#854,.F.);
#1102=ORIENTED_EDGE('',*,*,#855,.F.);
#1103=ORIENTED_EDGE('',*,*,#856,.T.);
#1104=ORIENTED_EDGE('',*,*,#855,.T.);
#1105=ORIENTED_EDGE('',*,*,#857,.F.);
#1106=ORIENTED_EDGE('',*,*,#858,.F.);
#1107=ORIENTED_EDGE('',*,*,#859,.T.);
#1108=ORIENTED_EDGE('',*,*,#858,.T.);
#1109=ORIENTED_EDGE('',*,*,#860,.F.);
#1110=ORIENTED_EDGE('',*,*,#861,.F.);
#1111=ORIENTED_EDGE('',*,*,#862,.T.);
#1112=ORIENTED_EDGE('',*,*,#861,.T.);
#1113=ORIENTED_EDGE('',*,*,#863,.F.);
#1114=ORIENTED_EDGE('',*,*,#853,.F.);
#1115=ORIENTED_EDGE('',*,*,#863,.T.);
#1116=ORIENTED_EDGE('',*,*,#860,.T.);
#1117=ORIENTED_EDGE('',*,*,#857,.T.);
#1118=ORIENTED_EDGE('',*,*,#854,.T.);
#1119=ORIENTED_EDGE('',*,*,#846,.T.);
#1120=ORIENTED_EDGE('',*,*,#862,.F.);
#1121=ORIENTED_EDGE('',*,*,#852,.F.);
#1122=ORIENTED_EDGE('',*,*,#856,.F.);
#1123=ORIENTED_EDGE('',*,*,#859,.F.);
#1124=ORIENTED_EDGE('',*,*,#849,.T.);
#1125=ORIENTED_EDGE('',*,*,#864,.F.);
#1126=ORIENTED_EDGE('',*,*,#865,.T.);
#1127=ORIENTED_EDGE('',*,*,#866,.T.);
#1128=ORIENTED_EDGE('',*,*,#865,.F.);
#1129=ORIENTED_EDGE('',*,*,#866,.F.);
#1130=ORIENTED_EDGE('',*,*,#867,.F.);
#1131=ORIENTED_EDGE('',*,*,#868,.T.);
#1132=ORIENTED_EDGE('',*,*,#869,.T.);
#1133=ORIENTED_EDGE('',*,*,#868,.F.);
#1134=ORIENTED_EDGE('',*,*,#869,.F.);
#1135=ORIENTED_EDGE('',*,*,#870,.T.);
#1136=ORIENTED_EDGE('',*,*,#871,.T.);
#1137=ORIENTED_EDGE('',*,*,#872,.F.);
#1138=ORIENTED_EDGE('',*,*,#873,.F.);
#1139=ORIENTED_EDGE('',*,*,#874,.T.);
#1140=ORIENTED_EDGE('',*,*,#873,.T.);
#1141=ORIENTED_EDGE('',*,*,#875,.F.);
#1142=ORIENTED_EDGE('',*,*,#876,.F.);
#1143=ORIENTED_EDGE('',*,*,#877,.T.);
#1144=ORIENTED_EDGE('',*,*,#876,.T.);
#1145=ORIENTED_EDGE('',*,*,#878,.F.);
#1146=ORIENTED_EDGE('',*,*,#879,.F.);
#1147=ORIENTED_EDGE('',*,*,#880,.T.);
#1148=ORIENTED_EDGE('',*,*,#879,.T.);
#1149=ORIENTED_EDGE('',*,*,#881,.F.);
#1150=ORIENTED_EDGE('',*,*,#871,.F.);
#1151=ORIENTED_EDGE('',*,*,#881,.T.);
#1152=ORIENTED_EDGE('',*,*,#878,.T.);
#1153=ORIENTED_EDGE('',*,*,#875,.T.);
#1154=ORIENTED_EDGE('',*,*,#872,.T.);
#1155=ORIENTED_EDGE('',*,*,#864,.T.);
#1156=ORIENTED_EDGE('',*,*,#880,.F.);
#1157=ORIENTED_EDGE('',*,*,#870,.F.);
#1158=ORIENTED_EDGE('',*,*,#874,.F.);
#1159=ORIENTED_EDGE('',*,*,#877,.F.);
#1160=ORIENTED_EDGE('',*,*,#867,.T.);
#1161=ORIENTED_EDGE('',*,*,#882,.F.);
#1162=ORIENTED_EDGE('',*,*,#883,.T.);
#1163=ORIENTED_EDGE('',*,*,#884,.T.);
#1164=ORIENTED_EDGE('',*,*,#883,.F.);
#1165=ORIENTED_EDGE('',*,*,#884,.F.);
#1166=ORIENTED_EDGE('',*,*,#885,.F.);
#1167=ORIENTED_EDGE('',*,*,#886,.T.);
#1168=ORIENTED_EDGE('',*,*,#887,.T.);
#1169=ORIENTED_EDGE('',*,*,#886,.F.);
#1170=ORIENTED_EDGE('',*,*,#887,.F.);
#1171=ORIENTED_EDGE('',*,*,#888,.F.);
#1172=ORIENTED_EDGE('',*,*,#889,.T.);
#1173=ORIENTED_EDGE('',*,*,#890,.F.);
#1174=ORIENTED_EDGE('',*,*,#891,.F.);
#1175=ORIENTED_EDGE('',*,*,#892,.F.);
#1176=ORIENTED_EDGE('',*,*,#891,.T.);
#1177=ORIENTED_EDGE('',*,*,#893,.F.);
#1178=ORIENTED_EDGE('',*,*,#894,.F.);
#1179=ORIENTED_EDGE('',*,*,#895,.F.);
#1180=ORIENTED_EDGE('',*,*,#894,.T.);
#1181=ORIENTED_EDGE('',*,*,#896,.F.);
#1182=ORIENTED_EDGE('',*,*,#897,.F.);
#1183=ORIENTED_EDGE('',*,*,#898,.F.);
#1184=ORIENTED_EDGE('',*,*,#897,.T.);
#1185=ORIENTED_EDGE('',*,*,#899,.F.);
#1186=ORIENTED_EDGE('',*,*,#889,.F.);
#1187=ORIENTED_EDGE('',*,*,#899,.T.);
#1188=ORIENTED_EDGE('',*,*,#896,.T.);
#1189=ORIENTED_EDGE('',*,*,#893,.T.);
#1190=ORIENTED_EDGE('',*,*,#890,.T.);
#1191=ORIENTED_EDGE('',*,*,#882,.T.);
#1192=ORIENTED_EDGE('',*,*,#898,.T.);
#1193=ORIENTED_EDGE('',*,*,#888,.T.);
#1194=ORIENTED_EDGE('',*,*,#892,.T.);
#1195=ORIENTED_EDGE('',*,*,#895,.T.);
#1196=ORIENTED_EDGE('',*,*,#885,.T.);
#1197=ORIENTED_EDGE('',*,*,#900,.F.);
#1198=ORIENTED_EDGE('',*,*,#901,.T.);
#1199=ORIENTED_EDGE('',*,*,#902,.F.);
#1200=ORIENTED_EDGE('',*,*,#901,.F.);
#1201=ORIENTED_EDGE('',*,*,#903,.T.);
#1202=ORIENTED_EDGE('',*,*,#904,.T.);
#1203=ORIENTED_EDGE('',*,*,#905,.F.);
#1204=ORIENTED_EDGE('',*,*,#906,.F.);
#1205=ORIENTED_EDGE('',*,*,#907,.T.);
#1206=ORIENTED_EDGE('',*,*,#906,.T.);
#1207=ORIENTED_EDGE('',*,*,#908,.F.);
#1208=ORIENTED_EDGE('',*,*,#909,.F.);
#1209=ORIENTED_EDGE('',*,*,#902,.T.);
#1210=ORIENTED_EDGE('',*,*,#910,.T.);
#1211=ORIENTED_EDGE('',*,*,#909,.T.);
#1212=ORIENTED_EDGE('',*,*,#911,.F.);
#1213=ORIENTED_EDGE('',*,*,#912,.F.);
#1214=ORIENTED_EDGE('',*,*,#913,.T.);
#1215=ORIENTED_EDGE('',*,*,#912,.T.);
#1216=ORIENTED_EDGE('',*,*,#914,.F.);
#1217=ORIENTED_EDGE('',*,*,#904,.F.);
#1218=ORIENTED_EDGE('',*,*,#900,.T.);
#1219=ORIENTED_EDGE('',*,*,#914,.T.);
#1220=ORIENTED_EDGE('',*,*,#911,.T.);
#1221=ORIENTED_EDGE('',*,*,#908,.T.);
#1222=ORIENTED_EDGE('',*,*,#905,.T.);
#1223=ORIENTED_EDGE('',*,*,#913,.F.);
#1224=ORIENTED_EDGE('',*,*,#903,.F.);
#1225=ORIENTED_EDGE('',*,*,#907,.F.);
#1226=ORIENTED_EDGE('',*,*,#910,.F.);
#1227=ORIENTED_EDGE('',*,*,#915,.F.);
#1228=ORIENTED_EDGE('',*,*,#916,.T.);
#1229=ORIENTED_EDGE('',*,*,#917,.T.);
#1230=ORIENTED_EDGE('',*,*,#916,.F.);
#1231=ORIENTED_EDGE('',*,*,#917,.F.);
#1232=ORIENTED_EDGE('',*,*,#918,.F.);
#1233=ORIENTED_EDGE('',*,*,#919,.T.);
#1234=ORIENTED_EDGE('',*,*,#920,.T.);
#1235=ORIENTED_EDGE('',*,*,#919,.F.);
#1236=ORIENTED_EDGE('',*,*,#920,.F.);
#1237=ORIENTED_EDGE('',*,*,#921,.F.);
#1238=ORIENTED_EDGE('',*,*,#922,.T.);
#1239=ORIENTED_EDGE('',*,*,#923,.F.);
#1240=ORIENTED_EDGE('',*,*,#924,.F.);
#1241=ORIENTED_EDGE('',*,*,#925,.F.);
#1242=ORIENTED_EDGE('',*,*,#926,.T.);
#1243=ORIENTED_EDGE('',*,*,#927,.F.);
#1244=ORIENTED_EDGE('',*,*,#928,.F.);
#1245=ORIENTED_EDGE('',*,*,#915,.T.);
#1246=ORIENTED_EDGE('',*,*,#918,.T.);
#1247=ORIENTED_EDGE('',*,*,#929,.F.);
#1248=ORIENTED_EDGE('',*,*,#930,.T.);
#1249=ORIENTED_EDGE('',*,*,#931,.F.);
#1250=ORIENTED_EDGE('',*,*,#930,.F.);
#1251=ORIENTED_EDGE('',*,*,#932,.F.);
#1252=ORIENTED_EDGE('',*,*,#933,.T.);
#1253=ORIENTED_EDGE('',*,*,#934,.F.);
#1254=ORIENTED_EDGE('',*,*,#933,.F.);
#1255=ORIENTED_EDGE('',*,*,#935,.F.);
#1256=ORIENTED_EDGE('',*,*,#936,.T.);
#1257=ORIENTED_EDGE('',*,*,#937,.F.);
#1258=ORIENTED_EDGE('',*,*,#936,.F.);
#1259=ORIENTED_EDGE('',*,*,#938,.F.);
#1260=ORIENTED_EDGE('',*,*,#939,.T.);
#1261=ORIENTED_EDGE('',*,*,#940,.F.);
#1262=ORIENTED_EDGE('',*,*,#939,.F.);
#1263=ORIENTED_EDGE('',*,*,#941,.F.);
#1264=ORIENTED_EDGE('',*,*,#924,.T.);
#1265=ORIENTED_EDGE('',*,*,#942,.F.);
#1266=ORIENTED_EDGE('',*,*,#926,.F.);
#1267=ORIENTED_EDGE('',*,*,#942,.T.);
#1268=ORIENTED_EDGE('',*,*,#923,.T.);
#1269=ORIENTED_EDGE('',*,*,#943,.T.);
#1270=ORIENTED_EDGE('',*,*,#927,.T.);
#1271=ORIENTED_EDGE('',*,*,#938,.T.);
#1272=ORIENTED_EDGE('',*,*,#935,.T.);
#1273=ORIENTED_EDGE('',*,*,#932,.T.);
#1274=ORIENTED_EDGE('',*,*,#929,.T.);
#1275=ORIENTED_EDGE('',*,*,#944,.F.);
#1276=ORIENTED_EDGE('',*,*,#928,.T.);
#1277=ORIENTED_EDGE('',*,*,#943,.F.);
#1278=ORIENTED_EDGE('',*,*,#922,.F.);
#1279=ORIENTED_EDGE('',*,*,#941,.T.);
#1280=ORIENTED_EDGE('',*,*,#925,.T.);
#1281=ORIENTED_EDGE('',*,*,#944,.T.);
#1282=ORIENTED_EDGE('',*,*,#921,.T.);
#1283=ORIENTED_EDGE('',*,*,#940,.T.);
#1284=ORIENTED_EDGE('',*,*,#937,.T.);
#1285=ORIENTED_EDGE('',*,*,#934,.T.);
#1286=ORIENTED_EDGE('',*,*,#931,.T.);
#1287=ORIENTED_EDGE('',*,*,#945,.F.);
#1288=ORIENTED_EDGE('',*,*,#946,.T.);
#1289=ORIENTED_EDGE('',*,*,#947,.T.);
#1290=ORIENTED_EDGE('',*,*,#948,.F.);
#1291=ORIENTED_EDGE('',*,*,#949,.F.);
#1292=ORIENTED_EDGE('',*,*,#948,.T.);
#1293=ORIENTED_EDGE('',*,*,#950,.T.);
#1294=ORIENTED_EDGE('',*,*,#951,.F.);
#1295=ORIENTED_EDGE('',*,*,#952,.F.);
#1296=ORIENTED_EDGE('',*,*,#951,.T.);
#1297=ORIENTED_EDGE('',*,*,#953,.T.);
#1298=ORIENTED_EDGE('',*,*,#954,.F.);
#1299=ORIENTED_EDGE('',*,*,#955,.F.);
#1300=ORIENTED_EDGE('',*,*,#954,.T.);
#1301=ORIENTED_EDGE('',*,*,#956,.T.);
#1302=ORIENTED_EDGE('',*,*,#946,.F.);
#1303=ORIENTED_EDGE('',*,*,#956,.F.);
#1304=ORIENTED_EDGE('',*,*,#953,.F.);
#1305=ORIENTED_EDGE('',*,*,#950,.F.);
#1306=ORIENTED_EDGE('',*,*,#947,.F.);
#1307=ORIENTED_EDGE('',*,*,#957,.T.);
#1308=ORIENTED_EDGE('',*,*,#958,.T.);
#1309=ORIENTED_EDGE('',*,*,#959,.F.);
#1310=ORIENTED_EDGE('',*,*,#960,.F.);
#1311=ORIENTED_EDGE('',*,*,#961,.T.);
#1312=ORIENTED_EDGE('',*,*,#960,.T.);
#1313=ORIENTED_EDGE('',*,*,#962,.F.);
#1314=ORIENTED_EDGE('',*,*,#963,.F.);
#1315=ORIENTED_EDGE('',*,*,#964,.T.);
#1316=ORIENTED_EDGE('',*,*,#963,.T.);
#1317=ORIENTED_EDGE('',*,*,#965,.F.);
#1318=ORIENTED_EDGE('',*,*,#966,.F.);
#1319=ORIENTED_EDGE('',*,*,#967,.T.);
#1320=ORIENTED_EDGE('',*,*,#966,.T.);
#1321=ORIENTED_EDGE('',*,*,#968,.F.);
#1322=ORIENTED_EDGE('',*,*,#958,.F.);
#1323=ORIENTED_EDGE('',*,*,#952,.T.);
#1324=ORIENTED_EDGE('',*,*,#955,.T.);
#1325=ORIENTED_EDGE('',*,*,#945,.T.);
#1326=ORIENTED_EDGE('',*,*,#949,.T.);
#1327=ORIENTED_EDGE('',*,*,#967,.F.);
#1328=ORIENTED_EDGE('',*,*,#957,.F.);
#1329=ORIENTED_EDGE('',*,*,#961,.F.);
#1330=ORIENTED_EDGE('',*,*,#964,.F.);
#1331=ORIENTED_EDGE('',*,*,#968,.T.);
#1332=ORIENTED_EDGE('',*,*,#965,.T.);
#1333=ORIENTED_EDGE('',*,*,#962,.T.);
#1334=ORIENTED_EDGE('',*,*,#959,.T.);
#1335=CYLINDRICAL_SURFACE('',#1467,2.835);
#1336=CYLINDRICAL_SURFACE('',#1471,2.835);
#1337=CYLINDRICAL_SURFACE('',#1481,1.45);
#1338=CYLINDRICAL_SURFACE('',#1484,1.45);
#1339=CYLINDRICAL_SURFACE('',#1487,1.45);
#1340=CYLINDRICAL_SURFACE('',#1490,1.45);
#1341=CYLINDRICAL_SURFACE('',#1497,1.45);
#1342=CYLINDRICAL_SURFACE('',#1501,1.45);
#1343=CYLINDRICAL_SURFACE('',#1511,1.45);
#1344=CYLINDRICAL_SURFACE('',#1515,1.45);
#1345=CYLINDRICAL_SURFACE('',#1525,1.45);
#1346=CYLINDRICAL_SURFACE('',#1529,1.45);
#1347=CYLINDRICAL_SURFACE('',#1539,1.45000000000001);
#1348=CYLINDRICAL_SURFACE('',#1543,1.45);
#1349=CYLINDRICAL_SURFACE('',#1553,1.5);
#1350=CYLINDRICAL_SURFACE('',#1562,2.835);
#1351=CYLINDRICAL_SURFACE('',#1566,2.835);
#1352=CYLINDRICAL_SURFACE('',#1572,1.45);
#1353=CYLINDRICAL_SURFACE('',#1575,1.45);
#1354=CYLINDRICAL_SURFACE('',#1578,1.45);
#1355=CYLINDRICAL_SURFACE('',#1581,1.45000000000001);
#1356=ADVANCED_FACE('',(#129),#1335,.F.);
#1357=ADVANCED_FACE('',(#130),#60,.T.);
#1358=ADVANCED_FACE('',(#131),#1336,.F.);
#1359=ADVANCED_FACE('',(#132),#61,.T.);
#1360=ADVANCED_FACE('',(#133),#62,.T.);
#1361=ADVANCED_FACE('',(#134,#29),#63,.T.);
#1362=ADVANCED_FACE('',(#135),#64,.T.);
#1363=ADVANCED_FACE('',(#136),#65,.T.);
#1364=ADVANCED_FACE('',(#137),#66,.T.);
#1365=ADVANCED_FACE('',(#138,#30),#67,.T.);
#1366=ADVANCED_FACE('',(#139),#1337,.F.);
#1367=ADVANCED_FACE('',(#140),#1338,.F.);
#1368=ADVANCED_FACE('',(#141),#1339,.F.);
#1369=ADVANCED_FACE('',(#142),#1340,.F.);
#1370=ADVANCED_FACE('',(#143),#68,.T.);
#1371=ADVANCED_FACE('',(#144,#31,#32,#33,#34),#69,.T.);
#1372=ADVANCED_FACE('',(#145),#70,.T.);
#1373=ADVANCED_FACE('',(#146,#35,#36,#37,#38),#71,.F.);
#1374=ADVANCED_FACE('',(#147),#1341,.F.);
#1375=ADVANCED_FACE('',(#148),#72,.T.);
#1376=ADVANCED_FACE('',(#149),#1342,.F.);
#1377=ADVANCED_FACE('',(#150),#73,.T.);
#1378=ADVANCED_FACE('',(#151),#74,.T.);
#1379=ADVANCED_FACE('',(#152),#75,.T.);
#1380=ADVANCED_FACE('',(#153),#76,.T.);
#1381=ADVANCED_FACE('',(#154),#77,.T.);
#1382=ADVANCED_FACE('',(#155,#39),#78,.T.);
#1383=ADVANCED_FACE('',(#156,#40),#79,.F.);
#1384=ADVANCED_FACE('',(#157),#1343,.F.);
#1385=ADVANCED_FACE('',(#158),#80,.T.);
#1386=ADVANCED_FACE('',(#159),#1344,.F.);
#1387=ADVANCED_FACE('',(#160),#81,.T.);
#1388=ADVANCED_FACE('',(#161),#82,.T.);
#1389=ADVANCED_FACE('',(#162),#83,.T.);
#1390=ADVANCED_FACE('',(#163),#84,.T.);
#1391=ADVANCED_FACE('',(#164),#85,.T.);
#1392=ADVANCED_FACE('',(#165,#41),#86,.T.);
#1393=ADVANCED_FACE('',(#166,#42),#87,.F.);
#1394=ADVANCED_FACE('',(#167),#1345,.F.);
#1395=ADVANCED_FACE('',(#168),#88,.T.);
#1396=ADVANCED_FACE('',(#169),#1346,.F.);
#1397=ADVANCED_FACE('',(#170),#89,.T.);
#1398=ADVANCED_FACE('',(#171),#90,.T.);
#1399=ADVANCED_FACE('',(#172),#91,.T.);
#1400=ADVANCED_FACE('',(#173),#92,.T.);
#1401=ADVANCED_FACE('',(#174),#93,.T.);
#1402=ADVANCED_FACE('',(#175,#43),#94,.T.);
#1403=ADVANCED_FACE('',(#176,#44),#95,.F.);
#1404=ADVANCED_FACE('',(#177),#1347,.F.);
#1405=ADVANCED_FACE('',(#178),#96,.T.);
#1406=ADVANCED_FACE('',(#179),#1348,.F.);
#1407=ADVANCED_FACE('',(#180),#97,.T.);
#1408=ADVANCED_FACE('',(#181),#98,.T.);
#1409=ADVANCED_FACE('',(#182),#99,.T.);
#1410=ADVANCED_FACE('',(#183),#100,.T.);
#1411=ADVANCED_FACE('',(#184),#101,.T.);
#1412=ADVANCED_FACE('',(#185,#45),#102,.T.);
#1413=ADVANCED_FACE('',(#186,#46),#103,.F.);
#1414=ADVANCED_FACE('',(#187),#1349,.F.);
#1415=ADVANCED_FACE('',(#188),#104,.T.);
#1416=ADVANCED_FACE('',(#189,#47),#105,.T.);
#1417=ADVANCED_FACE('',(#190),#106,.T.);
#1418=ADVANCED_FACE('',(#191,#48),#107,.T.);
#1419=ADVANCED_FACE('',(#192),#108,.T.);
#1420=ADVANCED_FACE('',(#193),#109,.F.);
#1421=ADVANCED_FACE('',(#194),#1350,.F.);
#1422=ADVANCED_FACE('',(#195),#110,.T.);
#1423=ADVANCED_FACE('',(#196),#1351,.F.);
#1424=ADVANCED_FACE('',(#197),#111,.T.);
#1425=ADVANCED_FACE('',(#198),#112,.T.);
#1426=ADVANCED_FACE('',(#199,#49,#50),#113,.T.);
#1427=ADVANCED_FACE('',(#200),#1352,.F.);
#1428=ADVANCED_FACE('',(#201),#1353,.F.);
#1429=ADVANCED_FACE('',(#202),#1354,.F.);
#1430=ADVANCED_FACE('',(#203),#1355,.F.);
#1431=ADVANCED_FACE('',(#204),#114,.T.);
#1432=ADVANCED_FACE('',(#205,#51,#52,#53,#54),#115,.T.);
#1433=ADVANCED_FACE('',(#206),#116,.T.);
#1434=ADVANCED_FACE('',(#207,#55,#56,#57,#58),#117,.F.);
#1435=ADVANCED_FACE('',(#208),#118,.F.);
#1436=ADVANCED_FACE('',(#209),#119,.F.);
#1437=ADVANCED_FACE('',(#210),#120,.F.);
#1438=ADVANCED_FACE('',(#211),#121,.F.);
#1439=ADVANCED_FACE('',(#212),#122,.F.);
#1440=ADVANCED_FACE('',(#213),#123,.T.);
#1441=ADVANCED_FACE('',(#214),#124,.T.);
#1442=ADVANCED_FACE('',(#215),#125,.T.);
#1443=ADVANCED_FACE('',(#216,#59),#126,.T.);
#1444=ADVANCED_FACE('',(#217),#127,.T.);
#1445=ADVANCED_FACE('',(#218),#128,.T.);
#1446=CLOSED_SHELL('',(#1356,#1357,#1358,#1359,#1360,#1361,#1362,#1363,
#1364,#1365,#1366,#1367,#1368,#1369,#1370,#1371,#1372,#1373));
#1447=CLOSED_SHELL('',(#1374,#1375,#1376,#1377,#1378,#1379,#1380,#1381,
#1382,#1383));
#1448=CLOSED_SHELL('',(#1384,#1385,#1386,#1387,#1388,#1389,#1390,#1391,
#1392,#1393));
#1449=CLOSED_SHELL('',(#1394,#1395,#1396,#1397,#1398,#1399,#1400,#1401,
#1402,#1403));
#1450=CLOSED_SHELL('',(#1404,#1405,#1406,#1407,#1408,#1409,#1410,#1411,
#1412,#1413));
#1451=CLOSED_SHELL('',(#1414,#1415,#1416,#1417,#1418,#1419,#1420));
#1452=CLOSED_SHELL('',(#1421,#1422,#1423,#1424,#1425,#1426,#1427,#1428,
#1429,#1430,#1431,#1432,#1433,#1434));
#1453=CLOSED_SHELL('',(#1435,#1436,#1437,#1438,#1439,#1440,#1441,#1442,
#1443,#1444,#1445));
#1454=DERIVED_UNIT_ELEMENT(#1456,1.);
#1455=DERIVED_UNIT_ELEMENT(#2407,-3.);
#1456=(
MASS_UNIT()
NAMED_UNIT(*)
SI_UNIT(.KILO.,.GRAM.)
);
#1457=DERIVED_UNIT((#1454,#1455));
#1458=MEASURE_REPRESENTATION_ITEM('density measure',
POSITIVE_RATIO_MEASURE(7850.),#1457);
#1459=PROPERTY_DEFINITION_REPRESENTATION(#1464,#1461);
#1460=PROPERTY_DEFINITION_REPRESENTATION(#1465,#1462);
#1461=REPRESENTATION('material name',(#1463),#2404);
#1462=REPRESENTATION('density',(#1458),#2404);
#1463=DESCRIPTIVE_REPRESENTATION_ITEM('Steel','Steel');
#1464=PROPERTY_DEFINITION('material property','material name',#2414);
#1465=PROPERTY_DEFINITION('material property','density of part',#2414);
#1466=AXIS2_PLACEMENT_3D('',#2006,#1599,#1600);
#1467=AXIS2_PLACEMENT_3D('',#2007,#1601,#1602);
#1468=AXIS2_PLACEMENT_3D('',#2009,#1603,#1604);
#1469=AXIS2_PLACEMENT_3D('',#2012,#1606,#1607);
#1470=AXIS2_PLACEMENT_3D('',#2013,#1608,#1609);
#1471=AXIS2_PLACEMENT_3D('',#2014,#1610,#1611);
#1472=AXIS2_PLACEMENT_3D('',#2016,#1612,#1613);
#1473=AXIS2_PLACEMENT_3D('',#2019,#1615,#1616);
#1474=AXIS2_PLACEMENT_3D('',#2020,#1617,#1618);
#1475=AXIS2_PLACEMENT_3D('',#2021,#1619,#1620);
#1476=AXIS2_PLACEMENT_3D('',#2030,#1625,#1626);
#1477=AXIS2_PLACEMENT_3D('',#2039,#1631,#1632);
#1478=AXIS2_PLACEMENT_3D('',#2045,#1636,#1637);
#1479=AXIS2_PLACEMENT_3D('',#2051,#1641,#1642);
#1480=AXIS2_PLACEMENT_3D('',#2057,#1646,#1647);
#1481=AXIS2_PLACEMENT_3D('',#2063,#1651,#1652);
#1482=AXIS2_PLACEMENT_3D('',#2065,#1653,#1654);
#1483=AXIS2_PLACEMENT_3D('',#2068,#1656,#1657);
#1484=AXIS2_PLACEMENT_3D('',#2069,#1658,#1659);
#1485=AXIS2_PLACEMENT_3D('',#2071,#1660,#1661);
#1486=AXIS2_PLACEMENT_3D('',#2074,#1663,#1664);
#1487=AXIS2_PLACEMENT_3D('',#2075,#1665,#1666);
#1488=AXIS2_PLACEMENT_3D('',#2077,#1667,#1668);
#1489=AXIS2_PLACEMENT_3D('',#2080,#1670,#1671);
#1490=AXIS2_PLACEMENT_3D('',#2081,#1672,#1673);
#1491=AXIS2_PLACEMENT_3D('',#2083,#1674,#1675);
#1492=AXIS2_PLACEMENT_3D('',#2086,#1677,#1678);
#1493=AXIS2_PLACEMENT_3D('',#2087,#1679,#1680);
#1494=AXIS2_PLACEMENT_3D('',#2090,#1683,#1684);
#1495=AXIS2_PLACEMENT_3D('',#2092,#1686,#1687);
#1496=AXIS2_PLACEMENT_3D('',#2094,#1689,#1690);
#1497=AXIS2_PLACEMENT_3D('',#2095,#1691,#1692);
#1498=AXIS2_PLACEMENT_3D('',#2097,#1693,#1694);
#1499=AXIS2_PLACEMENT_3D('',#2100,#1696,#1697);
#1500=AXIS2_PLACEMENT_3D('',#2101,#1698,#1699);
#1501=AXIS2_PLACEMENT_3D('',#2102,#1700,#1701);
#1502=AXIS2_PLACEMENT_3D('',#2104,#1702,#1703);
#1503=AXIS2_PLACEMENT_3D('',#2107,#1705,#1706);
#1504=AXIS2_PLACEMENT_3D('',#2108,#1707,#1708);
#1505=AXIS2_PLACEMENT_3D('',#2109,#1709,#1710);
#1506=AXIS2_PLACEMENT_3D('',#2118,#1715,#1716);
#1507=AXIS2_PLACEMENT_3D('',#2124,#1720,#1721);
#1508=AXIS2_PLACEMENT_3D('',#2130,#1725,#1726);
#1509=AXIS2_PLACEMENT_3D('',#2133,#1729,#1730);
#1510=AXIS2_PLACEMENT_3D('',#2134,#1731,#1732);
#1511=AXIS2_PLACEMENT_3D('',#2135,#1733,#1734);
#1512=AXIS2_PLACEMENT_3D('',#2137,#1735,#1736);
#1513=AXIS2_PLACEMENT_3D('',#2140,#1738,#1739);
#1514=AXIS2_PLACEMENT_3D('',#2141,#1740,#1741);
#1515=AXIS2_PLACEMENT_3D('',#2142,#1742,#1743);
#1516=AXIS2_PLACEMENT_3D('',#2144,#1744,#1745);
#1517=AXIS2_PLACEMENT_3D('',#2147,#1747,#1748);
#1518=AXIS2_PLACEMENT_3D('',#2148,#1749,#1750);
#1519=AXIS2_PLACEMENT_3D('',#2149,#1751,#1752);
#1520=AXIS2_PLACEMENT_3D('',#2158,#1757,#1758);
#1521=AXIS2_PLACEMENT_3D('',#2164,#1762,#1763);
#1522=AXIS2_PLACEMENT_3D('',#2170,#1767,#1768);
#1523=AXIS2_PLACEMENT_3D('',#2173,#1771,#1772);
#1524=AXIS2_PLACEMENT_3D('',#2174,#1773,#1774);
#1525=AXIS2_PLACEMENT_3D('',#2175,#1775,#1776);
#1526=AXIS2_PLACEMENT_3D('',#2177,#1777,#1778);
#1527=AXIS2_PLACEMENT_3D('',#2180,#1780,#1781);
#1528=AXIS2_PLACEMENT_3D('',#2181,#1782,#1783);
#1529=AXIS2_PLACEMENT_3D('',#2182,#1784,#1785);
#1530=AXIS2_PLACEMENT_3D('',#2184,#1786,#1787);
#1531=AXIS2_PLACEMENT_3D('',#2187,#1789,#1790);
#1532=AXIS2_PLACEMENT_3D('',#2188,#1791,#1792);
#1533=AXIS2_PLACEMENT_3D('',#2189,#1793,#1794);
#1534=AXIS2_PLACEMENT_3D('',#2198,#1799,#1800);
#1535=AXIS2_PLACEMENT_3D('',#2204,#1804,#1805);
#1536=AXIS2_PLACEMENT_3D('',#2210,#1809,#1810);
#1537=AXIS2_PLACEMENT_3D('',#2213,#1813,#1814);
#1538=AXIS2_PLACEMENT_3D('',#2214,#1815,#1816);
#1539=AXIS2_PLACEMENT_3D('',#2215,#1817,#1818);
#1540=AXIS2_PLACEMENT_3D('',#2217,#1819,#1820);
#1541=AXIS2_PLACEMENT_3D('',#2220,#1822,#1823);
#1542=AXIS2_PLACEMENT_3D('',#2221,#1824,#1825);
#1543=AXIS2_PLACEMENT_3D('',#2222,#1826,#1827);
#1544=AXIS2_PLACEMENT_3D('',#2224,#1828,#1829);
#1545=AXIS2_PLACEMENT_3D('',#2227,#1831,#1832);
#1546=AXIS2_PLACEMENT_3D('',#2228,#1833,#1834);
#1547=AXIS2_PLACEMENT_3D('',#2229,#1835,#1836);
#1548=AXIS2_PLACEMENT_3D('',#2238,#1841,#1842);
#1549=AXIS2_PLACEMENT_3D('',#2244,#1846,#1847);
#1550=AXIS2_PLACEMENT_3D('',#2250,#1851,#1852);
#1551=AXIS2_PLACEMENT_3D('',#2253,#1855,#1856);
#1552=AXIS2_PLACEMENT_3D('',#2254,#1857,#1858);
#1553=AXIS2_PLACEMENT_3D('',#2255,#1859,#1860);
#1554=AXIS2_PLACEMENT_3D('',#2257,#1861,#1862);
#1555=AXIS2_PLACEMENT_3D('',#2260,#1864,#1865);
#1556=AXIS2_PLACEMENT_3D('',#2261,#1866,#1867);
#1557=AXIS2_PLACEMENT_3D('',#2270,#1872,#1873);
#1558=AXIS2_PLACEMENT_3D('',#2276,#1877,#1878);
#1559=AXIS2_PLACEMENT_3D('',#2282,#1882,#1883);
#1560=AXIS2_PLACEMENT_3D('',#2285,#1886,#1887);
#1561=AXIS2_PLACEMENT_3D('',#2286,#1888,#1889);
#1562=AXIS2_PLACEMENT_3D('',#2287,#1890,#1891);
#1563=AXIS2_PLACEMENT_3D('',#2289,#1892,#1893);
#1564=AXIS2_PLACEMENT_3D('',#2292,#1895,#1896);
#1565=AXIS2_PLACEMENT_3D('',#2293,#1897,#1898);
#1566=AXIS2_PLACEMENT_3D('',#2294,#1899,#1900);
#1567=AXIS2_PLACEMENT_3D('',#2296,#1901,#1902);
#1568=AXIS2_PLACEMENT_3D('',#2299,#1904,#1905);
#1569=AXIS2_PLACEMENT_3D('',#2300,#1906,#1907);
#1570=AXIS2_PLACEMENT_3D('',#2301,#1908,#1909);
#1571=AXIS2_PLACEMENT_3D('',#2310,#1914,#1915);
#1572=AXIS2_PLACEMENT_3D('',#2319,#1920,#1921);
#1573=AXIS2_PLACEMENT_3D('',#2321,#1922,#1923);
#1574=AXIS2_PLACEMENT_3D('',#2324,#1925,#1926);
#1575=AXIS2_PLACEMENT_3D('',#2325,#1927,#1928);
#1576=AXIS2_PLACEMENT_3D('',#2327,#1929,#1930);
#1577=AXIS2_PLACEMENT_3D('',#2330,#1932,#1933);
#1578=AXIS2_PLACEMENT_3D('',#2331,#1934,#1935);
#1579=AXIS2_PLACEMENT_3D('',#2333,#1936,#1937);
#1580=AXIS2_PLACEMENT_3D('',#2336,#1939,#1940);
#1581=AXIS2_PLACEMENT_3D('',#2337,#1941,#1942);
#1582=AXIS2_PLACEMENT_3D('',#2339,#1943,#1944);
#1583=AXIS2_PLACEMENT_3D('',#2342,#1946,#1947);
#1584=AXIS2_PLACEMENT_3D('',#2343,#1948,#1949);
#1585=AXIS2_PLACEMENT_3D('',#2346,#1952,#1953);
#1586=AXIS2_PLACEMENT_3D('',#2348,#1955,#1956);
#1587=AXIS2_PLACEMENT_3D('',#2350,#1958,#1959);
#1588=AXIS2_PLACEMENT_3D('',#2351,#1960,#1961);
#1589=AXIS2_PLACEMENT_3D('',#2360,#1966,#1967);
#1590=AXIS2_PLACEMENT_3D('',#2366,#1971,#1972);
#1591=AXIS2_PLACEMENT_3D('',#2372,#1976,#1977);
#1592=AXIS2_PLACEMENT_3D('',#2375,#1980,#1981);
#1593=AXIS2_PLACEMENT_3D('',#2376,#1982,#1983);
#1594=AXIS2_PLACEMENT_3D('',#2385,#1988,#1989);
#1595=AXIS2_PLACEMENT_3D('',#2391,#1993,#1994);
#1596=AXIS2_PLACEMENT_3D('',#2397,#1998,#1999);
#1597=AXIS2_PLACEMENT_3D('',#2400,#2002,#2003);
#1598=AXIS2_PLACEMENT_3D('',#2401,#2004,#2005);
#1599=DIRECTION('axis',(0.,0.,1.));
#1600=DIRECTION('refdir',(1.,0.,0.));
#1601=DIRECTION('center_axis',(1.,0.,0.));
#1602=DIRECTION('ref_axis',(0.,-1.,0.));
#1603=DIRECTION('center_axis',(1.,0.,0.));
#1604=DIRECTION('ref_axis',(0.,-1.,0.));
#1605=DIRECTION('',(1.,0.,0.));
#1606=DIRECTION('center_axis',(1.,0.,0.));
#1607=DIRECTION('ref_axis',(0.,-1.,0.));
#1608=DIRECTION('center_axis',(-1.,0.,0.));
#1609=DIRECTION('ref_axis',(0.,-1.,0.));
#1610=DIRECTION('center_axis',(1.,0.,0.));
#1611=DIRECTION('ref_axis',(0.,-1.,0.));
#1612=DIRECTION('center_axis',(1.,0.,0.));
#1613=DIRECTION('ref_axis',(0.,-1.,0.));
#1614=DIRECTION('',(1.,0.,0.));
#1615=DIRECTION('center_axis',(1.,0.,0.));
#1616=DIRECTION('ref_axis',(0.,-1.,0.));
#1617=DIRECTION('center_axis',(-1.,0.,0.));
#1618=DIRECTION('ref_axis',(0.,-1.,0.));
#1619=DIRECTION('center_axis',(-1.,0.,0.));
#1620=DIRECTION('ref_axis',(0.,-1.,0.));
#1621=DIRECTION('',(0.,-1.,0.));
#1622=DIRECTION('',(0.,0.,1.));
#1623=DIRECTION('',(0.,-1.,0.));
#1624=DIRECTION('',(0.,0.,1.));
#1625=DIRECTION('center_axis',(-1.,0.,0.));
#1626=DIRECTION('ref_axis',(0.,-1.,0.));
#1627=DIRECTION('',(0.,1.,0.));
#1628=DIRECTION('',(0.,0.,1.));
#1629=DIRECTION('',(0.,-1.,0.));
#1630=DIRECTION('',(0.,0.,1.));
#1631=DIRECTION('center_axis',(-1.12054105855257E-33,-1.,0.));
#1632=DIRECTION('ref_axis',(1.,-1.12054105855257E-33,0.));
#1633=DIRECTION('',(-1.,1.12054105855257E-33,0.));
#1634=DIRECTION('',(0.,0.,1.));
#1635=DIRECTION('',(1.,-1.12054105855257E-33,0.));
#1636=DIRECTION('center_axis',(1.,0.,0.));
#1637=DIRECTION('ref_axis',(0.,1.,0.));
#1638=DIRECTION('',(0.,-1.,0.));
#1639=DIRECTION('',(0.,0.,1.));
#1640=DIRECTION('',(0.,1.,0.));
#1641=DIRECTION('center_axis',(0.,1.,0.));
#1642=DIRECTION('ref_axis',(-1.,0.,0.));
#1643=DIRECTION('',(1.,0.,0.));
#1644=DIRECTION('',(0.,0.,1.));
#1645=DIRECTION('',(-1.,0.,0.));
#1646=DIRECTION('center_axis',(-1.,0.,0.));
#1647=DIRECTION('ref_axis',(0.,-1.,0.));
#1648=DIRECTION('',(0.,1.,0.));
#1649=DIRECTION('',(0.,0.,1.));
#1650=DIRECTION('',(0.,-1.,0.));
#1651=DIRECTION('center_axis',(0.,0.,1.));
#1652=DIRECTION('ref_axis',(1.,0.,0.));
#1653=DIRECTION('center_axis',(0.,0.,1.));
#1654=DIRECTION('ref_axis',(1.,0.,0.));
#1655=DIRECTION('',(0.,0.,1.));
#1656=DIRECTION('center_axis',(0.,0.,-1.));
#1657=DIRECTION('ref_axis',(1.,0.,0.));
#1658=DIRECTION('center_axis',(0.,0.,1.));
#1659=DIRECTION('ref_axis',(1.,0.,0.));
#1660=DIRECTION('center_axis',(0.,0.,1.));
#1661=DIRECTION('ref_axis',(1.,0.,0.));
#1662=DIRECTION('',(0.,0.,1.));
#1663=DIRECTION('center_axis',(0.,0.,-1.));
#1664=DIRECTION('ref_axis',(1.,0.,0.));
#1665=DIRECTION('center_axis',(0.,0.,1.));
#1666=DIRECTION('ref_axis',(1.,0.,0.));
#1667=DIRECTION('center_axis',(0.,0.,1.));
#1668=DIRECTION('ref_axis',(1.,0.,0.));
#1669=DIRECTION('',(0.,0.,1.));
#1670=DIRECTION('center_axis',(0.,0.,-1.));
#1671=DIRECTION('ref_axis',(1.,0.,0.));
#1672=DIRECTION('center_axis',(0.,0.,1.));
#1673=DIRECTION('ref_axis',(1.,0.,0.));
#1674=DIRECTION('center_axis',(0.,0.,1.));
#1675=DIRECTION('ref_axis',(1.,0.,0.));
#1676=DIRECTION('',(0.,0.,1.));
#1677=DIRECTION('center_axis',(0.,0.,-1.));
#1678=DIRECTION('ref_axis',(1.,0.,0.));
#1679=DIRECTION('center_axis',(0.,-1.,0.));
#1680=DIRECTION('ref_axis',(1.,0.,0.));
#1681=DIRECTION('',(1.,0.,0.));
#1682=DIRECTION('',(1.,0.,0.));
#1683=DIRECTION('center_axis',(0.,0.,1.));
#1684=DIRECTION('ref_axis',(1.,0.,0.));
#1685=DIRECTION('',(-1.,0.,0.));
#1686=DIRECTION('center_axis',(0.,1.,0.));
#1687=DIRECTION('ref_axis',(-1.,0.,0.));
#1688=DIRECTION('',(-1.,0.,0.));
#1689=DIRECTION('center_axis',(0.,0.,1.));
#1690=DIRECTION('ref_axis',(1.,0.,0.));
#1691=DIRECTION('center_axis',(0.,0.,-1.));
#1692=DIRECTION('ref_axis',(-1.,0.,0.));
#1693=DIRECTION('center_axis',(0.,0.,-1.));
#1694=DIRECTION('ref_axis',(-1.,0.,0.));
#1695=DIRECTION('',(0.,0.,-1.));
#1696=DIRECTION('center_axis',(0.,0.,-1.));
#1697=DIRECTION('ref_axis',(-1.,0.,0.));
#1698=DIRECTION('center_axis',(0.,0.,1.));
#1699=DIRECTION('ref_axis',(-1.,0.,0.));
#1700=DIRECTION('center_axis',(0.,0.,1.));
#1701=DIRECTION('ref_axis',(1.,0.,0.));
#1702=DIRECTION('center_axis',(0.,0.,1.));
#1703=DIRECTION('ref_axis',(1.,0.,0.));
#1704=DIRECTION('',(0.,0.,1.));
#1705=DIRECTION('center_axis',(0.,0.,1.));
#1706=DIRECTION('ref_axis',(1.,0.,0.));
#1707=DIRECTION('center_axis',(0.,0.,-1.));
#1708=DIRECTION('ref_axis',(1.,0.,0.));
#1709=DIRECTION('center_axis',(0.,-1.,0.));
#1710=DIRECTION('ref_axis',(1.,0.,0.));
#1711=DIRECTION('',(-1.,0.,0.));
#1712=DIRECTION('',(0.,0.,1.));
#1713=DIRECTION('',(1.,0.,0.));
#1714=DIRECTION('',(0.,0.,1.));
#1715=DIRECTION('center_axis',(-1.,0.,0.));
#1716=DIRECTION('ref_axis',(0.,-1.,0.));
#1717=DIRECTION('',(0.,1.,0.));
#1718=DIRECTION('',(0.,-1.,0.));
#1719=DIRECTION('',(0.,0.,1.));
#1720=DIRECTION('center_axis',(0.,1.,0.));
#1721=DIRECTION('ref_axis',(-1.,0.,0.));
#1722=DIRECTION('',(1.,0.,0.));
#1723=DIRECTION('',(-1.,0.,0.));
#1724=DIRECTION('',(0.,0.,1.));
#1725=DIRECTION('center_axis',(1.,0.,0.));
#1726=DIRECTION('ref_axis',(0.,1.,0.));
#1727=DIRECTION('',(0.,-1.,0.));
#1728=DIRECTION('',(0.,1.,0.));
#1729=DIRECTION('center_axis',(0.,0.,1.));
#1730=DIRECTION('ref_axis',(1.,0.,0.));
#1731=DIRECTION('center_axis',(0.,0.,1.));
#1732=DIRECTION('ref_axis',(1.,0.,0.));
#1733=DIRECTION('center_axis',(0.,0.,-1.));
#1734=DIRECTION('ref_axis',(-1.,0.,0.));
#1735=DIRECTION('center_axis',(0.,0.,-1.));
#1736=DIRECTION('ref_axis',(-1.,0.,0.));
#1737=DIRECTION('',(0.,0.,-1.));
#1738=DIRECTION('center_axis',(0.,0.,-1.));
#1739=DIRECTION('ref_axis',(-1.,0.,0.));
#1740=DIRECTION('center_axis',(0.,0.,1.));
#1741=DIRECTION('ref_axis',(-1.,0.,0.));
#1742=DIRECTION('center_axis',(0.,0.,1.));
#1743=DIRECTION('ref_axis',(1.,0.,0.));
#1744=DIRECTION('center_axis',(0.,0.,1.));
#1745=DIRECTION('ref_axis',(1.,0.,0.));
#1746=DIRECTION('',(0.,0.,1.));
#1747=DIRECTION('center_axis',(0.,0.,1.));
#1748=DIRECTION('ref_axis',(1.,0.,0.));
#1749=DIRECTION('center_axis',(0.,0.,-1.));
#1750=DIRECTION('ref_axis',(1.,0.,0.));
#1751=DIRECTION('center_axis',(-1.,0.,0.));
#1752=DIRECTION('ref_axis',(0.,-1.,0.));
#1753=DIRECTION('',(0.,-1.,0.));
#1754=DIRECTION('',(0.,0.,1.));
#1755=DIRECTION('',(0.,-1.,0.));
#1756=DIRECTION('',(0.,0.,1.));
#1757=DIRECTION('center_axis',(0.,1.,0.));
#1758=DIRECTION('ref_axis',(-1.,0.,0.));
#1759=DIRECTION('',(-1.,0.,0.));
#1760=DIRECTION('',(-1.,0.,0.));
#1761=DIRECTION('',(0.,0.,1.));
#1762=DIRECTION('center_axis',(1.,0.,0.));
#1763=DIRECTION('ref_axis',(0.,1.,0.));
#1764=DIRECTION('',(0.,1.,0.));
#1765=DIRECTION('',(0.,1.,0.));
#1766=DIRECTION('',(0.,0.,1.));
#1767=DIRECTION('center_axis',(0.,-1.,0.));
#1768=DIRECTION('ref_axis',(1.,0.,0.));
#1769=DIRECTION('',(1.,0.,0.));
#1770=DIRECTION('',(1.,0.,0.));
#1771=DIRECTION('center_axis',(0.,0.,1.));
#1772=DIRECTION('ref_axis',(1.,0.,0.));
#1773=DIRECTION('center_axis',(0.,0.,1.));
#1774=DIRECTION('ref_axis',(1.,0.,0.));
#1775=DIRECTION('center_axis',(0.,0.,-1.));
#1776=DIRECTION('ref_axis',(-1.,0.,0.));
#1777=DIRECTION('center_axis',(0.,0.,-1.));
#1778=DIRECTION('ref_axis',(-1.,0.,0.));
#1779=DIRECTION('',(0.,0.,-1.));
#1780=DIRECTION('center_axis',(0.,0.,-1.));
#1781=DIRECTION('ref_axis',(-1.,0.,0.));
#1782=DIRECTION('center_axis',(0.,0.,1.));
#1783=DIRECTION('ref_axis',(-1.,0.,0.));
#1784=DIRECTION('center_axis',(0.,0.,1.));
#1785=DIRECTION('ref_axis',(1.,0.,0.));
#1786=DIRECTION('center_axis',(0.,0.,1.));
#1787=DIRECTION('ref_axis',(1.,0.,0.));
#1788=DIRECTION('',(0.,0.,1.));
#1789=DIRECTION('center_axis',(0.,0.,1.));
#1790=DIRECTION('ref_axis',(1.,0.,0.));
#1791=DIRECTION('center_axis',(0.,0.,-1.));
#1792=DIRECTION('ref_axis',(1.,0.,0.));
#1793=DIRECTION('center_axis',(-1.,0.,0.));
#1794=DIRECTION('ref_axis',(0.,-1.,0.));
#1795=DIRECTION('',(0.,-1.,0.));
#1796=DIRECTION('',(0.,0.,1.));
#1797=DIRECTION('',(0.,-1.,0.));
#1798=DIRECTION('',(0.,0.,1.));
#1799=DIRECTION('center_axis',(0.,1.,0.));
#1800=DIRECTION('ref_axis',(-1.,0.,0.));
#1801=DIRECTION('',(-1.,0.,0.));
#1802=DIRECTION('',(-1.,0.,0.));
#1803=DIRECTION('',(0.,0.,1.));
#1804=DIRECTION('center_axis',(1.,0.,0.));
#1805=DIRECTION('ref_axis',(0.,1.,0.));
#1806=DIRECTION('',(0.,1.,0.));
#1807=DIRECTION('',(0.,1.,0.));
#1808=DIRECTION('',(0.,0.,1.));
#1809=DIRECTION('center_axis',(0.,-1.,0.));
#1810=DIRECTION('ref_axis',(1.,0.,0.));
#1811=DIRECTION('',(1.,0.,0.));
#1812=DIRECTION('',(1.,0.,0.));
#1813=DIRECTION('center_axis',(0.,0.,1.));
#1814=DIRECTION('ref_axis',(1.,0.,0.));
#1815=DIRECTION('center_axis',(0.,0.,1.));
#1816=DIRECTION('ref_axis',(1.,0.,0.));
#1817=DIRECTION('center_axis',(0.,0.,-1.));
#1818=DIRECTION('ref_axis',(-1.,0.,0.));
#1819=DIRECTION('center_axis',(0.,0.,-1.));
#1820=DIRECTION('ref_axis',(-1.,0.,0.));
#1821=DIRECTION('',(0.,0.,-1.));
#1822=DIRECTION('center_axis',(0.,0.,-1.));
#1823=DIRECTION('ref_axis',(-1.,0.,0.));
#1824=DIRECTION('center_axis',(0.,0.,1.));
#1825=DIRECTION('ref_axis',(-1.,0.,0.));
#1826=DIRECTION('center_axis',(0.,0.,1.));
#1827=DIRECTION('ref_axis',(1.,0.,0.));
#1828=DIRECTION('center_axis',(0.,0.,1.));
#1829=DIRECTION('ref_axis',(1.,0.,0.));
#1830=DIRECTION('',(0.,0.,1.));
#1831=DIRECTION('center_axis',(0.,0.,1.));
#1832=DIRECTION('ref_axis',(1.,0.,0.));
#1833=DIRECTION('center_axis',(0.,0.,-1.));
#1834=DIRECTION('ref_axis',(1.,0.,0.));
#1835=DIRECTION('center_axis',(0.,1.,0.));
#1836=DIRECTION('ref_axis',(-1.,0.,0.));
#1837=DIRECTION('',(1.,0.,0.));
#1838=DIRECTION('',(0.,0.,1.));
#1839=DIRECTION('',(-1.,0.,0.));
#1840=DIRECTION('',(0.,0.,1.));
#1841=DIRECTION('center_axis',(1.,0.,0.));
#1842=DIRECTION('ref_axis',(0.,1.,0.));
#1843=DIRECTION('',(0.,-1.,0.));
#1844=DIRECTION('',(0.,1.,0.));
#1845=DIRECTION('',(0.,0.,1.));
#1846=DIRECTION('center_axis',(0.,-1.,0.));
#1847=DIRECTION('ref_axis',(1.,0.,0.));
#1848=DIRECTION('',(-1.,0.,0.));
#1849=DIRECTION('',(1.,0.,0.));
#1850=DIRECTION('',(0.,0.,1.));
#1851=DIRECTION('center_axis',(-1.,0.,0.));
#1852=DIRECTION('ref_axis',(0.,-1.,0.));
#1853=DIRECTION('',(0.,1.,0.));
#1854=DIRECTION('',(0.,-1.,0.));
#1855=DIRECTION('center_axis',(0.,0.,1.));
#1856=DIRECTION('ref_axis',(1.,0.,0.));
#1857=DIRECTION('center_axis',(0.,0.,1.));
#1858=DIRECTION('ref_axis',(1.,0.,0.));
#1859=DIRECTION('center_axis',(-1.,0.,0.));
#1860=DIRECTION('ref_axis',(0.,1.,0.));
#1861=DIRECTION('center_axis',(-1.,0.,0.));
#1862=DIRECTION('ref_axis',(0.,1.,0.));
#1863=DIRECTION('',(-1.,0.,0.));
#1864=DIRECTION('center_axis',(1.,0.,0.));
#1865=DIRECTION('ref_axis',(0.,1.,0.));
#1866=DIRECTION('center_axis',(0.,-1.,0.));
#1867=DIRECTION('ref_axis',(1.,0.,0.));
#1868=DIRECTION('',(1.,0.,0.));
#1869=DIRECTION('',(0.,0.,1.));
#1870=DIRECTION('',(1.,0.,0.));
#1871=DIRECTION('',(0.,0.,1.));
#1872=DIRECTION('center_axis',(-1.,0.,0.));
#1873=DIRECTION('ref_axis',(0.,-1.,0.));
#1874=DIRECTION('',(0.,-1.,0.));
#1875=DIRECTION('',(0.,-1.,0.));
#1876=DIRECTION('',(0.,0.,1.));
#1877=DIRECTION('center_axis',(0.,1.,0.));
#1878=DIRECTION('ref_axis',(-1.,0.,0.));
#1879=DIRECTION('',(-1.,0.,0.));
#1880=DIRECTION('',(-1.,0.,0.));
#1881=DIRECTION('',(0.,0.,1.));
#1882=DIRECTION('center_axis',(1.,0.,0.));
#1883=DIRECTION('ref_axis',(0.,1.,0.));
#1884=DIRECTION('',(0.,1.,0.));
#1885=DIRECTION('',(0.,1.,0.));
#1886=DIRECTION('center_axis',(0.,0.,1.));
#1887=DIRECTION('ref_axis',(1.,0.,0.));
#1888=DIRECTION('center_axis',(0.,0.,1.));
#1889=DIRECTION('ref_axis',(1.,0.,0.));
#1890=DIRECTION('center_axis',(1.,0.,0.));
#1891=DIRECTION('ref_axis',(0.,-1.,0.));
#1892=DIRECTION('center_axis',(1.,0.,0.));
#1893=DIRECTION('ref_axis',(0.,-1.,0.));
#1894=DIRECTION('',(1.,0.,0.));
#1895=DIRECTION('center_axis',(1.,0.,0.));
#1896=DIRECTION('ref_axis',(0.,-1.,0.));
#1897=DIRECTION('center_axis',(-1.,0.,0.));
#1898=DIRECTION('ref_axis',(0.,-1.,0.));
#1899=DIRECTION('center_axis',(1.,0.,0.));
#1900=DIRECTION('ref_axis',(0.,-1.,0.));
#1901=DIRECTION('center_axis',(1.,0.,0.));
#1902=DIRECTION('ref_axis',(0.,-1.,0.));
#1903=DIRECTION('',(1.,0.,0.));
#1904=DIRECTION('center_axis',(1.,0.,0.));
#1905=DIRECTION('ref_axis',(0.,-1.,0.));
#1906=DIRECTION('center_axis',(-1.,0.,0.));
#1907=DIRECTION('ref_axis',(0.,-1.,0.));
#1908=DIRECTION('center_axis',(1.,0.,0.));
#1909=DIRECTION('ref_axis',(0.,1.,0.));
#1910=DIRECTION('',(0.,-1.,0.));
#1911=DIRECTION('',(0.,0.,1.));
#1912=DIRECTION('',(0.,1.,0.));
#1913=DIRECTION('',(0.,0.,1.));
#1914=DIRECTION('center_axis',(-1.,0.,0.));
#1915=DIRECTION('ref_axis',(0.,-1.,0.));
#1916=DIRECTION('',(0.,1.,0.));
#1917=DIRECTION('',(0.,0.,1.));
#1918=DIRECTION('',(0.,-1.,0.));
#1919=DIRECTION('',(0.,0.,1.));
#1920=DIRECTION('center_axis',(0.,0.,-1.));
#1921=DIRECTION('ref_axis',(-1.,0.,0.));
#1922=DIRECTION('center_axis',(0.,0.,-1.));
#1923=DIRECTION('ref_axis',(-1.,0.,0.));
#1924=DIRECTION('',(0.,0.,-1.));
#1925=DIRECTION('center_axis',(0.,0.,1.));
#1926=DIRECTION('ref_axis',(-1.,0.,0.));
#1927=DIRECTION('center_axis',(0.,0.,-1.));
#1928=DIRECTION('ref_axis',(-1.,0.,0.));
#1929=DIRECTION('center_axis',(0.,0.,-1.));
#1930=DIRECTION('ref_axis',(-1.,0.,0.));
#1931=DIRECTION('',(0.,0.,-1.));
#1932=DIRECTION('center_axis',(0.,0.,1.));
#1933=DIRECTION('ref_axis',(-1.,0.,0.));
#1934=DIRECTION('center_axis',(0.,0.,-1.));
#1935=DIRECTION('ref_axis',(-1.,0.,0.));
#1936=DIRECTION('center_axis',(0.,0.,-1.));
#1937=DIRECTION('ref_axis',(-1.,0.,0.));
#1938=DIRECTION('',(0.,0.,-1.));
#1939=DIRECTION('center_axis',(0.,0.,1.));
#1940=DIRECTION('ref_axis',(-1.,0.,0.));
#1941=DIRECTION('center_axis',(0.,0.,-1.));
#1942=DIRECTION('ref_axis',(-1.,0.,0.));
#1943=DIRECTION('center_axis',(0.,0.,-1.));
#1944=DIRECTION('ref_axis',(-1.,0.,0.));
#1945=DIRECTION('',(0.,0.,-1.));
#1946=DIRECTION('center_axis',(0.,0.,1.));
#1947=DIRECTION('ref_axis',(-1.,0.,0.));
#1948=DIRECTION('center_axis',(0.,-1.,0.));
#1949=DIRECTION('ref_axis',(1.,0.,0.));
#1950=DIRECTION('',(-1.,0.,0.));
#1951=DIRECTION('',(1.,0.,0.));
#1952=DIRECTION('center_axis',(0.,0.,1.));
#1953=DIRECTION('ref_axis',(1.,0.,0.));
#1954=DIRECTION('',(-1.,0.,0.));
#1955=DIRECTION('center_axis',(0.,1.,0.));
#1956=DIRECTION('ref_axis',(-1.,0.,0.));
#1957=DIRECTION('',(1.,0.,0.));
#1958=DIRECTION('center_axis',(0.,0.,1.));
#1959=DIRECTION('ref_axis',(-1.,0.,0.));
#1960=DIRECTION('center_axis',(0.,0.,1.));
#1961=DIRECTION('ref_axis',(1.,0.,0.));
#1962=DIRECTION('',(1.,0.,0.));
#1963=DIRECTION('',(0.,1.,0.));
#1964=DIRECTION('',(1.,0.,0.));
#1965=DIRECTION('',(0.,1.,0.));
#1966=DIRECTION('center_axis',(1.,0.,0.));
#1967=DIRECTION('ref_axis',(0.,0.,-1.));
#1968=DIRECTION('',(0.,0.,-1.));
#1969=DIRECTION('',(0.,0.,-1.));
#1970=DIRECTION('',(0.,1.,0.));
#1971=DIRECTION('center_axis',(0.,0.,-1.));
#1972=DIRECTION('ref_axis',(-1.,0.,0.));
#1973=DIRECTION('',(-1.,0.,0.));
#1974=DIRECTION('',(-1.,0.,0.));
#1975=DIRECTION('',(0.,1.,0.));
#1976=DIRECTION('center_axis',(-1.,0.,0.));
#1977=DIRECTION('ref_axis',(0.,0.,1.));
#1978=DIRECTION('',(0.,0.,1.));
#1979=DIRECTION('',(0.,0.,1.));
#1980=DIRECTION('center_axis',(0.,1.,0.));
#1981=DIRECTION('ref_axis',(0.,0.,1.));
#1982=DIRECTION('center_axis',(1.,0.,0.));
#1983=DIRECTION('ref_axis',(0.,-1.,0.));
#1984=DIRECTION('',(0.,-1.,0.));
#1985=DIRECTION('',(0.,0.,-1.));
#1986=DIRECTION('',(0.,-1.,0.));
#1987=DIRECTION('',(0.,0.,-1.));
#1988=DIRECTION('center_axis',(0.,1.,0.));
#1989=DIRECTION('ref_axis',(1.,0.,0.));
#1990=DIRECTION('',(1.,0.,0.));
#1991=DIRECTION('',(1.,0.,0.));
#1992=DIRECTION('',(0.,0.,-1.));
#1993=DIRECTION('center_axis',(-1.,0.,0.));
#1994=DIRECTION('ref_axis',(0.,1.,0.));
#1995=DIRECTION('',(0.,1.,0.));
#1996=DIRECTION('',(0.,1.,0.));
#1997=DIRECTION('',(0.,0.,-1.));
#1998=DIRECTION('center_axis',(0.,-1.,0.));
#1999=DIRECTION('ref_axis',(-1.,0.,0.));
#2000=DIRECTION('',(-1.,0.,0.));
#2001=DIRECTION('',(-1.,0.,0.));
#2002=DIRECTION('center_axis',(0.,0.,1.));
#2003=DIRECTION('ref_axis',(1.,0.,0.));
#2004=DIRECTION('center_axis',(0.,0.,-1.));
#2005=DIRECTION('ref_axis',(-1.,0.,0.));
#2006=CARTESIAN_POINT('',(0.,0.,0.));
#2007=CARTESIAN_POINT('Origin',(-110.,15.0000002235174,5.00000007450581));
#2008=CARTESIAN_POINT('',(-110.,17.8350002235174,5.00000007450581));
#2009=CARTESIAN_POINT('Origin',(-110.,15.0000002235174,5.00000007450581));
#2010=CARTESIAN_POINT('',(-95.,17.8350002235174,5.00000007450581));
#2011=CARTESIAN_POINT('',(-110.,17.8350002235174,5.00000007450581));
#2012=CARTESIAN_POINT('Origin',(-95.,15.0000002235174,5.00000007450581));
#2013=CARTESIAN_POINT('Origin',(-95.,15.0000002235174,5.00000007450581));
#2014=CARTESIAN_POINT('Origin',(-110.,75.0000011175871,5.00000007450581));
#2015=CARTESIAN_POINT('',(-110.,77.8350011175871,5.00000007450581));
#2016=CARTESIAN_POINT('Origin',(-110.,75.0000011175871,5.00000007450581));
#2017=CARTESIAN_POINT('',(-95.,77.8350011175871,5.00000007450581));
#2018=CARTESIAN_POINT('',(-110.,77.8350011175871,5.00000007450581));
#2019=CARTESIAN_POINT('Origin',(-95.,75.0000011175871,5.00000007450581));
#2020=CARTESIAN_POINT('Origin',(-95.,75.0000011175871,5.00000007450581));
#2021=CARTESIAN_POINT('Origin',(-77.866633799041,51.7141063793276,0.));
#2022=CARTESIAN_POINT('',(-77.866633799041,51.7141063793276,0.));
#2023=CARTESIAN_POINT('',(-77.866633799041,38.9734141306005,0.));
#2024=CARTESIAN_POINT('',(-77.866633799041,51.7141063793276,0.));
#2025=CARTESIAN_POINT('',(-77.866633799041,38.9734141306005,10.));
#2026=CARTESIAN_POINT('',(-77.866633799041,38.9734141306005,0.));
#2027=CARTESIAN_POINT('',(-77.866633799041,51.7141063793276,10.));
#2028=CARTESIAN_POINT('',(-77.866633799041,51.7141063793276,10.));
#2029=CARTESIAN_POINT('',(-77.866633799041,51.7141063793276,0.));
#2030=CARTESIAN_POINT('Origin',(-110.,38.9734141306005,0.));
#2031=CARTESIAN_POINT('',(-110.,1.23259516440783E-31,0.));
#2032=CARTESIAN_POINT('',(-110.,38.9734141306005,0.));
#2033=CARTESIAN_POINT('',(-110.,1.23259516440783E-31,0.));
#2034=CARTESIAN_POINT('',(-110.,0.,10.));
#2035=CARTESIAN_POINT('',(-110.,1.23259516440783E-31,0.));
#2036=CARTESIAN_POINT('',(-110.,38.9734141306005,10.));
#2037=CARTESIAN_POINT('',(-110.,1.23259516440783E-31,10.));
#2038=CARTESIAN_POINT('',(-110.,38.9734141306005,0.));
#2039=CARTESIAN_POINT('Origin',(-110.,1.23259516440783E-31,0.));
#2040=CARTESIAN_POINT('',(0.,0.,0.));
#2041=CARTESIAN_POINT('',(0.,0.,0.));
#2042=CARTESIAN_POINT('',(0.,0.,10.));
#2043=CARTESIAN_POINT('',(0.,0.,0.));
#2044=CARTESIAN_POINT('',(0.,0.,10.));
#2045=CARTESIAN_POINT('Origin',(0.,0.,0.));
#2046=CARTESIAN_POINT('',(0.,90.,0.));
#2047=CARTESIAN_POINT('',(0.,90.,0.));
#2048=CARTESIAN_POINT('',(0.,90.,10.));
#2049=CARTESIAN_POINT('',(0.,90.,0.));
#2050=CARTESIAN_POINT('',(0.,90.,10.));
#2051=CARTESIAN_POINT('Origin',(0.,90.,0.));
#2052=CARTESIAN_POINT('',(-110.,90.,0.));
#2053=CARTESIAN_POINT('',(-110.,90.,0.));
#2054=CARTESIAN_POINT('',(-110.,90.,10.));
#2055=CARTESIAN_POINT('',(-110.,90.,0.));
#2056=CARTESIAN_POINT('',(-110.,90.,10.));
#2057=CARTESIAN_POINT('Origin',(-110.,90.,0.));
#2058=CARTESIAN_POINT('',(-110.,51.7141063793276,0.));
#2059=CARTESIAN_POINT('',(-110.,1.23259516440783E-31,0.));
#2060=CARTESIAN_POINT('',(-110.,51.7141063793276,10.));
#2061=CARTESIAN_POINT('',(-110.,51.7141063793276,0.));
#2062=CARTESIAN_POINT('',(-110.,1.23259516440783E-31,10.));
#2063=CARTESIAN_POINT('Origin',(-107.499997597188,87.4999980442226,0.));
#2064=CARTESIAN_POINT('',(-108.949997597188,87.4999980442226,0.));
#2065=CARTESIAN_POINT('Origin',(-107.499997597188,87.4999980442226,0.));
#2066=CARTESIAN_POINT('',(-108.949997597188,87.4999980442226,10.));
#2067=CARTESIAN_POINT('',(-108.949997597188,87.4999980442226,0.));
#2068=CARTESIAN_POINT('Origin',(-107.499997597188,87.4999980442226,10.));
#2069=CARTESIAN_POINT('Origin',(-107.500001601875,2.5000000372529,0.));
#2070=CARTESIAN_POINT('',(-108.950001601875,2.5000000372529,0.));
#2071=CARTESIAN_POINT('Origin',(-107.500001601875,2.5000000372529,0.));
#2072=CARTESIAN_POINT('',(-108.950001601875,2.5000000372529,10.));
#2073=CARTESIAN_POINT('',(-108.950001601875,2.5000000372529,0.));
#2074=CARTESIAN_POINT('Origin',(-107.500001601875,2.5000000372529,10.));
#2075=CARTESIAN_POINT('Origin',(-2.5000000372529,87.5000013038516,0.));
#2076=CARTESIAN_POINT('',(-3.9500000372529,87.5000013038516,0.));
#2077=CARTESIAN_POINT('Origin',(-2.5000000372529,87.5000013038516,0.));
#2078=CARTESIAN_POINT('',(-3.9500000372529,87.5000013038516,10.));
#2079=CARTESIAN_POINT('',(-3.9500000372529,87.5000013038516,0.));
#2080=CARTESIAN_POINT('Origin',(-2.5000000372529,87.5000013038516,10.));
#2081=CARTESIAN_POINT('Origin',(-2.5000000372529,2.5000000372529,0.));
#2082=CARTESIAN_POINT('',(-3.9500000372529,2.5000000372529,0.));
#2083=CARTESIAN_POINT('Origin',(-2.5000000372529,2.5000000372529,0.));
#2084=CARTESIAN_POINT('',(-3.9500000372529,2.5000000372529,10.));
#2085=CARTESIAN_POINT('',(-3.9500000372529,2.5000000372529,0.));
#2086=CARTESIAN_POINT('Origin',(-2.5000000372529,2.5000000372529,10.));
#2087=CARTESIAN_POINT('Origin',(-110.,51.7141063793276,0.));
#2088=CARTESIAN_POINT('',(-110.,51.7141063793276,0.));
#2089=CARTESIAN_POINT('',(-110.,51.7141063793276,10.));
#2090=CARTESIAN_POINT('Origin',(-55.,45.,10.));
#2091=CARTESIAN_POINT('',(-77.866633799041,38.9734141306005,10.));
#2092=CARTESIAN_POINT('Origin',(-77.866633799041,38.9734141306005,0.));
#2093=CARTESIAN_POINT('',(-77.866633799041,38.9734141306005,0.));
#2094=CARTESIAN_POINT('Origin',(-55.,45.,0.));
#2095=CARTESIAN_POINT('Origin',(-2.5000000372529,2.5000000372529,55.));
#2096=CARTESIAN_POINT('',(-1.0500000372529,2.5000000372529,47.));
#2097=CARTESIAN_POINT('Origin',(-2.5000000372529,2.5000000372529,47.));
#2098=CARTESIAN_POINT('',(-1.0500000372529,2.5000000372529,36.));
#2099=CARTESIAN_POINT('',(-1.0500000372529,2.5000000372529,55.));
#2100=CARTESIAN_POINT('Origin',(-2.5000000372529,2.5000000372529,36.));
#2101=CARTESIAN_POINT('Origin',(-2.5000000372529,2.5000000372529,36.));
#2102=CARTESIAN_POINT('Origin',(-2.5000000372529,2.5000000372529,0.));
#2103=CARTESIAN_POINT('',(-3.9500000372529,2.5000000372529,0.));
#2104=CARTESIAN_POINT('Origin',(-2.5000000372529,2.5000000372529,0.));
#2105=CARTESIAN_POINT('',(-3.9500000372529,2.5000000372529,19.));
#2106=CARTESIAN_POINT('',(-3.9500000372529,2.5000000372529,0.));
#2107=CARTESIAN_POINT('Origin',(-2.5000000372529,2.5000000372529,19.));
#2108=CARTESIAN_POINT('Origin',(-2.5000000372529,2.5000000372529,19.));
#2109=CARTESIAN_POINT('Origin',(-5.00000007450581,0.,0.));
#2110=CARTESIAN_POINT('',(0.,0.,0.));
#2111=CARTESIAN_POINT('',(-5.00000007450581,0.,0.));
#2112=CARTESIAN_POINT('',(0.,0.,0.));
#2113=CARTESIAN_POINT('',(0.,0.,47.));
#2114=CARTESIAN_POINT('',(0.,0.,0.));
#2115=CARTESIAN_POINT('',(-5.00000007450581,0.,47.));
#2116=CARTESIAN_POINT('',(0.,0.,47.));
#2117=CARTESIAN_POINT('',(-5.00000007450581,0.,0.));
#2118=CARTESIAN_POINT('Origin',(-5.00000007450581,5.00000007450581,0.));
#2119=CARTESIAN_POINT('',(-5.00000007450581,5.00000007450581,0.));
#2120=CARTESIAN_POINT('',(-5.00000007450581,0.,0.));
#2121=CARTESIAN_POINT('',(-5.00000007450581,5.00000007450581,47.));
#2122=CARTESIAN_POINT('',(-5.00000007450581,0.,47.));
#2123=CARTESIAN_POINT('',(-5.00000007450581,5.00000007450581,0.));
#2124=CARTESIAN_POINT('Origin',(0.,5.00000007450581,0.));
#2125=CARTESIAN_POINT('',(0.,5.00000007450581,0.));
#2126=CARTESIAN_POINT('',(-5.00000007450581,5.00000007450581,0.));
#2127=CARTESIAN_POINT('',(0.,5.00000007450581,47.));
#2128=CARTESIAN_POINT('',(-5.00000007450581,5.00000007450581,47.));
#2129=CARTESIAN_POINT('',(0.,5.00000007450581,0.));
#2130=CARTESIAN_POINT('Origin',(0.,0.,0.));
#2131=CARTESIAN_POINT('',(0.,5.00000007450581,0.));
#2132=CARTESIAN_POINT('',(0.,5.00000007450581,47.));
#2133=CARTESIAN_POINT('Origin',(-2.5000000372529,2.5000000372529,47.));
#2134=CARTESIAN_POINT('Origin',(-2.5000000372529,2.5000000372529,0.));
#2135=CARTESIAN_POINT('Origin',(-2.5000000372529,87.5000013038516,55.));
#2136=CARTESIAN_POINT('',(-1.0500000372529,87.5000013038516,47.));
#2137=CARTESIAN_POINT('Origin',(-2.5000000372529,87.5000013038516,47.));
#2138=CARTESIAN_POINT('',(-1.0500000372529,87.5000013038516,36.));
#2139=CARTESIAN_POINT('',(-1.0500000372529,87.5000013038516,55.));
#2140=CARTESIAN_POINT('Origin',(-2.5000000372529,87.5000013038516,36.));
#2141=CARTESIAN_POINT('Origin',(-2.5000000372529,87.5000013038516,36.));
#2142=CARTESIAN_POINT('Origin',(-2.5000000372529,87.5000013038516,0.));
#2143=CARTESIAN_POINT('',(-3.9500000372529,87.5000013038516,0.));
#2144=CARTESIAN_POINT('Origin',(-2.5000000372529,87.5000013038516,0.));
#2145=CARTESIAN_POINT('',(-3.9500000372529,87.5000013038516,19.));
#2146=CARTESIAN_POINT('',(-3.9500000372529,87.5000013038516,0.));
#2147=CARTESIAN_POINT('Origin',(-2.5000000372529,87.5000013038516,19.));
#2148=CARTESIAN_POINT('Origin',(-2.5000000372529,87.5000013038516,19.));
#2149=CARTESIAN_POINT('Origin',(-5.00000007450581,90.0000013411045,0.));
#2150=CARTESIAN_POINT('',(-5.00000007450581,90.0000013411045,0.));
#2151=CARTESIAN_POINT('',(-5.00000007450581,85.0000012665987,0.));
#2152=CARTESIAN_POINT('',(-5.00000007450581,90.0000013411045,0.));
#2153=CARTESIAN_POINT('',(-5.00000007450581,85.0000012665987,47.));
#2154=CARTESIAN_POINT('',(-5.00000007450581,85.0000012665987,0.));
#2155=CARTESIAN_POINT('',(-5.00000007450581,90.0000013411045,47.));
#2156=CARTESIAN_POINT('',(-5.00000007450581,90.0000013411045,47.));
#2157=CARTESIAN_POINT('',(-5.00000007450581,90.0000013411045,0.));
#2158=CARTESIAN_POINT('Origin',(0.,90.0000013411045,0.));
#2159=CARTESIAN_POINT('',(0.,90.0000013411045,0.));
#2160=CARTESIAN_POINT('',(0.,90.0000013411045,0.));
#2161=CARTESIAN_POINT('',(0.,90.0000013411045,47.));
#2162=CARTESIAN_POINT('',(0.,90.0000013411045,47.));
#2163=CARTESIAN_POINT('',(0.,90.0000013411045,0.));
#2164=CARTESIAN_POINT('Origin',(0.,85.0000012665987,0.));
#2165=CARTESIAN_POINT('',(0.,85.0000012665987,0.));
#2166=CARTESIAN_POINT('',(0.,85.0000012665987,0.));
#2167=CARTESIAN_POINT('',(0.,85.0000012665987,47.));
#2168=CARTESIAN_POINT('',(0.,85.0000012665987,47.));
#2169=CARTESIAN_POINT('',(0.,85.0000012665987,0.));
#2170=CARTESIAN_POINT('Origin',(-5.00000007450581,85.0000012665987,0.));
#2171=CARTESIAN_POINT('',(-5.00000007450581,85.0000012665987,0.));
#2172=CARTESIAN_POINT('',(-5.00000007450581,85.0000012665987,47.));
#2173=CARTESIAN_POINT('Origin',(-2.5000000372529,87.5000013038516,47.));
#2174=CARTESIAN_POINT('Origin',(-2.5000000372529,87.5000013038516,0.));
#2175=CARTESIAN_POINT('Origin',(-107.500001601875,2.5000000372529,55.));
#2176=CARTESIAN_POINT('',(-106.050001601875,2.5000000372529,47.));
#2177=CARTESIAN_POINT('Origin',(-107.500001601875,2.5000000372529,47.));
#2178=CARTESIAN_POINT('',(-106.050001601875,2.5000000372529,36.));
#2179=CARTESIAN_POINT('',(-106.050001601875,2.5000000372529,55.));
#2180=CARTESIAN_POINT('Origin',(-107.500001601875,2.5000000372529,36.));
#2181=CARTESIAN_POINT('Origin',(-107.500001601875,2.5000000372529,36.));
#2182=CARTESIAN_POINT('Origin',(-107.500001601875,2.5000000372529,0.));
#2183=CARTESIAN_POINT('',(-108.950001601875,2.5000000372529,0.));
#2184=CARTESIAN_POINT('Origin',(-107.500001601875,2.5000000372529,0.));
#2185=CARTESIAN_POINT('',(-108.950001601875,2.5000000372529,19.));
#2186=CARTESIAN_POINT('',(-108.950001601875,2.5000000372529,0.));
#2187=CARTESIAN_POINT('Origin',(-107.500001601875,2.5000000372529,19.));
#2188=CARTESIAN_POINT('Origin',(-107.500001601875,2.5000000372529,19.));
#2189=CARTESIAN_POINT('Origin',(-110.000001639128,5.00000007450581,0.));
#2190=CARTESIAN_POINT('',(-110.000001639128,5.00000007450581,0.));
#2191=CARTESIAN_POINT('',(-110.000001639128,0.,0.));
#2192=CARTESIAN_POINT('',(-110.000001639128,5.00000007450581,0.));
#2193=CARTESIAN_POINT('',(-110.000001639128,0.,47.));
#2194=CARTESIAN_POINT('',(-110.000001639128,0.,0.));
#2195=CARTESIAN_POINT('',(-110.000001639128,5.00000007450581,47.));
#2196=CARTESIAN_POINT('',(-110.000001639128,5.00000007450581,47.));
#2197=CARTESIAN_POINT('',(-110.000001639128,5.00000007450581,0.));
#2198=CARTESIAN_POINT('Origin',(-105.000001564622,5.00000007450581,0.));
#2199=CARTESIAN_POINT('',(-105.000001564622,5.00000007450581,0.));
#2200=CARTESIAN_POINT('',(-105.000001564622,5.00000007450581,0.));
#2201=CARTESIAN_POINT('',(-105.000001564622,5.00000007450581,47.));
#2202=CARTESIAN_POINT('',(-105.000001564622,5.00000007450581,47.));
#2203=CARTESIAN_POINT('',(-105.000001564622,5.00000007450581,0.));
#2204=CARTESIAN_POINT('Origin',(-105.000001564622,0.,0.));
#2205=CARTESIAN_POINT('',(-105.000001564622,0.,0.));
#2206=CARTESIAN_POINT('',(-105.000001564622,0.,0.));
#2207=CARTESIAN_POINT('',(-105.000001564622,0.,47.));
#2208=CARTESIAN_POINT('',(-105.000001564622,0.,47.));
#2209=CARTESIAN_POINT('',(-105.000001564622,0.,0.));
#2210=CARTESIAN_POINT('Origin',(-110.000001639128,0.,0.));
#2211=CARTESIAN_POINT('',(-110.000001639128,0.,0.));
#2212=CARTESIAN_POINT('',(-110.000001639128,0.,47.));
#2213=CARTESIAN_POINT('Origin',(-107.500001601875,2.5000000372529,47.));
#2214=CARTESIAN_POINT('Origin',(-107.500001601875,2.5000000372529,0.));
#2215=CARTESIAN_POINT('Origin',(-107.500001601875,87.5000013038516,55.));
#2216=CARTESIAN_POINT('',(-106.050001601875,87.5000013038516,47.));
#2217=CARTESIAN_POINT('Origin',(-107.500001601875,87.5000013038516,47.));
#2218=CARTESIAN_POINT('',(-106.050001601875,87.5000013038516,36.));
#2219=CARTESIAN_POINT('',(-106.050001601875,87.5000013038516,55.));
#2220=CARTESIAN_POINT('Origin',(-107.500001601875,87.5000013038516,36.));
#2221=CARTESIAN_POINT('Origin',(-107.500001601875,87.5000013038516,36.));
#2222=CARTESIAN_POINT('Origin',(-107.499997597188,87.4999980442226,0.));
#2223=CARTESIAN_POINT('',(-108.949997597188,87.4999980442226,0.));
#2224=CARTESIAN_POINT('Origin',(-107.499997597188,87.4999980442226,0.));
#2225=CARTESIAN_POINT('',(-108.949997597188,87.4999980442226,19.));
#2226=CARTESIAN_POINT('',(-108.949997597188,87.4999980442226,0.));
#2227=CARTESIAN_POINT('Origin',(-107.499997597188,87.4999980442226,19.));
#2228=CARTESIAN_POINT('Origin',(-107.499997597188,87.4999980442226,19.));
#2229=CARTESIAN_POINT('Origin',(-105.000001564622,90.0000013411045,0.));
#2230=CARTESIAN_POINT('',(-110.000001639128,90.0000013411045,0.));
#2231=CARTESIAN_POINT('',(-105.000001564622,90.0000013411045,0.));
#2232=CARTESIAN_POINT('',(-110.000001639128,90.0000013411045,0.));
#2233=CARTESIAN_POINT('',(-110.000001639128,90.0000013411045,47.));
#2234=CARTESIAN_POINT('',(-110.000001639128,90.0000013411045,0.));
#2235=CARTESIAN_POINT('',(-105.000001564622,90.0000013411045,47.));
#2236=CARTESIAN_POINT('',(-110.000001639128,90.0000013411045,47.));
#2237=CARTESIAN_POINT('',(-105.000001564622,90.0000013411045,0.));
#2238=CARTESIAN_POINT('Origin',(-105.000001564622,85.0000012665987,0.));
#2239=CARTESIAN_POINT('',(-105.000001564622,85.0000012665987,0.));
#2240=CARTESIAN_POINT('',(-105.000001564622,90.0000013411045,0.));
#2241=CARTESIAN_POINT('',(-105.000001564622,85.0000012665987,47.));
#2242=CARTESIAN_POINT('',(-105.000001564622,90.0000013411045,47.));
#2243=CARTESIAN_POINT('',(-105.000001564622,85.0000012665987,0.));
#2244=CARTESIAN_POINT('Origin',(-110.000001639128,85.0000012665987,0.));
#2245=CARTESIAN_POINT('',(-110.000001639128,85.0000012665987,0.));
#2246=CARTESIAN_POINT('',(-105.000001564622,85.0000012665987,0.));
#2247=CARTESIAN_POINT('',(-110.000001639128,85.0000012665987,47.));
#2248=CARTESIAN_POINT('',(-105.000001564622,85.0000012665987,47.));
#2249=CARTESIAN_POINT('',(-110.000001639128,85.0000012665987,0.));
#2250=CARTESIAN_POINT('Origin',(-110.000001639128,90.0000013411045,0.));
#2251=CARTESIAN_POINT('',(-110.000001639128,85.0000012665987,0.));
#2252=CARTESIAN_POINT('',(-110.000001639128,85.0000012665987,47.));
#2253=CARTESIAN_POINT('Origin',(-107.500001601875,87.5000013038516,47.));
#2254=CARTESIAN_POINT('Origin',(-107.500001601875,87.5000013038516,0.));
#2255=CARTESIAN_POINT('Origin',(0.,51.5000007674098,27.5000004097819));
#2256=CARTESIAN_POINT('',(0.,50.0000007674098,27.5000004097819));
#2257=CARTESIAN_POINT('Origin',(0.,51.5000007674098,27.5000004097819));
#2258=CARTESIAN_POINT('',(-5.00000007450581,50.0000007674098,27.5000004097819));
#2259=CARTESIAN_POINT('',(0.,50.0000007674098,27.5000004097819));
#2260=CARTESIAN_POINT('Origin',(-5.00000007450581,51.5000007674098,27.5000004097819));
#2261=CARTESIAN_POINT('Origin',(-5.00000007450581,34.6329461641237,0.));
#2262=CARTESIAN_POINT('',(-5.00000007450581,34.6329461641237,0.));
#2263=CARTESIAN_POINT('',(0.,34.6329461641237,0.));
#2264=CARTESIAN_POINT('',(-5.00000007450581,34.6329461641237,0.));
#2265=CARTESIAN_POINT('',(0.,34.6329461641237,47.));
#2266=CARTESIAN_POINT('',(0.,34.6329461641237,0.));
#2267=CARTESIAN_POINT('',(-5.00000007450581,34.6329461641237,47.));
#2268=CARTESIAN_POINT('',(-5.00000007450581,34.6329461641237,47.));
#2269=CARTESIAN_POINT('',(-5.00000007450581,34.6329461641237,0.));
#2270=CARTESIAN_POINT('Origin',(-5.00000007450581,56.000000834465,0.));
#2271=CARTESIAN_POINT('',(-5.00000007450581,56.000000834465,0.));
#2272=CARTESIAN_POINT('',(-5.00000007450581,56.000000834465,0.));
#2273=CARTESIAN_POINT('',(-5.00000007450581,56.000000834465,47.));
#2274=CARTESIAN_POINT('',(-5.00000007450581,56.000000834465,47.));
#2275=CARTESIAN_POINT('',(-5.00000007450581,56.000000834465,0.));
#2276=CARTESIAN_POINT('Origin',(0.,56.000000834465,0.));
#2277=CARTESIAN_POINT('',(0.,56.000000834465,0.));
#2278=CARTESIAN_POINT('',(0.,56.000000834465,0.));
#2279=CARTESIAN_POINT('',(0.,56.000000834465,47.));
#2280=CARTESIAN_POINT('',(0.,56.000000834465,47.));
#2281=CARTESIAN_POINT('',(0.,56.000000834465,0.));
#2282=CARTESIAN_POINT('Origin',(0.,34.6329461641237,0.));
#2283=CARTESIAN_POINT('',(0.,34.6329461641237,0.));
#2284=CARTESIAN_POINT('',(0.,34.6329461641237,47.));
#2285=CARTESIAN_POINT('Origin',(-2.5000000372529,45.3164734992944,47.));
#2286=CARTESIAN_POINT('Origin',(-2.5000000372529,45.3164734992944,0.));
#2287=CARTESIAN_POINT('Origin',(-110.000001639128,80.0000013411045,51.00000076));
#2288=CARTESIAN_POINT('',(-110.000001639128,82.8350013411045,51.00000076));
#2289=CARTESIAN_POINT('Origin',(-110.000001639128,80.0000013411045,51.00000076));
#2290=CARTESIAN_POINT('',(-95.000001639128,82.8350013411045,51.00000076));
#2291=CARTESIAN_POINT('',(-110.000001639128,82.8350013411045,51.00000076));
#2292=CARTESIAN_POINT('Origin',(-95.000001639128,80.0000013411045,51.00000076));
#2293=CARTESIAN_POINT('Origin',(-95.000001639128,80.0000013411045,51.00000076));
#2294=CARTESIAN_POINT('Origin',(-110.000001639128,10.,51.00000076));
#2295=CARTESIAN_POINT('',(-110.000001639128,12.835,51.00000076));
#2296=CARTESIAN_POINT('Origin',(-110.000001639128,10.,51.00000076));
#2297=CARTESIAN_POINT('',(-95.000001639128,12.835,51.00000076));
#2298=CARTESIAN_POINT('',(-110.000001639128,12.835,51.00000076));
#2299=CARTESIAN_POINT('Origin',(-95.000001639128,10.,51.00000076));
#2300=CARTESIAN_POINT('Origin',(-95.000001639128,10.,51.00000076));
#2301=CARTESIAN_POINT('Origin',(0.,0.,47.));
#2302=CARTESIAN_POINT('',(0.,90.0000013411045,47.));
#2303=CARTESIAN_POINT('',(0.,0.,47.));
#2304=CARTESIAN_POINT('',(0.,90.0000013411045,47.));
#2305=CARTESIAN_POINT('',(0.,90.0000013411045,55.));
#2306=CARTESIAN_POINT('',(0.,90.0000013411045,47.));
#2307=CARTESIAN_POINT('',(0.,0.,55.));
#2308=CARTESIAN_POINT('',(0.,90.0000013411045,55.));
#2309=CARTESIAN_POINT('',(0.,0.,47.));
#2310=CARTESIAN_POINT('Origin',(-110.000001639128,90.0000013411045,47.));
#2311=CARTESIAN_POINT('',(-110.000001639128,0.,47.));
#2312=CARTESIAN_POINT('',(-110.000001639128,90.0000013411045,47.));
#2313=CARTESIAN_POINT('',(-110.000001639128,0.,47.));
#2314=CARTESIAN_POINT('',(-110.000001639128,0.,55.));
#2315=CARTESIAN_POINT('',(-110.000001639128,0.,47.));
#2316=CARTESIAN_POINT('',(-110.000001639128,90.0000013411045,55.));
#2317=CARTESIAN_POINT('',(-110.000001639128,0.,55.));
#2318=CARTESIAN_POINT('',(-110.000001639128,90.0000013411045,47.));
#2319=CARTESIAN_POINT('Origin',(-2.5000000372529,2.5000000372529,55.));
#2320=CARTESIAN_POINT('',(-1.0500000372529,2.5000000372529,55.));
#2321=CARTESIAN_POINT('Origin',(-2.5000000372529,2.5000000372529,55.));
#2322=CARTESIAN_POINT('',(-1.0500000372529,2.5000000372529,47.));
#2323=CARTESIAN_POINT('',(-1.0500000372529,2.5000000372529,55.));
#2324=CARTESIAN_POINT('Origin',(-2.5000000372529,2.5000000372529,47.));
#2325=CARTESIAN_POINT('Origin',(-107.500001601875,2.5000000372529,55.));
#2326=CARTESIAN_POINT('',(-106.050001601875,2.5000000372529,55.));
#2327=CARTESIAN_POINT('Origin',(-107.500001601875,2.5000000372529,55.));
#2328=CARTESIAN_POINT('',(-106.050001601875,2.5000000372529,47.));
#2329=CARTESIAN_POINT('',(-106.050001601875,2.5000000372529,55.));
#2330=CARTESIAN_POINT('Origin',(-107.500001601875,2.5000000372529,47.));
#2331=CARTESIAN_POINT('Origin',(-2.5000000372529,87.5000013038516,55.));
#2332=CARTESIAN_POINT('',(-1.0500000372529,87.5000013038516,55.));
#2333=CARTESIAN_POINT('Origin',(-2.5000000372529,87.5000013038516,55.));
#2334=CARTESIAN_POINT('',(-1.0500000372529,87.5000013038516,47.));
#2335=CARTESIAN_POINT('',(-1.0500000372529,87.5000013038516,55.));
#2336=CARTESIAN_POINT('Origin',(-2.5000000372529,87.5000013038516,47.));
#2337=CARTESIAN_POINT('Origin',(-107.500001601875,87.5000013038516,55.));
#2338=CARTESIAN_POINT('',(-106.050001601875,87.5000013038516,55.));
#2339=CARTESIAN_POINT('Origin',(-107.500001601875,87.5000013038516,55.));
#2340=CARTESIAN_POINT('',(-106.050001601875,87.5000013038516,47.));
#2341=CARTESIAN_POINT('',(-106.050001601875,87.5000013038516,55.));
#2342=CARTESIAN_POINT('Origin',(-107.500001601875,87.5000013038516,47.));
#2343=CARTESIAN_POINT('Origin',(-110.000001639128,0.,47.));
#2344=CARTESIAN_POINT('',(0.,0.,47.));
#2345=CARTESIAN_POINT('',(0.,0.,55.));
#2346=CARTESIAN_POINT('Origin',(-55.0000008195639,45.0000006705523,55.));
#2347=CARTESIAN_POINT('',(-110.000001639128,90.0000013411045,55.));
#2348=CARTESIAN_POINT('Origin',(0.,90.0000013411045,47.));
#2349=CARTESIAN_POINT('',(-110.000001639128,90.0000013411045,47.));
#2350=CARTESIAN_POINT('Origin',(-55.0000008195639,45.0000006705523,47.));
#2351=CARTESIAN_POINT('Origin',(-74.3064160097771,0.,-0.663404908552347));
#2352=CARTESIAN_POINT('',(-74.3064160097771,4.,-0.663404908552347));
#2353=CARTESIAN_POINT('',(-36.669512661369,4.,-0.663404908552347));
#2354=CARTESIAN_POINT('',(-55.1629815178759,4.,-0.663404908552347));
#2355=CARTESIAN_POINT('',(-74.3064160097771,84.,-0.663404908552347));
#2356=CARTESIAN_POINT('',(-74.3064160097771,0.,-0.663404908552347));
#2357=CARTESIAN_POINT('',(-36.669512661369,84.,-0.663404908552347));
#2358=CARTESIAN_POINT('',(-74.3064160097771,84.,-0.663404908552347));
#2359=CARTESIAN_POINT('',(-36.669512661369,0.,-0.663404908552347));
#2360=CARTESIAN_POINT('Origin',(-36.669512661369,0.,-0.663404908552347));
#2361=CARTESIAN_POINT('',(-36.669512661369,4.,-18.3451715823011));
#2362=CARTESIAN_POINT('',(-36.669512661369,4.,-0.331702454276174));
#2363=CARTESIAN_POINT('',(-36.669512661369,84.,-18.3451715823011));
#2364=CARTESIAN_POINT('',(-36.669512661369,84.,-0.663404908552347));
#2365=CARTESIAN_POINT('',(-36.669512661369,0.,-18.3451715823011));
#2366=CARTESIAN_POINT('Origin',(-36.669512661369,0.,-18.3451715823011));
#2367=CARTESIAN_POINT('',(-74.3064160097771,4.,-18.3451715823011));
#2368=CARTESIAN_POINT('',(-36.3445298436719,4.,-18.3451715823011));
#2369=CARTESIAN_POINT('',(-74.3064160097771,84.,-18.3451715823011));
#2370=CARTESIAN_POINT('',(-36.669512661369,84.,-18.3451715823011));
#2371=CARTESIAN_POINT('',(-74.3064160097771,0.,-18.3451715823011));
#2372=CARTESIAN_POINT('Origin',(-74.3064160097771,0.,-18.3451715823011));
#2373=CARTESIAN_POINT('',(-74.3064160097771,4.,-9.17258579115057));
#2374=CARTESIAN_POINT('',(-74.3064160097771,84.,-18.3451715823011));
#2375=CARTESIAN_POINT('Origin',(-55.4879643355731,84.,-9.50428824542674));
#2376=CARTESIAN_POINT('Origin',(-36.0195470259748,85.,0.));
#2377=CARTESIAN_POINT('',(-36.0195470259748,85.,0.));
#2378=CARTESIAN_POINT('',(-36.0195470259748,4.,0.));
#2379=CARTESIAN_POINT('',(-36.0195470259748,85.,0.));
#2380=CARTESIAN_POINT('',(-36.0195470259748,4.,-19.));
#2381=CARTESIAN_POINT('',(-36.0195470259748,4.,0.));
#2382=CARTESIAN_POINT('',(-36.0195470259748,85.,-19.));
#2383=CARTESIAN_POINT('',(-36.0195470259748,85.,-19.));
#2384=CARTESIAN_POINT('',(-36.0195470259748,85.,0.));
#2385=CARTESIAN_POINT('Origin',(-75.,85.,0.));
#2386=CARTESIAN_POINT('',(-75.,85.,0.));
#2387=CARTESIAN_POINT('',(-75.,85.,0.));
#2388=CARTESIAN_POINT('',(-75.,85.,-19.));
#2389=CARTESIAN_POINT('',(-75.,85.,-19.));
#2390=CARTESIAN_POINT('',(-75.,85.,0.));
#2391=CARTESIAN_POINT('Origin',(-75.,4.,0.));
#2392=CARTESIAN_POINT('',(-75.,4.,0.));
#2393=CARTESIAN_POINT('',(-75.,4.,0.));
#2394=CARTESIAN_POINT('',(-75.,4.,-19.));
#2395=CARTESIAN_POINT('',(-75.,4.,-19.));
#2396=CARTESIAN_POINT('',(-75.,4.,0.));
#2397=CARTESIAN_POINT('Origin',(-36.0195470259748,4.,0.));
#2398=CARTESIAN_POINT('',(-36.0195470259748,4.,0.));
#2399=CARTESIAN_POINT('',(-36.0195470259748,4.,-19.));
#2400=CARTESIAN_POINT('Origin',(-55.5097735129874,44.5,0.));
#2401=CARTESIAN_POINT('Origin',(-55.5097735129874,44.5,-19.));
#2402=UNCERTAINTY_MEASURE_WITH_UNIT(LENGTH_MEASURE(0.01),#2406,
'DISTANCE_ACCURACY_VALUE',
'Maximum model space distance between geometric entities at asserted c
onnectivities');
#2403=UNCERTAINTY_MEASURE_WITH_UNIT(LENGTH_MEASURE(0.01),#2406,
'DISTANCE_ACCURACY_VALUE',
'Maximum model space distance between geometric entities at asserted c
onnectivities');
#2404=(
GEOMETRIC_REPRESENTATION_CONTEXT(3)
GLOBAL_UNCERTAINTY_ASSIGNED_CONTEXT((#2402))
GLOBAL_UNIT_ASSIGNED_CONTEXT((#2406,#2408,#2409))
REPRESENTATION_CONTEXT('','3D')
);
#2405=(
GEOMETRIC_REPRESENTATION_CONTEXT(3)
GLOBAL_UNCERTAINTY_ASSIGNED_CONTEXT((#2403))
GLOBAL_UNIT_ASSIGNED_CONTEXT((#2406,#2408,#2409))
REPRESENTATION_CONTEXT('','3D')
);
#2406=(
LENGTH_UNIT()
NAMED_UNIT(*)
SI_UNIT(.MILLI.,.METRE.)
);
#2407=(
LENGTH_UNIT()
NAMED_UNIT(*)
SI_UNIT($,.METRE.)
);
#2408=(
NAMED_UNIT(*)
PLANE_ANGLE_UNIT()
SI_UNIT($,.RADIAN.)
);
#2409=(
NAMED_UNIT(*)
SI_UNIT($,.STERADIAN.)
SOLID_ANGLE_UNIT()
);
#2410=SHAPE_DEFINITION_REPRESENTATION(#2411,#2412);
#2411=PRODUCT_DEFINITION_SHAPE('',$,#2414);
#2412=SHAPE_REPRESENTATION('',(#1466),#2404);
#2413=PRODUCT_DEFINITION_CONTEXT('part definition',#2418,'design');
#2414=PRODUCT_DEFINITION('WRO Base V2 Diff Bodies',
'WRO Base V2 Diff Bodies snapper',#2415,#2413);
#2415=PRODUCT_DEFINITION_FORMATION('',$,#2420);
#2416=PRODUCT_RELATED_PRODUCT_CATEGORY(
'WRO Base V2 Diff Bodies snapper','WRO Base V2 Diff Bodies snapper',(#2420));
#2417=APPLICATION_PROTOCOL_DEFINITION('international standard',
'automotive_design',2009,#2418);
#2418=APPLICATION_CONTEXT(
'Core Data for Automotive Mechanical Design Process');
#2419=PRODUCT_CONTEXT('part definition',#2418,'mechanical');
#2420=PRODUCT('WRO Base V2 Diff Bodies',
'WRO Base V2 Diff Bodies snapper',$,(#2419));
#2421=PRESENTATION_STYLE_ASSIGNMENT((#2423));
#2422=PRESENTATION_STYLE_ASSIGNMENT((#2424));
#2423=SURFACE_STYLE_USAGE(.BOTH.,#2425);
#2424=SURFACE_STYLE_USAGE(.BOTH.,#2426);
#2425=SURFACE_SIDE_STYLE('',(#2427));
#2426=SURFACE_SIDE_STYLE('',(#2428));
#2427=SURFACE_STYLE_FILL_AREA(#2429);
#2428=SURFACE_STYLE_FILL_AREA(#2430);
#2429=FILL_AREA_STYLE('Steel - Satin',(#2431));
#2430=FILL_AREA_STYLE('Opaque(160,160,160)',(#2432));
#2431=FILL_AREA_STYLE_COLOUR('Steel - Satin',#2433);
#2432=FILL_AREA_STYLE_COLOUR('Opaque(160,160,160)',#2434);
#2433=COLOUR_RGB('Steel - Satin',0.627450980392157,0.627450980392157,0.627450980392157);
#2434=COLOUR_RGB('Opaque(160,160,160)',0.627450980392157,0.627450980392157,
0.627450980392157);
ENDSEC;
END-ISO-10303-21;
